example_id,dataset_version,random_seed,model_version,feature_schema_version,split,fold,user_id,product_id,category_id,shop_id,impression_at,label,label_source,category_affinity,shop_affinity,view_count_30d,favorite_flag,followed_shop_flag,order_count_90d,preferred_price_distance,price_band_match,rating_average_basis_points,rating_confidence,sold_count_log1p,promotion_active,freshness_score,text_relevance,inventory_available,profile_score,sample_weight
dat1-pair-0001,mock-reco-v1,20260902,1,1,heldout,0,dat1,product-008,cat-electronics,shop-12,Mon Jun 08 2026 11:55:00 GMT+0700 (Indochina Time),1,synthetic-preference-rule,1,0.1,5,1,0,1,0.8909,0,456,0.978,7.4265,0,0.5342,0.8,1,100,1
dat1-pair-0002,mock-reco-v1,20260902,1,1,train,1,dat1,product-041,cat-fashion-women,shop-12,Tue Jun 09 2026 08:56:00 GMT+0700 (Indochina Time),0,synthetic-preference-rule,0.2,0.1,2,0,0,1,1,0,409,1,9.2813,1,0.7342,0.4686,1,100,1
dat1-pair-0003,mock-reco-v1,20260902,1,1,train,2,dat1,product-027,cat-home,shop-01,Wed Jun 10 2026 17:53:00 GMT+0700 (Indochina Time),1,synthetic-preference-rule,1,1,5,1,1,1,1,0,467,1,8.5768,0,0.9096,0.8571,1,100,1
dat1-pair-0004,mock-reco-v1,20260902,1,1,train,3,dat1,product-068,cat-beauty,shop-05,Thu Jun 11 2026 14:54:00 GMT+0700 (Indochina Time),0,synthetic-preference-rule,0.2,0.1,2,0,0,0,1,0,458,1,8.4149,0,0.9178,0.5257,1,100,1
dat1-pair-0005,mock-reco-v1,20260902,1,1,train,4,dat1,product-077,cat-sports,shop-03,Fri Jun 12 2026 23:59:00 GMT+0700 (Indochina Time),1,synthetic-preference-rule,0.2,1,5,1,1,1,1,0,442,0.22,9.13,0,0.5178,0.5543,1,100,1
dat1-pair-0006,mock-reco-v1,20260902,1,1,heldout,0,dat1,product-108,cat-pets,shop-04,Sat Jun 13 2026 21:00:00 GMT+0700 (Indochina Time),0,synthetic-preference-rule,0.2,0.1,1,0,0,1,0.0364,1,483,0.229,8.3345,0,0.6685,0.5829,1,100,1
dat1-pair-0007,mock-reco-v1,20260902,1,1,train,1,dat1,product-112,cat-grocery,shop-01,Mon Jun 15 2026 05:57:00 GMT+0700 (Indochina Time),1,synthetic-preference-rule,0.2,1,5,1,1,1,1,0,418,0.174,8.3682,0,0.6329,0.6114,1,100,1
dat1-pair-0008,mock-reco-v1,20260902,1,1,train,2,dat1,product-047,cat-fashion-women,shop-06,Tue Jun 16 2026 02:58:00 GMT+0700 (Indochina Time),0,synthetic-preference-rule,0.2,0.1,2,0,0,0,1,0,439,0.363,6.9285,0,0.7178,0.44,1,100,1
dat1-pair-0009,mock-reco-v1,20260902,1,1,train,3,dat1,product-018,cat-computers,shop-03,Tue Jun 16 2026 12:03:00 GMT+0700 (Indochina Time),1,synthetic-preference-rule,1,1,5,1,1,1,1,0,393,1,9.1428,0,0.6795,0.8286,0,100,1
dat1-pair-0010,mock-reco-v1,20260902,1,1,train,4,dat1,product-074,cat-sports,shop-12,Wed Jun 17 2026 09:04:00 GMT+0700 (Indochina Time),0,synthetic-preference-rule,0.2,0.1,1,1,0,0,1,0,427,1,7.0326,0,0.5096,0.4971,1,100,1
dat1-pair-0011,mock-reco-v1,20260902,1,1,heldout,0,dat1,product-050,cat-fashion-women,shop-10,Thu Jun 18 2026 22:08:00 GMT+0700 (Indochina Time),1,synthetic-preference-rule,0.2,1,4,1,1,1,1,0,490,1,9.3415,0,0.7534,0.5257,1,100,1
dat1-pair-0012,mock-reco-v1,20260902,1,1,train,1,dat1,product-114,cat-grocery,shop-11,Sat Jun 20 2026 01:07:00 GMT+0700 (Indochina Time),0,synthetic-preference-rule,0.2,0.1,2,0,0,0,0.3818,1,470,1,8.9288,0,0.6274,0.5543,1,100,1
dat1-pair-0013,mock-reco-v1,20260902,1,1,train,2,dat1,product-097,cat-books,shop-09,Sun Jun 21 2026 04:06:00 GMT+0700 (Indochina Time),1,synthetic-preference-rule,1,0.1,4,1,0,0,1,0,414,0.77,7.0335,0,0.9836,0.9429,1,100,1
dat1-pair-0014,mock-reco-v1,20260902,1,1,train,3,dat1,product-052,cat-fashion-men,shop-08,Sun Jun 21 2026 07:05:00 GMT+0700 (Indochina Time),0,synthetic-preference-rule,0.2,0.1,1,1,0,0,1,0,415,0.335,8.5966,0,0.8164,0.6114,0,100,1
dat1-pair-0015,mock-reco-v1,20260902,1,1,train,4,dat1,product-009,cat-electronics,shop-05,Mon Jun 22 2026 10:12:00 GMT+0700 (Indochina Time),1,synthetic-preference-rule,1,0.1,4,1,0,0,1,0,405,1,9.0851,0,0.9918,0.8,1,100,1
dat1-pair-0016,mock-reco-v1,20260902,1,1,heldout,0,dat1,product-080,cat-sports,shop-06,Tue Jun 23 2026 13:11:00 GMT+0700 (Indochina Time),0,synthetic-preference-rule,0.2,0.1,2,0,0,0,1,0,457,0.505,8.1371,0,0.9863,0.4686,1,100,1
dat1-pair-0017,mock-reco-v1,20260902,1,1,train,1,dat1,product-028,cat-home,shop-06,Wed Jun 24 2026 16:10:00 GMT+0700 (Indochina Time),1,synthetic-preference-rule,1,0.1,4,1,0,0,0.2,1,378,0.482,8.843,0,0.9068,0.8571,1,100,1
dat1-pair-0018,mock-reco-v1,20260902,1,1,train,2,dat1,product-118,cat-grocery,shop-07,Thu Jun 25 2026 19:09:00 GMT+0700 (Indochina Time),0,synthetic-preference-rule,0.2,0.1,1,1,0,0,0.0545,1,448,0.06,6.9754,0,0.6384,0.5257,1,100,1
dat1-pair-0019,mock-reco-v1,20260902,1,1,train,3,dat1,product-079,cat-sports,shop-01,Fri Jun 26 2026 22:00:00 GMT+0700 (Indochina Time),1,synthetic-preference-rule,0.2,1,4,1,1,0,1,0,494,1,8.5248,0,0.9836,0.5543,1,100,1
dat1-pair-0020,mock-reco-v1,20260902,1,1,train,4,dat1,product-056,cat-fashion-men,shop-04,Sun Jun 28 2026 00:59:00 GMT+0700 (Indochina Time),0,synthetic-preference-rule,0.2,0.1,2,0,0,0,1,0,437,1,9.3834,1,0.8055,0.5829,1,100,1
dat1-pair-0021,mock-reco-v1,20260902,1,1,heldout,0,dat1,product-117,cat-grocery,shop-02,Sun Jun 28 2026 08:11:00 GMT+0700 (Indochina Time),1,synthetic-preference-rule,0.2,1,4,1,1,1,1,0,411,1,9.3458,0,0.6411,0.6114,1,100,1
dat1-pair-0022,mock-reco-v1,20260902,1,1,train,1,dat1,product-083,cat-mother-baby,shop-09,Tue Jun 30 2026 05:12:00 GMT+0700 (Indochina Time),0,synthetic-preference-rule,0.2,0.1,1,1,0,0,1,0,371,1,5.7838,0,0.8822,0.44,1,100,1
dat1-pair-0023,mock-reco-v1,20260902,1,1,train,2,dat1,product-019,cat-computers,shop-08,Tue Jun 30 2026 14:09:00 GMT+0700 (Indochina Time),1,synthetic-preference-rule,1,0.1,4,1,0,1,1,0,460,1,7.1325,0,0.6384,0.8286,1,100,1
dat1-pair-0024,mock-reco-v1,20260902,1,1,train,3,dat1,product-031,cat-kitchen,shop-09,Wed Jul 01 2026 11:10:00 GMT+0700 (Indochina Time),0,synthetic-preference-rule,0.2,0.1,2,0,0,0,0.6364,0,414,0.594,6.3733,1,0.9945,0.4971,1,100,1
dat1-pair-0025,mock-reco-v1,20260902,1,1,train,4,dat1,product-051,cat-fashion-men,shop-03,Thu Jul 02 2026 20:15:00 GMT+0700 (Indochina Time),1,synthetic-preference-rule,0.2,1,4,1,1,1,0.3455,1,452,1,8.8582,1,0.8137,0.5257,1,100,1
dat1-pair-0026,mock-reco-v1,20260902,1,1,heldout,0,dat1,product-060,cat-fashion-men,shop-12,Fri Jul 03 2026 17:16:00 GMT+0700 (Indochina Time),0,synthetic-preference-rule,0.2,0.1,1,1,0,0,1,0,371,1,8.8635,0,0.8384,0.5543,1,100,1
dat1-pair-0027,mock-reco-v1,20260902,1,1,train,1,dat1,product-098,cat-books,shop-02,Sun Jul 05 2026 02:13:00 GMT+0700 (Indochina Time),1,synthetic-preference-rule,1,1,4,1,1,1,0.5455,0,377,1,9.3514,0,0.9863,0.9429,1,100,1
dat1-pair-0028,mock-reco-v1,20260902,1,1,train,2,dat1,product-088,cat-mother-baby,shop-11,Sun Jul 05 2026 23:14:00 GMT+0700 (Indochina Time),0,synthetic-preference-rule,0.2,0.1,2,0,0,1,1,0,430,0.684,9.0384,0,0.8904,0.6114,1,100,1
dat1-pair-0029,mock-reco-v1,20260902,1,1,train,3,dat1,product-010,cat-electronics,shop-10,Mon Jul 06 2026 08:19:00 GMT+0700 (Indochina Time),1,synthetic-preference-rule,1,1,5,1,1,1,1,0,442,0.368,9.2536,0,0.989,0.8,1,100,1
dat1-pair-0030,mock-reco-v1,20260902,1,1,train,4,dat1,product-035,cat-kitchen,shop-05,Wed Jul 08 2026 05:20:00 GMT+0700 (Indochina Time),0,synthetic-preference-rule,0.2,0.1,2,0,0,0,1,0,436,1,8.7177,0,0.9836,0.4686,0,100,1
dat1-pair-0031,mock-reco-v1,20260902,1,1,heldout,0,dat1,product-029,cat-home,shop-11,Wed Jul 08 2026 10:42:00 GMT+0700 (Indochina Time),1,synthetic-preference-rule,1,0.1,5,1,0,1,1,0,415,1,9.1587,0,0.9151,0.8571,1,100,1
dat1-pair-0032,mock-reco-v1,20260902,1,1,train,1,dat1,product-063,cat-beauty,shop-04,Thu Jul 09 2026 13:41:00 GMT+0700 (Indochina Time),0,synthetic-preference-rule,0.2,0.1,1,0,0,1,1,0,443,1,9.0382,0,0.9315,0.5257,1,100,1
dat1-pair-0033,mock-reco-v1,20260902,1,1,train,2,dat1,product-084,cat-mother-baby,shop-02,Sat Jul 11 2026 04:44:00 GMT+0700 (Indochina Time),1,synthetic-preference-rule,0.2,1,5,1,1,1,0.7455,0,408,1,7.5725,0,0.8795,0.5543,1,100,1
dat1-pair-0034,mock-reco-v1,20260902,1,1,train,3,dat1,product-101,cat-pets,shop-05,Sat Jul 11 2026 07:43:00 GMT+0700 (Indochina Time),0,synthetic-preference-rule,0.2,0.1,2,0,0,0,1,0,424,1,8.1599,1,0.6493,0.5829,1,100,1
dat1-pair-0035,mock-reco-v1,20260902,1,1,train,4,dat1,product-001,cat-electronics,shop-01,Sun Jul 12 2026 22:38:00 GMT+0700 (Indochina Time),1,synthetic-preference-rule,1,1,5,1,1,1,1,0,449,1,9.1876,1,0.5205,0.9714,0,100,1
dat1-pair-0036,mock-reco-v1,20260902,1,1,heldout,0,dat1,product-040,cat-kitchen,shop-07,Tue Jul 14 2026 01:37:00 GMT+0700 (Indochina Time),0,synthetic-preference-rule,0.2,0.1,1,1,0,0,1,0,421,0.765,9.3859,0,0.9753,0.44,1,100,1
dat1-pair-0037,mock-reco-v1,20260902,1,1,train,1,dat1,product-020,cat-computers,shop-01,Tue Jul 14 2026 16:40:00 GMT+0700 (Indochina Time),1,synthetic-preference-rule,1,1,5,1,1,1,1,0,423,1,9.3616,0,0.6411,0.8286,1,100,1
dat1-pair-0038,mock-reco-v1,20260902,1,1,train,2,dat1,product-067,cat-beauty,shop-12,Wed Jul 15 2026 19:39:00 GMT+0700 (Indochina Time),0,synthetic-preference-rule,0.2,0.1,2,0,0,0,1,0,421,1,7.9707,1,0.9205,0.4971,1,100,1
dat1-pair-0039,mock-reco-v1,20260902,1,1,train,3,dat1,product-053,cat-fashion-men,shop-01,Thu Jul 16 2026 10:50:00 GMT+0700 (Indochina Time),1,synthetic-preference-rule,0.2,1,5,1,1,0,1,0,400,1,9.237,0,0.8192,0.5257,1,100,1
dat1-pair-0040,mock-reco-v1,20260902,1,1,train,4,dat1,product-107,cat-pets,shop-11,Fri Jul 17 2026 13:49:00 GMT+0700 (Indochina Time),0,synthetic-preference-rule,0.2,0.1,1,1,0,0,1,0,394,1,8.6629,0,0.6658,0.5543,1,100,1
dat1-pair-0041,mock-reco-v1,20260902,1,1,heldout,0,dat1,product-099,cat-books,shop-07,Sat Jul 18 2026 07:17:00 GMT+0700 (Indochina Time),1,synthetic-preference-rule,1,0.1,5,1,0,0,0.7818,0,406,0.16,8.58,0,0.989,0.9429,1,100,1
dat1-pair-0042,mock-reco-v1,20260902,1,1,train,1,dat1,product-045,cat-fashion-women,shop-08,Mon Jul 20 2026 04:18:00 GMT+0700 (Indochina Time),0,synthetic-preference-rule,0.2,0.1,2,0,0,0,0.5455,0,387,1,8.3568,1,0.7233,0.6114,1,100,1
dat1-pair-0043,mock-reco-v1,20260902,1,1,train,2,dat1,product-011,cat-computers,shop-03,Tue Jul 21 2026 01:19:00 GMT+0700 (Indochina Time),1,synthetic-preference-rule,1,1,5,1,1,0,1,0,378,0.384,7.698,1,0.6603,0.8,1,100,1
dat1-pair-0044,mock-reco-v1,20260902,1,1,train,3,dat1,product-073,cat-sports,shop-07,Tue Jul 21 2026 22:20:00 GMT+0700 (Indochina Time),0,synthetic-preference-rule,0.2,0.1,1,1,0,0,1,0,464,1,7.9201,0,1,0.4686,1,100,1
dat1-pair-0045,mock-reco-v1,20260902,1,1,train,4,dat1,product-030,cat-home,shop-04,Wed Jul 22 2026 19:13:00 GMT+0700 (Indochina Time),1,synthetic-preference-rule,1,0.1,5,1,0,0,1,0,452,1,9.3161,0,0.9123,0.8571,1,100,1
dat1-pair-0046,mock-reco-v1,20260902,1,1,heldout,0,dat1,product-113,cat-grocery,shop-06,Thu Jul 23 2026 16:14:00 GMT+0700 (Indochina Time),0,synthetic-preference-rule,0.2,0.1,2,0,0,0,1,0,433,0.955,8.6873,0,0.6301,0.5257,1,100,1
dat1-pair-0047,mock-reco-v1,20260902,1,1,train,1,dat1,product-086,cat-mother-baby,shop-01,Fri Jul 24 2026 13:15:00 GMT+0700 (Indochina Time),1,synthetic-preference-rule,0.2,1,5,0,1,1,1,0,378,1,9.3637,1,0.8959,0.5543,0,100,1
dat1-pair-0048,mock-reco-v1,20260902,1,1,train,2,dat1,product-049,cat-fashion-women,shop-05,Sat Jul 25 2026 10:16:00 GMT+0700 (Indochina Time),0,synthetic-preference-rule,0.2,0.1,1,1,0,0,1,0,453,0.477,9.1884,0,0.7562,0.5829,1,100,1
dat1-pair-0049,mock-reco-v1,20260902,1,1,train,3,dat1,product-002,cat-electronics,shop-06,Sun Jul 26 2026 07:25:00 GMT+0700 (Indochina Time),1,synthetic-preference-rule,1,0.1,5,0,0,1,1,0,486,1,9.3408,0,0.5178,0.9714,1,100,1
dat1-pair-0050,mock-reco-v1,20260902,1,1,train,4,dat1,product-078,cat-sports,shop-08,Tue Jul 28 2026 04:26:00 GMT+0700 (Indochina Time),0,synthetic-preference-rule,0.2,0.1,2,0,0,0,1,0,405,1,8.9371,1,0.5205,0.44,1,100,1
dat1-pair-0051,mock-reco-v1,20260902,1,1,heldout,0,dat1,product-021,cat-home,shop-06,Tue Jul 28 2026 09:48:00 GMT+0700 (Indochina Time),1,synthetic-preference-rule,1,0.1,5,0,0,1,1,0,371,0.539,9.0531,1,0.8932,0.8286,1,100,1
dat1-pair-0052,mock-reco-v1,20260902,1,1,train,1,dat1,product-116,cat-grocery,shop-09,Wed Jul 29 2026 12:47:00 GMT+0700 (Indochina Time),0,synthetic-preference-rule,0.2,0.1,1,1,0,0,1,0,396,0.898,9.1934,1,0.6438,0.4971,1,100,1
dat1-pair-0053,mock-reco-v1,20260902,1,1,train,2,dat1,product-058,cat-fashion-men,shop-02,Thu Jul 30 2026 15:46:00 GMT+0700 (Indochina Time),1,synthetic-preference-rule,0.2,1,5,0,1,1,1,0,385,0.449,8.2509,0,0.811,0.5257,1,100,1
dat1-pair-0054,mock-reco-v1,20260902,1,1,train,3,dat1,product-055,cat-fashion-men,shop-11,Fri Jul 31 2026 18:45:00 GMT+0700 (Indochina Time),0,synthetic-preference-rule,0.2,0.1,2,0,0,1,0.0909,1,474,0.392,7.7017,0,0.8027,0.5543,1,100,1
dat1-pair-0055,mock-reco-v1,20260902,1,1,train,4,dat1,product-100,cat-books,shop-12,Sat Aug 01 2026 21:44:00 GMT+0700 (Indochina Time),1,synthetic-preference-rule,1,0.1,6,0,0,1,1,0,495,1,8.2174,1,0.9918,0.9429,1,100,1
dat1-pair-0056,mock-reco-v1,20260902,1,1,heldout,0,dat1,product-082,cat-mother-baby,shop-04,Mon Aug 03 2026 00:43:00 GMT+0700 (Indochina Time),0,synthetic-preference-rule,0.2,0.1,2,0,0,0,1,0,482,0.798,8.5529,0,0.8849,0.6114,1,100,1
dat1-pair-0057,mock-reco-v1,20260902,1,1,train,1,dat1,product-012,cat-computers,shop-08,Tue Aug 04 2026 03:42:00 GMT+0700 (Indochina Time),1,synthetic-preference-rule,1,0.1,6,0,0,1,0.6545,0,467,1,6.3716,1,0.663,0.8,1,100,1
dat1-pair-0058,mock-reco-v1,20260902,1,1,train,2,dat1,product-120,cat-grocery,shop-05,Wed Aug 05 2026 06:41:00 GMT+0700 (Indochina Time),0,synthetic-preference-rule,0.2,0.1,1,0,0,1,1,0,462,1,8.5679,0,0.611,0.4686,0,100,1
dat1-pair-0059,mock-reco-v1,20260902,1,1,train,3,dat1,product-032,cat-kitchen,shop-02,Wed Aug 05 2026 09:56:00 GMT+0700 (Indochina Time),1,synthetic-preference-rule,0.2,1,6,0,1,1,1,0,377,1,9.3026,0,0.9973,0.4971,1,100,1
dat1-pair-0060,mock-reco-v1,20260902,1,1,train,4,dat1,product-059,cat-fashion-men,shop-07,Thu Aug 06 2026 12:55:00 GMT+0700 (Indochina Time),0,synthetic-preference-rule,0.2,0.1,2,0,0,0,1,0,408,1,9.0697,0,0.8356,0.5257,1,100,1
dat1-pair-0061,mock-reco-v1,20260902,1,1,heldout,0,dat1,product-091,cat-books,shop-02,Sat Aug 08 2026 00:39:00 GMT+0700 (Indochina Time),1,synthetic-preference-rule,1,1,6,0,1,1,1,0,488,1,8.383,1,0.9671,0.9143,1,100,1
dat1-pair-0062,mock-reco-v1,20260902,1,1,train,1,dat1,product-087,cat-mother-baby,shop-06,Sat Aug 08 2026 21:40:00 GMT+0700 (Indochina Time),0,synthetic-preference-rule,0.2,0.1,1,0,0,1,1,0,393,1,8.8248,0,0.8932,0.5829,1,100,1
dat1-pair-0063,mock-reco-v1,20260902,1,1,train,2,dat1,product-003,cat-electronics,shop-11,Mon Aug 10 2026 06:37:00 GMT+0700 (Indochina Time),1,synthetic-preference-rule,1,0.1,6,0,0,1,0.8364,0,397,1,8.7852,0,0.526,0.9714,1,100,1
dat1-pair-0064,mock-reco-v1,20260902,1,1,train,3,dat1,product-034,cat-kitchen,shop-12,Tue Aug 11 2026 03:38:00 GMT+0700 (Indochina Time),0,synthetic-preference-rule,0.2,0.1,2,0,0,0,1,0,429,1,8.9527,1,0.9918,0.44,1,100,1
dat1-pair-0065,mock-reco-v1,20260902,1,1,train,4,dat1,product-022,cat-home,shop-11,Tue Aug 11 2026 12:35:00 GMT+0700 (Indochina Time),1,synthetic-preference-rule,1,0.1,5,1,0,0,1,0,408,1,9.2266,0,0.8904,0.8286,1,100,1
dat1-pair-0066,mock-reco-v1,20260902,1,1,heldout,0,dat1,product-062,cat-beauty,shop-11,Wed Aug 12 2026 09:36:00 GMT+0700 (Indochina Time),0,synthetic-preference-rule,0.2,0.1,1,1,0,0,0.9636,0,406,1,8.8247,0,0.9233,0.4971,1,100,1
dat1-pair-0067,mock-reco-v1,20260902,1,1,train,1,dat1,product-065,cat-beauty,shop-02,Thu Aug 13 2026 18:33:00 GMT+0700 (Indochina Time),1,synthetic-preference-rule,0.2,1,5,1,1,0,1,0,473,0.419,9.3637,0,0.9151,0.5257,1,100,1
dat1-pair-0068,mock-reco-v1,20260902,1,1,train,2,dat1,product-090,cat-mother-baby,shop-09,Fri Aug 14 2026 15:34:00 GMT+0700 (Indochina Time),0,synthetic-preference-rule,0.2,0.1,2,0,0,0,1,0,400,1,8.7216,0,0.9068,0.5543,1,100,1
dat1-pair-0069,mock-reco-v1,20260902,1,1,train,3,dat1,product-102,cat-pets,shop-10,Sun Aug 16 2026 00:31:00 GMT+0700 (Indochina Time),1,synthetic-preference-rule,0.2,1,5,1,1,0,1,0,387,1,7.5385,0,0.6521,0.5829,1,100,1
dat1-pair-0070,mock-reco-v1,20260902,1,1,train,4,dat1,product-038,cat-kitchen,shop-09,Sun Aug 16 2026 21:32:00 GMT+0700 (Indochina Time),0,synthetic-preference-rule,0.2,0.1,1,1,0,0,1,0,451,0.651,7.1333,0,0.9808,0.6114,1,100,1
dat1-pair-0071,mock-reco-v1,20260902,1,1,heldout,0,dat1,product-013,cat-computers,shop-02,Tue Aug 18 2026 02:38:00 GMT+0700 (Indochina Time),1,synthetic-preference-rule,1,1,5,1,1,0,1,0,452,1,8.6019,0,0.6658,0.8,1,100,1
dat1-pair-0072,mock-reco-v1,20260902,1,1,train,1,dat1,product-066,cat-beauty,shop-07,Wed Aug 19 2026 05:37:00 GMT+0700 (Indochina Time),0,synthetic-preference-rule,0.2,0.1,2,0,0,0,0.5273,0,384,1,7.1515,1,0.9123,0.4686,1,100,1
dat1-pair-0073,mock-reco-v1,20260902,1,1,train,2,dat1,product-036,cat-kitchen,shop-10,Wed Aug 19 2026 20:40:00 GMT+0700 (Indochina Time),1,synthetic-preference-rule,0.2,1,5,1,1,0,1,0,399,1,8.4098,1,0.9863,0.4971,1,100,1
dat1-pair-0074,mock-reco-v1,20260902,1,1,train,3,dat1,product-106,cat-pets,shop-06,Thu Aug 20 2026 23:39:00 GMT+0700 (Indochina Time),0,synthetic-preference-rule,0.2,0.1,1,1,0,0,1,0,409,1,8.9096,1,0.663,0.5257,1,100,1
dat1-pair-0075,mock-reco-v1,20260902,1,1,train,4,dat1,product-092,cat-books,shop-07,Fri Aug 21 2026 14:42:00 GMT+0700 (Indochina Time),1,synthetic-preference-rule,1,0.1,5,1,0,0,1,0,451,0.827,7.9204,0,0.9699,0.9143,1,100,1
dat1-pair-0076,mock-reco-v1,20260902,1,1,heldout,0,dat1,product-042,cat-fashion-women,shop-05,Sat Aug 22 2026 17:41:00 GMT+0700 (Indochina Time),0,synthetic-preference-rule,0.2,0.1,2,0,0,0,1,0,446,0.306,5.8693,0,0.7315,0.5829,1,100,1
dat1-pair-0077,mock-reco-v1,20260902,1,1,train,1,dat1,product-004,cat-electronics,shop-04,Sun Aug 23 2026 08:44:00 GMT+0700 (Indochina Time),1,synthetic-preference-rule,1,0.1,5,1,0,0,1,0,434,0.254,9.0065,0,0.5233,0.9714,1,100,1
dat1-pair-0078,mock-reco-v1,20260902,1,1,train,2,dat1,product-071,cat-sports,shop-08,Mon Aug 24 2026 11:43:00 GMT+0700 (Indochina Time),0,synthetic-preference-rule,0.2,0.1,1,1,0,0,1,0,412,0.334,8.6978,1,0.5123,0.44,1,100,1
dat1-pair-0079,mock-reco-v1,20260902,1,1,train,3,dat1,product-023,cat-home,shop-04,Wed Aug 26 2026 02:46:00 GMT+0700 (Indochina Time),1,synthetic-preference-rule,1,0.1,5,1,0,0,1,0,445,1,9.3744,1,0.8986,0.8286,1,100,1
dat1-pair-0080,mock-reco-v1,20260902,1,1,train,4,dat1,product-111,cat-grocery,shop-08,Thu Aug 27 2026 05:45:00 GMT+0700 (Indochina Time),0,synthetic-preference-rule,0.2,0.1,2,0,0,0,1,0,381,1,7.8969,1,0.6356,0.4971,1,100,1
dat1-pair-0081,mock-reco-v1,20260902,1,1,heldout,0,dat1,product-069,cat-beauty,shop-10,Thu Aug 27 2026 23:13:00 GMT+0700 (Indochina Time),1,synthetic-preference-rule,0.2,1,6,1,1,0,1,0,451,0.191,8.3497,0,0.9041,0.5257,0,100,1
dat1-pair-0082,mock-reco-v1,20260902,1,1,train,1,dat1,product-048,cat-fashion-women,shop-11,Fri Aug 28 2026 20:14:00 GMT+0700 (Indochina Time),0,synthetic-preference-rule,0.2,0.1,2,0,0,0,1,0,476,1,7.8785,0,0.7151,0.5543,1,100,1
dat1-pair-0083,mock-reco-v1,20260902,1,1,train,2,dat1,product-103,cat-pets,shop-03,Sat Aug 29 2026 17:15:00 GMT+0700 (Indochina Time),1,synthetic-preference-rule,0.2,1,6,1,1,0,1,0,372,0.286,5.5607,0,0.6548,0.5829,0,100,1
dat1-pair-0084,mock-reco-v1,20260902,1,1,train,3,dat1,product-075,cat-sports,shop-05,Mon Jun 01 2026 14:16:00 GMT+0700 (Indochina Time),0,synthetic-preference-rule,0.2,0.1,1,0,0,1,1,0,390,1,6.1442,0,0.5233,0.6114,1,100,1
dat1-pair-0085,mock-reco-v1,20260902,1,1,train,4,dat1,product-014,cat-computers,shop-07,Tue Jun 02 2026 11:17:00 GMT+0700 (Indochina Time),1,synthetic-preference-rule,1,0.1,6,1,0,0,1,0,415,0.441,8.2488,0,0.6685,0.8,1,100,1
dat1-pair-0086,mock-reco-v1,20260902,1,1,heldout,0,dat1,product-115,cat-grocery,shop-04,Wed Jun 03 2026 08:18:00 GMT+0700 (Indochina Time),0,synthetic-preference-rule,0.2,0.1,2,0,0,0,1,0,485,0.117,9.0135,0,0.6466,0.4686,1,100,1
dat1-pair-0087,mock-reco-v1,20260902,1,1,train,1,dat1,product-039,cat-kitchen,shop-02,Fri Jun 05 2026 05:19:00 GMT+0700 (Indochina Time),1,synthetic-preference-rule,0.2,1,6,1,1,0,1,0,458,1,7.3382,0,0.9726,0.4971,1,100,1
dat1-pair-0088,mock-reco-v1,20260902,1,1,train,2,dat1,product-054,cat-fashion-men,shop-06,Sat Jun 06 2026 02:20:00 GMT+0700 (Indochina Time),0,synthetic-preference-rule,0.2,0.1,1,0,0,1,1,0,489,1,9.0654,0,0.8219,0.5257,1,100,1
dat1-pair-0089,mock-reco-v1,20260902,1,1,train,3,dat1,product-093,cat-books,shop-12,Sat Jun 06 2026 23:21:00 GMT+0700 (Indochina Time),1,synthetic-preference-rule,1,0.1,6,1,0,0,1,0,436,0.046,8.9372,0,0.9726,0.9143,1,100,1
dat1-pair-0090,mock-reco-v1,20260902,1,1,train,4,dat1,product-081,cat-mother-baby,shop-11,Sun Jun 07 2026 20:22:00 GMT+0700 (Indochina Time),0,synthetic-preference-rule,0.2,0.1,2,0,0,0,1,0,445,0.017,8.1784,1,0.8877,0.5829,1,100,1
dat1-pair-0091,mock-reco-v1,20260902,1,1,heldout,0,dat1,product-005,cat-electronics,shop-09,Tue Jun 09 2026 01:44:00 GMT+0700 (Indochina Time),1,synthetic-preference-rule,1,0.1,5,1,0,0,1,0,471,1,8.1014,0,0.5315,0.9714,1,100,1
dat1-pair-0092,mock-reco-v1,20260902,1,1,train,1,dat1,product-119,cat-grocery,shop-12,Wed Jun 10 2026 04:43:00 GMT+0700 (Indochina Time),0,synthetic-preference-rule,0.2,0.1,1,1,0,0,0.9091,0,425,0.345,8.2,0,0.6137,0.44,1,100,1
dat1-pair-0093,mock-reco-v1,20260902,1,1,train,2,dat1,product-024,cat-home,shop-09,Wed Jun 10 2026 07:42:00 GMT+0700 (Indochina Time),1,synthetic-preference-rule,1,0.1,5,1,0,0,0.2364,1,482,1,7.2457,0,0.8959,0.8286,1,100,1
dat1-pair-0094,mock-reco-v1,20260902,1,1,train,3,dat1,product-057,cat-fashion-men,shop-09,Thu Jun 11 2026 10:41:00 GMT+0700 (Indochina Time),0,synthetic-preference-rule,0.2,0.1,2,0,0,0,1,0,422,1,8.6034,0,0.8082,0.4971,1,100,1
dat1-pair-0095,mock-reco-v1,20260902,1,1,train,4,dat1,product-070,cat-beauty,shop-03,Fri Jun 12 2026 13:48:00 GMT+0700 (Indochina Time),1,synthetic-preference-rule,0.2,1,5,1,1,0,0.0909,1,488,0.972,8.6739,0,0.9014,0.5257,1,100,1
dat1-pair-0096,mock-reco-v1,20260902,1,1,heldout,0,dat1,product-085,cat-mother-baby,shop-08,Sat Jun 13 2026 16:47:00 GMT+0700 (Indochina Time),0,synthetic-preference-rule,0.2,0.1,1,1,0,0,0.9818,0,467,0.741,9.2142,0,0.8986,0.5543,1,100,1
dat1-pair-0097,mock-reco-v1,20260902,1,1,train,1,dat1,product-105,cat-pets,shop-01,Sun Jun 14 2026 19:46:00 GMT+0700 (Indochina Time),1,synthetic-preference-rule,0.2,1,5,1,1,0,1,0,446,0.172,9.1074,0,0.6603,0.5829,1,100,1
dat1-pair-0098,mock-reco-v1,20260902,1,1,train,2,dat1,product-033,cat-kitchen,shop-07,Mon Jun 15 2026 22:45:00 GMT+0700 (Indochina Time),0,synthetic-preference-rule,0.2,0.1,2,0,0,0,1,0,466,1,9.1429,0,0.989,0.6114,1,100,1
dat1-pair-0099,mock-reco-v1,20260902,1,1,train,3,dat1,product-015,cat-computers,shop-12,Wed Jun 17 2026 01:52:00 GMT+0700 (Indochina Time),1,synthetic-preference-rule,1,0.1,5,1,0,0,1,0,482,1,8.9526,0,0.6712,0.8,1,100,1
dat1-pair-0100,mock-reco-v1,20260902,1,1,train,4,dat1,product-061,cat-beauty,shop-06,Thu Jun 18 2026 04:51:00 GMT+0700 (Indochina Time),0,synthetic-preference-rule,0.2,0.1,1,1,0,0,1,0,495,1,8.5528,1,0.926,0.4686,1,100,1
dat1-pair-0101,mock-reco-v1,20260902,1,1,heldout,0,dat1,product-043,cat-fashion-women,shop-10,Thu Jun 18 2026 08:56:00 GMT+0700 (Indochina Time),1,synthetic-preference-rule,0.2,1,5,1,1,1,1,0,461,1,8.9223,0,0.7288,0.4971,1,100,1
dat1-pair-0102,mock-reco-v1,20260902,1,1,train,1,dat1,product-089,cat-mother-baby,shop-04,Fri Jun 19 2026 11:55:00 GMT+0700 (Indochina Time),0,synthetic-preference-rule,0.2,0.1,2,0,0,0,1,0,489,0.969,8.4152,1,0.9096,0.5257,1,100,1
dat1-pair-0103,mock-reco-v1,20260902,1,1,train,2,dat1,product-094,cat-books,shop-05,Sat Jun 20 2026 14:54:00 GMT+0700 (Indochina Time),1,synthetic-preference-rule,1,0.1,5,1,0,1,0.1091,1,399,1,8.698,0,0.9753,0.9143,1,100,1
dat1-pair-0104,mock-reco-v1,20260902,1,1,train,3,dat1,product-037,cat-kitchen,shop-04,Sun Jun 21 2026 17:53:00 GMT+0700 (Indochina Time),0,synthetic-preference-rule,0.2,0.1,1,1,0,0,1,0,488,1,7.9628,0,0.9781,0.5829,1,100,1
dat1-pair-0105,mock-reco-v1,20260902,1,1,train,4,dat1,product-006,cat-electronics,shop-02,Mon Jun 22 2026 21:00:00 GMT+0700 (Indochina Time),1,synthetic-preference-rule,1,1,5,1,1,1,1,0,382,0.14,8.5007,1,0.5288,0.9714,1,100,1
dat1-pair-0106,mock-reco-v1,20260902,1,1,heldout,0,dat1,product-064,cat-beauty,shop-09,Tue Jun 23 2026 23:59:00 GMT+0700 (Indochina Time),0,synthetic-preference-rule,0.2,0.1,2,0,0,0,1,0,480,0.362,9.2141,0,0.9288,0.44,1,100,1
dat1-pair-0107,mock-reco-v1,20260902,1,1,train,1,dat1,product-025,cat-home,shop-03,Thu Jun 25 2026 02:58:00 GMT+0700 (Indochina Time),1,synthetic-preference-rule,1,1,6,1,1,1,1,0,393,1,7.2189,0,0.9041,0.8286,1,100,1
dat1-pair-0108,mock-reco-v1,20260902,1,1,train,2,dat1,product-104,cat-pets,shop-08,Fri Jun 26 2026 05:57:00 GMT+0700 (Indochina Time),0,synthetic-preference-rule,0.2,0.1,2,0,0,0,0.4727,1,461,1,9.2725,0,0.6575,0.4971,1,100,1
dat1-pair-0109,mock-reco-v1,20260902,1,1,train,3,dat1,product-072,cat-sports,shop-01,Fri Jun 26 2026 09:04:00 GMT+0700 (Indochina Time),1,synthetic-preference-rule,0.2,1,6,1,1,1,0.3273,1,375,1,8.3827,0,0.5151,0.5257,1,100,1
dat1-pair-0110,mock-reco-v1,20260902,1,1,train,4,dat1,product-041,cat-fashion-women,shop-12,Sat Jun 27 2026 12:03:00 GMT+0700 (Indochina Time),0,synthetic-preference-rule,0.2,0.1,2,0,0,1,1,0,409,1,9.2813,1,0.7342,0.5543,1,100,1
dat1-pair-0111,mock-reco-v1,20260902,1,1,heldout,0,dat1,product-109,cat-pets,shop-10,Mon Jun 29 2026 06:25:00 GMT+0700 (Indochina Time),1,synthetic-preference-rule,0.2,1,6,1,1,1,0.8182,0,380,0.4,8.4007,0,0.6274,0.5829,1,100,1
dat1-pair-0112,mock-reco-v1,20260902,1,1,train,1,dat1,product-068,cat-beauty,shop-05,Tue Jun 30 2026 03:26:00 GMT+0700 (Indochina Time),0,synthetic-preference-rule,0.2,0.1,2,0,0,0,1,0,458,1,8.4149,0,0.9178,0.6114,1,100,1
dat1-pair-0113,mock-reco-v1,20260902,1,1,train,2,dat1,product-016,cat-computers,shop-05,Wed Jul 01 2026 00:27:00 GMT+0700 (Indochina Time),1,synthetic-preference-rule,1,0.1,6,1,0,1,1,0,445,0.327,8.7175,1,0.674,0.8,1,100,1
dat1-pair-0114,mock-reco-v1,20260902,1,1,train,3,dat1,product-108,cat-pets,shop-04,Wed Jul 01 2026 21:28:00 GMT+0700 (Indochina Time),0,synthetic-preference-rule,0.2,0.1,1,0,0,1,0.0364,1,483,0.229,8.3345,0,0.6685,0.4686,1,100,1
dat1-pair-0115,mock-reco-v1,20260902,1,1,train,4,dat1,product-044,cat-fashion-women,shop-03,Thu Jul 02 2026 18:29:00 GMT+0700 (Indochina Time),1,synthetic-preference-rule,0.2,1,6,1,1,1,1,0,372,1,9.1178,0,0.726,0.4971,1,100,1
dat1-pair-0116,mock-reco-v1,20260902,1,1,heldout,0,dat1,product-047,cat-fashion-women,shop-06,Fri Jul 03 2026 15:30:00 GMT+0700 (Indochina Time),0,synthetic-preference-rule,0.2,0.1,2,0,0,0,1,0,439,0.363,6.9285,0,0.7178,0.5257,1,100,1
dat1-pair-0117,mock-reco-v1,20260902,1,1,train,1,dat1,product-095,cat-books,shop-10,Sat Jul 04 2026 12:31:00 GMT+0700 (Indochina Time),1,synthetic-preference-rule,1,1,5,1,1,1,1,0,466,1,9.1999,0,0.9781,0.9143,1,100,1
dat1-pair-0118,mock-reco-v1,20260902,1,1,train,2,dat1,product-074,cat-sports,shop-12,Sun Jul 05 2026 09:32:00 GMT+0700 (Indochina Time),0,synthetic-preference-rule,0.2,0.1,1,1,0,0,1,0,427,1,7.0326,0,0.5096,0.5829,1,100,1
dat1-pair-0119,mock-reco-v1,20260902,1,1,train,3,dat1,product-007,cat-electronics,shop-07,Tue Jul 07 2026 06:33:00 GMT+0700 (Indochina Time),1,synthetic-preference-rule,1,0.1,5,1,0,0,1,0,419,0.197,4.1109,0,0.537,0.9714,1,100,1
dat1-pair-0120,mock-reco-v1,20260902,1,1,train,4,dat1,product-114,cat-grocery,shop-11,Wed Jul 08 2026 03:34:00 GMT+0700 (Indochina Time),0,synthetic-preference-rule,0.2,0.1,2,0,0,0,0.3818,1,470,1,8.9288,0,0.6274,0.44,1,100,1
dat1-pair-0121,mock-reco-v1,20260902,1,1,heldout,0,dat1,product-026,cat-home,shop-08,Thu Jul 09 2026 04:26:00 GMT+0700 (Indochina Time),1,synthetic-preference-rule,1,0.1,5,1,0,0,1,0,430,1,8.001,1,0.9014,0.8286,1,100,1
dat1-pair-0122,mock-reco-v1,20260902,1,1,train,1,dat1,product-052,cat-fashion-men,shop-08,Thu Jul 09 2026 07:25:00 GMT+0700 (Indochina Time),0,synthetic-preference-rule,0.2,0.1,1,1,0,0,1,0,415,0.335,8.5966,0,0.8164,0.4971,0,100,1
dat1-pair-0123,mock-reco-v1,20260902,1,1,train,2,dat1,product-076,cat-sports,shop-10,Fri Jul 10 2026 22:28:00 GMT+0700 (Indochina Time),1,synthetic-preference-rule,0.2,1,5,1,1,0,0.7636,0,479,0.277,9.2916,1,0.526,0.5257,1,100,1
dat1-pair-0124,mock-reco-v1,20260902,1,1,train,3,dat1,product-080,cat-sports,shop-06,Sun Jul 12 2026 01:27:00 GMT+0700 (Indochina Time),0,synthetic-preference-rule,0.2,0.1,2,0,0,0,1,0,457,0.505,8.1371,0,0.9863,0.5543,1,100,1
dat1-pair-0125,mock-reco-v1,20260902,1,1,train,4,dat1,product-110,cat-pets,shop-03,Sun Jul 12 2026 16:22:00 GMT+0700 (Indochina Time),1,synthetic-preference-rule,0.2,1,5,1,1,0,1,0,469,1,7.9484,0,0.6301,0.5829,1,100,1
dat1-pair-0126,mock-reco-v1,20260902,1,1,heldout,0,dat1,product-118,cat-grocery,shop-07,Mon Jul 13 2026 19:21:00 GMT+0700 (Indochina Time),0,synthetic-preference-rule,0.2,0.1,1,1,0,0,0.0545,1,448,0.06,6.9754,0,0.6384,0.6114,1,100,1
dat1-pair-0127,mock-reco-v1,20260902,1,1,train,1,dat1,product-017,cat-computers,shop-10,Tue Jul 14 2026 10:24:00 GMT+0700 (Indochina Time),1,synthetic-preference-rule,1,1,5,1,1,1,1,0,430,1,9.3026,0,0.6767,0.8,1,100,1
dat1-pair-0128,mock-reco-v1,20260902,1,1,train,2,dat1,product-056,cat-fashion-men,shop-04,Wed Jul 15 2026 13:23:00 GMT+0700 (Indochina Time),0,synthetic-preference-rule,0.2,0.1,2,0,0,0,1,0,437,1,9.3834,1,0.8055,0.4686,1,100,1
dat1-pair-0129,mock-reco-v1,20260902,1,1,train,3,dat1,product-046,cat-fashion-women,shop-01,Fri Jul 17 2026 04:18:00 GMT+0700 (Indochina Time),1,synthetic-preference-rule,0.2,1,5,1,1,1,1,0,424,1,8.679,1,0.7205,0.4971,1,100,1
dat1-pair-0130,mock-reco-v1,20260902,1,1,train,4,dat1,product-083,cat-mother-baby,shop-09,Fri Jul 17 2026 07:17:00 GMT+0700 (Indochina Time),0,synthetic-preference-rule,0.2,0.1,1,1,0,0,1,0,371,1,5.7838,0,0.8822,0.5257,1,100,1
dat1-pair-0131,mock-reco-v1,20260902,1,1,heldout,0,dat1,product-096,cat-books,shop-03,Sat Jul 18 2026 23:47:00 GMT+0700 (Indochina Time),1,synthetic-preference-rule,1,1,5,1,1,1,1,0,429,1,9.0212,1,0.9808,0.9143,1,100,1
dat1-pair-0132,mock-reco-v1,20260902,1,1,train,1,dat1,product-031,cat-kitchen,shop-09,Sun Jul 19 2026 20:48:00 GMT+0700 (Indochina Time),0,synthetic-preference-rule,0.2,0.1,2,0,0,0,0.6364,0,414,0.594,6.3733,1,0.9945,0.5829,1,100,1
dat1-pair-0133,mock-reco-v1,20260902,1,1,train,2,dat1,product-008,cat-electronics,shop-12,Tue Jul 21 2026 05:45:00 GMT+0700 (Indochina Time),1,synthetic-preference-rule,1,0.1,5,1,0,1,0.8909,0,456,0.978,7.4265,0,0.5342,0.9714,1,100,1
dat1-pair-0134,mock-reco-v1,20260902,1,1,train,3,dat1,product-060,cat-fashion-men,shop-12,Wed Jul 22 2026 02:46:00 GMT+0700 (Indochina Time),0,synthetic-preference-rule,0.2,0.1,1,1,0,0,1,0,371,1,8.8635,0,0.8384,0.44,1,100,1
dat1-pair-0135,mock-reco-v1,20260902,1,1,train,4,dat1,product-027,cat-home,shop-01,Wed Jul 22 2026 11:51:00 GMT+0700 (Indochina Time),1,synthetic-preference-rule,1,1,5,1,1,1,1,0,467,1,8.5768,0,0.9096,0.8286,1,100,1
dat1-pair-0136,mock-reco-v1,20260902,1,1,heldout,0,dat1,product-088,cat-mother-baby,shop-11,Thu Jul 23 2026 08:52:00 GMT+0700 (Indochina Time),0,synthetic-preference-rule,0.2,0.1,2,0,0,1,1,0,430,0.684,9.0384,0,0.8904,0.4971,1,100,1
dat1-pair-0137,mock-reco-v1,20260902,1,1,train,1,dat1,product-077,cat-sports,shop-03,Fri Jul 24 2026 17:49:00 GMT+0700 (Indochina Time),1,synthetic-preference-rule,0.2,1,5,1,1,1,1,0,442,0.22,9.13,0,0.5178,0.5257,1,100,1
dat1-pair-0138,mock-reco-v1,20260902,1,1,train,2,dat1,product-035,cat-kitchen,shop-05,Sat Jul 25 2026 14:50:00 GMT+0700 (Indochina Time),0,synthetic-preference-rule,0.2,0.1,2,0,0,0,1,0,436,1,8.7177,0,0.9836,0.5543,0,100,1
dat1-pair-0139,mock-reco-v1,20260902,1,1,train,3,dat1,product-112,cat-grocery,shop-01,Sun Jul 26 2026 23:39:00 GMT+0700 (Indochina Time),1,synthetic-preference-rule,0.2,1,5,1,1,1,1,0,418,0.174,8.3682,0,0.6329,0.5829,1,100,1
dat1-pair-0140,mock-reco-v1,20260902,1,1,train,4,dat1,product-063,cat-beauty,shop-04,Mon Jul 27 2026 20:40:00 GMT+0700 (Indochina Time),0,synthetic-preference-rule,0.2,0.1,1,0,0,1,1,0,443,1,9.0382,0,0.9315,0.6114,1,100,1
dat1-pair-0141,mock-reco-v1,20260902,1,1,heldout,0,dat1,product-018,cat-computers,shop-03,Wed Jul 29 2026 01:24:00 GMT+0700 (Indochina Time),1,synthetic-preference-rule,1,1,5,1,1,1,1,0,393,1,9.1428,0,0.6795,0.8,0,100,1
dat1-pair-0142,mock-reco-v1,20260902,1,1,train,1,dat1,product-101,cat-pets,shop-05,Thu Jul 30 2026 04:23:00 GMT+0700 (Indochina Time),0,synthetic-preference-rule,0.2,0.1,2,0,0,0,1,0,424,1,8.1599,1,0.6493,0.4686,1,100,1
dat1-pair-0143,mock-reco-v1,20260902,1,1,train,2,dat1,product-050,cat-fashion-women,shop-10,Thu Jul 30 2026 07:22:00 GMT+0700 (Indochina Time),1,synthetic-preference-rule,0.2,1,4,1,1,1,1,0,490,1,9.3415,0,0.7534,0.4971,1,100,1
dat1-pair-0144,mock-reco-v1,20260902,1,1,train,3,dat1,product-040,cat-kitchen,shop-07,Fri Jul 31 2026 10:21:00 GMT+0700 (Indochina Time),0,synthetic-preference-rule,0.2,0.1,1,1,0,0,1,0,421,0.765,9.3859,0,0.9753,0.5257,1,100,1
dat1-pair-0145,mock-reco-v1,20260902,1,1,train,4,dat1,product-097,cat-books,shop-09,Sat Aug 01 2026 13:20:00 GMT+0700 (Indochina Time),1,synthetic-preference-rule,1,0.1,4,1,0,0,1,0,414,0.77,7.0335,0,0.9836,0.9143,1,100,1
dat1-pair-0146,mock-reco-v1,20260902,1,1,heldout,0,dat1,product-067,cat-beauty,shop-12,Sun Aug 02 2026 16:19:00 GMT+0700 (Indochina Time),0,synthetic-preference-rule,0.2,0.1,2,0,0,0,1,0,421,1,7.9707,1,0.9205,0.5829,1,100,1
dat1-pair-0147,mock-reco-v1,20260902,1,1,train,1,dat1,product-009,cat-electronics,shop-05,Mon Aug 03 2026 19:18:00 GMT+0700 (Indochina Time),1,synthetic-preference-rule,1,0.1,4,1,0,0,1,0,405,1,9.0851,0,0.9918,0.9714,1,100,1
dat1-pair-0148,mock-reco-v1,20260902,1,1,train,2,dat1,product-107,cat-pets,shop-11,Tue Aug 04 2026 22:17:00 GMT+0700 (Indochina Time),0,synthetic-preference-rule,0.2,0.1,1,1,0,0,1,0,394,1,8.6629,0,0.6658,0.44,1,100,1
dat1-pair-0149,mock-reco-v1,20260902,1,1,train,3,dat1,product-028,cat-home,shop-06,Thu Aug 06 2026 01:16:00 GMT+0700 (Indochina Time),1,synthetic-preference-rule,1,0.1,4,1,0,0,0.2,1,378,0.482,8.843,0,0.9068,0.8286,1,100,1
dat1-pair-0150,mock-reco-v1,20260902,1,1,train,4,dat1,product-045,cat-fashion-women,shop-08,Fri Aug 07 2026 04:15:00 GMT+0700 (Indochina Time),0,synthetic-preference-rule,0.2,0.1,2,0,0,0,0.5455,0,387,1,8.3568,1,0.7233,0.4971,1,100,1
dat1-pair-0151,mock-reco-v1,20260902,1,1,heldout,0,dat1,product-079,cat-sports,shop-01,Fri Aug 07 2026 22:53:00 GMT+0700 (Indochina Time),1,synthetic-preference-rule,0.2,1,4,1,1,0,1,0,494,1,8.5248,0,0.9836,0.5257,1,100,1
dat1-pair-0152,mock-reco-v1,20260902,1,1,train,1,dat1,product-073,cat-sports,shop-07,Sat Aug 08 2026 19:54:00 GMT+0700 (Indochina Time),0,synthetic-preference-rule,0.2,0.1,1,1,0,0,1,0,464,1,7.9201,0,1,0.5543,1,100,1
dat1-pair-0153,mock-reco-v1,20260902,1,1,train,2,dat1,product-117,cat-grocery,shop-02,Sun Aug 09 2026 16:55:00 GMT+0700 (Indochina Time),1,synthetic-preference-rule,0.2,1,4,1,1,1,1,0,411,1,9.3458,0,0.6411,0.5829,1,100,1
dat1-pair-0154,mock-reco-v1,20260902,1,1,train,3,dat1,product-113,cat-grocery,shop-06,Mon Aug 10 2026 13:56:00 GMT+0700 (Indochina Time),0,synthetic-preference-rule,0.2,0.1,2,0,0,0,1,0,433,0.955,8.6873,0,0.6301,0.6114,1,100,1
dat1-pair-0155,mock-reco-v1,20260902,1,1,train,4,dat1,product-019,cat-computers,shop-08,Tue Aug 11 2026 10:49:00 GMT+0700 (Indochina Time),1,synthetic-preference-rule,1,0.1,4,1,0,1,1,0,460,1,7.1325,0,0.6384,0.8,1,100,1
dat1-pair-0156,mock-reco-v1,20260902,1,1,heldout,0,dat1,product-049,cat-fashion-women,shop-05,Wed Aug 12 2026 07:50:00 GMT+0700 (Indochina Time),0,synthetic-preference-rule,0.2,0.1,1,1,0,0,1,0,453,0.477,9.1884,0,0.7562,0.4686,1,100,1
dat1-pair-0157,mock-reco-v1,20260902,1,1,train,1,dat1,product-051,cat-fashion-men,shop-03,Fri Aug 14 2026 04:51:00 GMT+0700 (Indochina Time),1,synthetic-preference-rule,0.2,1,4,1,1,1,0.3455,1,452,1,8.8582,1,0.8137,0.4971,1,100,1
dat1-pair-0158,mock-reco-v1,20260902,1,1,train,2,dat1,product-078,cat-sports,shop-08,Sat Aug 15 2026 01:52:00 GMT+0700 (Indochina Time),0,synthetic-preference-rule,0.2,0.1,2,0,0,0,1,0,405,1,8.9371,1,0.5205,0.5257,1,100,1
dat1-pair-0159,mock-reco-v1,20260902,1,1,train,3,dat1,product-098,cat-books,shop-02,Sat Aug 15 2026 22:45:00 GMT+0700 (Indochina Time),1,synthetic-preference-rule,1,1,4,1,1,1,0.5455,0,377,1,9.3514,0,0.9863,0.9143,1,100,1
dat1-pair-0160,mock-reco-v1,20260902,1,1,train,4,dat1,product-116,cat-grocery,shop-09,Sun Aug 16 2026 19:46:00 GMT+0700 (Indochina Time),0,synthetic-preference-rule,0.2,0.1,1,1,0,0,1,0,396,0.898,9.1934,1,0.6438,0.5829,1,100,1
dat1-pair-0161,mock-reco-v1,20260902,1,1,heldout,0,dat1,product-010,cat-electronics,shop-10,Mon Aug 17 2026 20:22:00 GMT+0700 (Indochina Time),1,synthetic-preference-rule,1,1,5,1,1,1,1,0,442,0.368,9.2536,0,0.989,0.9714,1,100,1
dat1-pair-0162,mock-reco-v1,20260902,1,1,train,1,dat1,product-055,cat-fashion-men,shop-11,Tue Aug 18 2026 23:21:00 GMT+0700 (Indochina Time),0,synthetic-preference-rule,0.2,0.1,2,0,0,1,0.0909,1,474,0.392,7.7017,0,0.8027,0.44,1,100,1
dat1-pair-0163,mock-reco-v1,20260902,1,1,train,2,dat1,product-029,cat-home,shop-11,Wed Aug 19 2026 14:24:00 GMT+0700 (Indochina Time),1,synthetic-preference-rule,1,0.1,5,1,0,1,1,0,415,1,9.1587,0,0.9151,0.8286,1,100,1
dat1-pair-0164,mock-reco-v1,20260902,1,1,train,3,dat1,product-082,cat-mother-baby,shop-04,Thu Aug 20 2026 17:23:00 GMT+0700 (Indochina Time),0,synthetic-preference-rule,0.2,0.1,2,0,0,0,1,0,482,0.798,8.5529,0,0.8849,0.4971,1,100,1
dat1-pair-0165,mock-reco-v1,20260902,1,1,train,4,dat1,product-084,cat-mother-baby,shop-02,Fri Aug 21 2026 08:26:00 GMT+0700 (Indochina Time),1,synthetic-preference-rule,0.2,1,5,1,1,1,0.7455,0,408,1,7.5725,0,0.8795,0.5257,1,100,1
dat1-pair-0166,mock-reco-v1,20260902,1,1,heldout,0,dat1,product-120,cat-grocery,shop-05,Sat Aug 22 2026 11:25:00 GMT+0700 (Indochina Time),0,synthetic-preference-rule,0.2,0.1,1,0,0,1,1,0,462,1,8.5679,0,0.611,0.5543,0,100,1
dat1-pair-0167,mock-reco-v1,20260902,1,1,train,1,dat1,product-001,cat-electronics,shop-01,Mon Aug 24 2026 02:28:00 GMT+0700 (Indochina Time),1,synthetic-preference-rule,1,1,5,1,1,1,1,0,449,1,9.1876,1,0.5205,0.9429,0,100,1
dat1-pair-0168,mock-reco-v1,20260902,1,1,train,2,dat1,product-059,cat-fashion-men,shop-07,Tue Aug 25 2026 05:27:00 GMT+0700 (Indochina Time),0,synthetic-preference-rule,0.2,0.1,2,0,0,0,1,0,408,1,9.0697,0,0.8356,0.6114,1,100,1
dat1-pair-0169,mock-reco-v1,20260902,1,1,train,3,dat1,product-020,cat-computers,shop-01,Tue Aug 25 2026 20:14:00 GMT+0700 (Indochina Time),1,synthetic-preference-rule,1,1,5,1,1,1,1,0,423,1,9.3616,0,0.6411,0.8,1,100,1
dat1-pair-0170,mock-reco-v1,20260902,1,1,train,4,dat1,product-087,cat-mother-baby,shop-06,Wed Aug 26 2026 23:13:00 GMT+0700 (Indochina Time),0,synthetic-preference-rule,0.2,0.1,1,0,0,1,1,0,393,1,8.8248,0,0.8932,0.4686,1,100,1
dat1-pair-0171,mock-reco-v1,20260902,1,1,heldout,0,dat1,product-053,cat-fashion-men,shop-01,Thu Aug 27 2026 17:51:00 GMT+0700 (Indochina Time),1,synthetic-preference-rule,0.2,1,5,1,1,0,1,0,400,1,9.237,0,0.8192,0.4971,1,100,1
dat1-pair-0172,mock-reco-v1,20260902,1,1,train,1,dat1,product-034,cat-kitchen,shop-12,Fri Aug 28 2026 14:52:00 GMT+0700 (Indochina Time),0,synthetic-preference-rule,0.2,0.1,2,0,0,0,1,0,429,1,8.9527,1,0.9918,0.5257,1,100,1
dat1-pair-0173,mock-reco-v1,20260902,1,1,train,2,dat1,product-099,cat-books,shop-07,Sat Aug 29 2026 23:49:00 GMT+0700 (Indochina Time),1,synthetic-preference-rule,1,0.1,5,1,0,0,0.7818,0,406,0.16,8.58,0,0.989,0.9143,1,100,1
dat1-pair-0174,mock-reco-v1,20260902,1,1,train,3,dat1,product-062,cat-beauty,shop-11,Mon Jun 01 2026 20:50:00 GMT+0700 (Indochina Time),0,synthetic-preference-rule,0.2,0.1,1,1,0,0,0.9636,0,406,1,8.8247,0,0.9233,0.5829,1,100,1
dat1-pair-0175,mock-reco-v1,20260902,1,1,train,4,dat1,product-011,cat-computers,shop-03,Wed Jun 03 2026 05:47:00 GMT+0700 (Indochina Time),1,synthetic-preference-rule,1,1,5,1,1,0,1,0,378,0.384,7.698,1,0.6603,0.9714,1,100,1
dat1-pair-0176,mock-reco-v1,20260902,1,1,heldout,0,dat1,product-090,cat-mother-baby,shop-09,Thu Jun 04 2026 02:48:00 GMT+0700 (Indochina Time),0,synthetic-preference-rule,0.2,0.1,2,0,0,0,1,0,400,1,8.7216,0,0.9068,0.44,1,100,1
dat1-pair-0177,mock-reco-v1,20260902,1,1,train,1,dat1,product-030,cat-home,shop-04,Thu Jun 04 2026 11:45:00 GMT+0700 (Indochina Time),1,synthetic-preference-rule,1,0.1,5,1,0,0,1,0,452,1,9.3161,0,0.9123,0.8286,1,100,1
dat1-pair-0178,mock-reco-v1,20260902,1,1,train,2,dat1,product-038,cat-kitchen,shop-09,Fri Jun 05 2026 08:46:00 GMT+0700 (Indochina Time),0,synthetic-preference-rule,0.2,0.1,1,1,0,0,1,0,451,0.651,7.1333,0,0.9808,0.4971,1,100,1
dat1-pair-0179,mock-reco-v1,20260902,1,1,train,3,dat1,product-086,cat-mother-baby,shop-01,Sat Jun 06 2026 17:59:00 GMT+0700 (Indochina Time),1,synthetic-preference-rule,0.2,1,5,0,1,1,1,0,378,1,9.3637,1,0.8959,0.5257,0,100,1
dat1-pair-0180,mock-reco-v1,20260902,1,1,train,4,dat1,product-066,cat-beauty,shop-07,Sun Jun 07 2026 15:00:00 GMT+0700 (Indochina Time),0,synthetic-preference-rule,0.2,0.1,2,0,0,0,0.5273,0,384,1,7.1515,1,0.9123,0.5543,1,100,1
dat1-pair-0181,mock-reco-v1,20260902,1,1,heldout,0,dat1,product-002,cat-electronics,shop-06,Tue Jun 09 2026 05:20:00 GMT+0700 (Indochina Time),1,synthetic-preference-rule,1,0.1,5,0,0,1,1,0,486,1,9.3408,0,0.5178,0.9429,1,100,1
dat1-pair-0182,mock-reco-v1,20260902,1,1,train,1,dat1,product-106,cat-pets,shop-06,Tue Jun 09 2026 08:19:00 GMT+0700 (Indochina Time),0,synthetic-preference-rule,0.2,0.1,1,1,0,0,1,0,409,1,8.9096,1,0.663,0.6114,1,100,1
dat1-pair-0183,mock-reco-v1,20260902,1,1,train,2,dat1,product-021,cat-home,shop-06,Wed Jun 10 2026 11:18:00 GMT+0700 (Indochina Time),1,synthetic-preference-rule,1,0.1,5,0,0,1,1,0,371,0.539,9.0531,1,0.8932,0.8,1,100,1
dat1-pair-0184,mock-reco-v1,20260902,1,1,train,3,dat1,product-042,cat-fashion-women,shop-05,Thu Jun 11 2026 14:17:00 GMT+0700 (Indochina Time),0,synthetic-preference-rule,0.2,0.1,2,0,0,0,1,0,446,0.306,5.8693,0,0.7315,0.4686,1,100,1
dat1-pair-0185,mock-reco-v1,20260902,1,1,train,4,dat1,product-058,cat-fashion-men,shop-02,Fri Jun 12 2026 17:24:00 GMT+0700 (Indochina Time),1,synthetic-preference-rule,0.2,1,5,0,1,1,1,0,385,0.449,8.2509,0,0.811,0.4971,1,100,1
dat1-pair-0186,mock-reco-v1,20260902,1,1,heldout,0,dat1,product-071,cat-sports,shop-08,Sat Jun 13 2026 20:23:00 GMT+0700 (Indochina Time),0,synthetic-preference-rule,0.2,0.1,1,1,0,0,1,0,412,0.334,8.6978,1,0.5123,0.5257,1,100,1
dat1-pair-0187,mock-reco-v1,20260902,1,1,train,1,dat1,product-100,cat-books,shop-12,Sun Jun 14 2026 23:22:00 GMT+0700 (Indochina Time),1,synthetic-preference-rule,1,0.1,6,0,0,1,1,0,495,1,8.2174,1,0.9918,0.9143,1,100,1
dat1-pair-0188,mock-reco-v1,20260902,1,1,train,2,dat1,product-111,cat-grocery,shop-08,Tue Jun 16 2026 02:21:00 GMT+0700 (Indochina Time),0,synthetic-preference-rule,0.2,0.1,2,0,0,0,1,0,381,1,7.8969,1,0.6356,0.5829,1,100,1
dat1-pair-0189,mock-reco-v1,20260902,1,1,train,3,dat1,product-012,cat-computers,shop-08,Wed Jun 17 2026 05:12:00 GMT+0700 (Indochina Time),1,synthetic-preference-rule,1,0.1,6,0,0,1,0.6545,0,467,1,6.3716,1,0.663,0.9714,1,100,1
dat1-pair-0190,mock-reco-v1,20260902,1,1,train,4,dat1,product-048,cat-fashion-women,shop-11,Wed Jun 17 2026 08:11:00 GMT+0700 (Indochina Time),0,synthetic-preference-rule,0.2,0.1,2,0,0,0,1,0,476,1,7.8785,0,0.7151,0.44,1,100,1
dat1-pair-0191,mock-reco-v1,20260902,1,1,heldout,0,dat1,product-032,cat-kitchen,shop-02,Fri Jun 19 2026 02:49:00 GMT+0700 (Indochina Time),1,synthetic-preference-rule,0.2,1,6,0,1,1,1,0,377,1,9.3026,0,0.9973,0.4686,1,100,1
dat1-pair-0192,mock-reco-v1,20260902,1,1,train,1,dat1,product-075,cat-sports,shop-05,Fri Jun 19 2026 23:50:00 GMT+0700 (Indochina Time),0,synthetic-preference-rule,0.2,0.1,1,0,0,1,1,0,390,1,6.1442,0,0.5233,0.4971,1,100,1
dat1-pair-0193,mock-reco-v1,20260902,1,1,train,2,dat1,product-091,cat-books,shop-02,Sat Jun 20 2026 20:51:00 GMT+0700 (Indochina Time),1,synthetic-preference-rule,1,1,6,0,1,1,1,0,488,1,8.383,1,0.9671,0.8857,1,100,1
dat1-pair-0194,mock-reco-v1,20260902,1,1,train,3,dat1,product-115,cat-grocery,shop-04,Sun Jun 21 2026 17:52:00 GMT+0700 (Indochina Time),0,synthetic-preference-rule,0.2,0.1,2,0,0,0,1,0,485,0.117,9.0135,0,0.6466,0.5543,1,100,1
dat1-pair-0195,mock-reco-v1,20260902,1,1,train,4,dat1,product-003,cat-electronics,shop-11,Mon Jun 22 2026 14:53:00 GMT+0700 (Indochina Time),1,synthetic-preference-rule,1,0.1,6,0,0,1,0.8364,0,397,1,8.7852,0,0.526,0.9429,1,100,1
dat1-pair-0196,mock-reco-v1,20260902,1,1,heldout,0,dat1,product-054,cat-fashion-men,shop-06,Tue Jun 23 2026 11:54:00 GMT+0700 (Indochina Time),0,synthetic-preference-rule,0.2,0.1,1,0,0,1,1,0,489,1,9.0654,0,0.8219,0.6114,1,100,1
dat1-pair-0197,mock-reco-v1,20260902,1,1,train,1,dat1,product-022,cat-home,shop-11,Wed Jun 24 2026 08:55:00 GMT+0700 (Indochina Time),1,synthetic-preference-rule,1,0.1,5,1,0,0,1,0,408,1,9.2266,0,0.8904,0.8,1,100,1
dat1-pair-0198,mock-reco-v1,20260902,1,1,train,2,dat1,product-081,cat-mother-baby,shop-11,Fri Jun 26 2026 05:56:00 GMT+0700 (Indochina Time),0,synthetic-preference-rule,0.2,0.1,2,0,0,0,1,0,445,0.017,8.1784,1,0.8877,0.4686,1,100,1
dat1-pair-0199,mock-reco-v1,20260902,1,1,train,3,dat1,product-065,cat-beauty,shop-02,Sat Jun 27 2026 02:41:00 GMT+0700 (Indochina Time),1,synthetic-preference-rule,0.2,1,5,1,1,0,1,0,473,0.419,9.3637,0,0.9151,0.4971,1,100,1
dat1-pair-0200,mock-reco-v1,20260902,1,1,train,4,dat1,product-119,cat-grocery,shop-12,Sat Jun 27 2026 23:42:00 GMT+0700 (Indochina Time),0,synthetic-preference-rule,0.2,0.1,1,1,0,0,0.9091,0,425,0.345,8.2,0,0.6137,0.5257,1,100,1
dat1-pair-0201,mock-reco-v1,20260902,1,1,heldout,0,dat1,product-102,cat-pets,shop-10,Sun Jun 28 2026 19:37:00 GMT+0700 (Indochina Time),1,synthetic-preference-rule,0.2,1,5,1,1,0,1,0,387,1,7.5385,0,0.6521,0.5543,1,100,1
dat1-pair-0202,mock-reco-v1,20260902,1,1,train,1,dat1,product-057,cat-fashion-men,shop-09,Mon Jun 29 2026 16:38:00 GMT+0700 (Indochina Time),0,synthetic-preference-rule,0.2,0.1,2,0,0,0,1,0,422,1,8.6034,0,0.8082,0.5829,1,100,1
dat1-pair-0203,mock-reco-v1,20260902,1,1,train,2,dat1,product-013,cat-computers,shop-02,Tue Jun 30 2026 13:39:00 GMT+0700 (Indochina Time),1,synthetic-preference-rule,1,1,5,1,1,0,1,0,452,1,8.6019,0,0.6658,0.9714,1,100,1
dat1-pair-0204,mock-reco-v1,20260902,1,1,train,3,dat1,product-085,cat-mother-baby,shop-08,Wed Jul 01 2026 10:40:00 GMT+0700 (Indochina Time),0,synthetic-preference-rule,0.2,0.1,1,1,0,0,0.9818,0,467,0.741,9.2142,0,0.8986,0.44,1,100,1
dat1-pair-0205,mock-reco-v1,20260902,1,1,train,4,dat1,product-036,cat-kitchen,shop-10,Thu Jul 02 2026 07:41:00 GMT+0700 (Indochina Time),1,synthetic-preference-rule,0.2,1,5,1,1,0,1,0,399,1,8.4098,1,0.9863,0.4686,1,100,1
dat1-pair-0206,mock-reco-v1,20260902,1,1,heldout,0,dat1,product-033,cat-kitchen,shop-07,Sat Jul 04 2026 04:42:00 GMT+0700 (Indochina Time),0,synthetic-preference-rule,0.2,0.1,2,0,0,0,1,0,466,1,9.1429,0,0.989,0.4971,1,100,1
dat1-pair-0207,mock-reco-v1,20260902,1,1,train,1,dat1,product-092,cat-books,shop-07,Sun Jul 05 2026 01:43:00 GMT+0700 (Indochina Time),1,synthetic-preference-rule,1,0.1,5,1,0,0,1,0,451,0.827,7.9204,0,0.9699,0.8857,1,100,1
dat1-pair-0208,mock-reco-v1,20260902,1,1,train,2,dat1,product-061,cat-beauty,shop-06,Sun Jul 05 2026 22:44:00 GMT+0700 (Indochina Time),0,synthetic-preference-rule,0.2,0.1,1,1,0,0,1,0,495,1,8.5528,1,0.926,0.5543,1,100,1
dat1-pair-0209,mock-reco-v1,20260902,1,1,train,3,dat1,product-004,cat-electronics,shop-04,Mon Jul 06 2026 19:29:00 GMT+0700 (Indochina Time),1,synthetic-preference-rule,1,0.1,5,1,0,0,1,0,434,0.254,9.0065,0,0.5233,0.9429,1,100,1
dat1-pair-0210,mock-reco-v1,20260902,1,1,train,4,dat1,product-089,cat-mother-baby,shop-04,Tue Jul 07 2026 16:30:00 GMT+0700 (Indochina Time),0,synthetic-preference-rule,0.2,0.1,2,0,0,0,1,0,489,0.969,8.4152,1,0.9096,0.6114,1,100,1
dat1-pair-0211,mock-reco-v1,20260902,1,1,heldout,0,dat1,product-023,cat-home,shop-04,Wed Jul 08 2026 22:08:00 GMT+0700 (Indochina Time),1,synthetic-preference-rule,1,0.1,5,1,0,0,1,0,445,1,9.3744,1,0.8986,0.8,1,100,1
dat1-pair-0212,mock-reco-v1,20260902,1,1,train,1,dat1,product-037,cat-kitchen,shop-04,Fri Jul 10 2026 01:07:00 GMT+0700 (Indochina Time),0,synthetic-preference-rule,0.2,0.1,1,1,0,0,1,0,488,1,7.9628,0,0.9781,0.4686,1,100,1
dat1-pair-0213,mock-reco-v1,20260902,1,1,train,2,dat1,product-069,cat-beauty,shop-10,Sat Jul 11 2026 04:06:00 GMT+0700 (Indochina Time),1,synthetic-preference-rule,0.2,1,6,1,1,0,1,0,451,0.191,8.3497,0,0.9041,0.4971,0,100,1
dat1-pair-0214,mock-reco-v1,20260902,1,1,train,3,dat1,product-064,cat-beauty,shop-09,Sat Jul 11 2026 07:05:00 GMT+0700 (Indochina Time),0,synthetic-preference-rule,0.2,0.1,2,0,0,0,1,0,480,0.362,9.2141,0,0.9288,0.5257,1,100,1
dat1-pair-0215,mock-reco-v1,20260902,1,1,train,4,dat1,product-103,cat-pets,shop-03,Sun Jul 12 2026 10:12:00 GMT+0700 (Indochina Time),1,synthetic-preference-rule,0.2,1,6,1,1,0,1,0,372,0.286,5.5607,0,0.6548,0.5543,0,100,1
dat1-pair-0216,mock-reco-v1,20260902,1,1,heldout,0,dat1,product-104,cat-pets,shop-08,Mon Jul 13 2026 13:11:00 GMT+0700 (Indochina Time),0,synthetic-preference-rule,0.2,0.1,2,0,0,0,0.4727,1,461,1,9.2725,0,0.6575,0.5829,1,100,1
dat1-pair-0217,mock-reco-v1,20260902,1,1,train,1,dat1,product-014,cat-computers,shop-07,Tue Jul 14 2026 16:10:00 GMT+0700 (Indochina Time),1,synthetic-preference-rule,1,0.1,6,1,0,0,1,0,415,0.441,8.2488,0,0.6685,0.9714,1,100,1
dat1-pair-0218,mock-reco-v1,20260902,1,1,train,2,dat1,product-041,cat-fashion-women,shop-12,Wed Jul 15 2026 19:09:00 GMT+0700 (Indochina Time),0,synthetic-preference-rule,0.2,0.1,2,0,0,1,1,0,409,1,9.2813,1,0.7342,0.44,1,100,1
dat1-pair-0219,mock-reco-v1,20260902,1,1,train,3,dat1,product-039,cat-kitchen,shop-02,Thu Jul 16 2026 22:00:00 GMT+0700 (Indochina Time),1,synthetic-preference-rule,0.2,1,6,1,1,0,1,0,458,1,7.3382,0,0.9726,0.4686,1,100,1
dat1-pair-0220,mock-reco-v1,20260902,1,1,train,4,dat1,product-068,cat-beauty,shop-05,Sat Jul 18 2026 00:59:00 GMT+0700 (Indochina Time),0,synthetic-preference-rule,0.2,0.1,2,0,0,0,1,0,458,1,8.4149,0,0.9178,0.4971,1,100,1
dat1-pair-0221,mock-reco-v1,20260902,1,1,heldout,0,dat1,product-093,cat-books,shop-12,Sat Jul 18 2026 08:11:00 GMT+0700 (Indochina Time),1,synthetic-preference-rule,1,0.1,6,1,0,0,1,0,436,0.046,8.9372,0,0.9726,0.8857,1,100,1
dat1-pair-0222,mock-reco-v1,20260902,1,1,train,1,dat1,product-108,cat-pets,shop-04,Sun Jul 19 2026 09:28:00 GMT+0700 (Indochina Time),0,synthetic-preference-rule,0.2,0.1,1,0,0,1,0.0364,1,483,0.229,8.3345,0,0.6685,0.5543,1,100,1
dat1-pair-0223,mock-reco-v1,20260902,1,1,train,2,dat1,product-005,cat-electronics,shop-09,Mon Jul 20 2026 14:09:00 GMT+0700 (Indochina Time),1,synthetic-preference-rule,1,0.1,5,1,0,0,1,0,471,1,8.1014,0,0.5315,0.9429,1,100,1
dat1-pair-0224,mock-reco-v1,20260902,1,1,train,3,dat1,product-047,cat-fashion-women,shop-06,Tue Jul 21 2026 11:10:00 GMT+0700 (Indochina Time),0,synthetic-preference-rule,0.2,0.1,2,0,0,0,1,0,439,0.363,6.9285,0,0.7178,0.6114,1,100,1
dat1-pair-0225,mock-reco-v1,20260902,1,1,train,4,dat1,product-024,cat-home,shop-09,Thu Jul 23 2026 00:31:00 GMT+0700 (Indochina Time),1,synthetic-preference-rule,1,0.1,5,1,0,0,0.2364,1,482,1,7.2457,0,0.8959,0.8,1,100,1
dat1-pair-0226,mock-reco-v1,20260902,1,1,heldout,0,dat1,product-074,cat-sports,shop-12,Thu Jul 23 2026 21:32:00 GMT+0700 (Indochina Time),0,synthetic-preference-rule,0.2,0.1,1,1,0,0,1,0,427,1,7.0326,0,0.5096,0.4686,1,100,1
dat1-pair-0227,mock-reco-v1,20260902,1,1,train,1,dat1,product-070,cat-beauty,shop-03,Sat Jul 25 2026 06:29:00 GMT+0700 (Indochina Time),1,synthetic-preference-rule,0.2,1,5,1,1,0,0.0909,1,488,0.972,8.6739,0,0.9014,0.4971,1,100,1
dat1-pair-0228,mock-reco-v1,20260902,1,1,train,2,dat1,product-114,cat-grocery,shop-11,Sun Jul 26 2026 03:30:00 GMT+0700 (Indochina Time),0,synthetic-preference-rule,0.2,0.1,2,0,0,0,0.3818,1,470,1,8.9288,0,0.6274,0.5257,1,100,1
dat1-pair-0229,mock-reco-v1,20260902,1,1,train,3,dat1,product-105,cat-pets,shop-01,Sun Jul 26 2026 12:35:00 GMT+0700 (Indochina Time),1,synthetic-preference-rule,0.2,1,5,1,1,0,1,0,446,0.172,9.1074,0,0.6603,0.5543,1,100,1
dat1-pair-0230,mock-reco-v1,20260902,1,1,train,4,dat1,product-052,cat-fashion-men,shop-08,Mon Jul 27 2026 09:36:00 GMT+0700 (Indochina Time),0,synthetic-preference-rule,0.2,0.1,1,1,0,0,1,0,415,0.335,8.5966,0,0.8164,0.5829,0,100,1
dat1-pair-0231,mock-reco-v1,20260902,1,1,heldout,0,dat1,product-015,cat-computers,shop-12,Tue Jul 28 2026 17:06:00 GMT+0700 (Indochina Time),1,synthetic-preference-rule,1,0.1,5,1,0,0,1,0,482,1,8.9526,0,0.6712,0.9714,1,100,1
dat1-pair-0232,mock-reco-v1,20260902,1,1,train,1,dat1,product-080,cat-sports,shop-06,Wed Jul 29 2026 20:05:00 GMT+0700 (Indochina Time),0,synthetic-preference-rule,0.2,0.1,2,0,0,0,1,0,457,0.505,8.1371,0,0.9863,0.44,1,100,1
dat1-pair-0233,mock-reco-v1,20260902,1,1,train,2,dat1,product-043,cat-fashion-women,shop-10,Thu Jul 30 2026 11:08:00 GMT+0700 (Indochina Time),1,synthetic-preference-rule,0.2,1,5,1,1,1,1,0,461,1,8.9223,0,0.7288,0.4686,1,100,1
dat1-pair-0234,mock-reco-v1,20260902,1,1,train,3,dat1,product-118,cat-grocery,shop-07,Fri Jul 31 2026 14:07:00 GMT+0700 (Indochina Time),0,synthetic-preference-rule,0.2,0.1,1,1,0,0,0.0545,1,448,0.06,6.9754,0,0.6384,0.4971,1,100,1
dat1-pair-0235,mock-reco-v1,20260902,1,1,train,4,dat1,product-094,cat-books,shop-05,Sun Aug 02 2026 05:02:00 GMT+0700 (Indochina Time),1,synthetic-preference-rule,1,0.1,5,1,0,1,0.1091,1,399,1,8.698,0,0.9753,0.8857,1,100,1
dat1-pair-0236,mock-reco-v1,20260902,1,1,heldout,0,dat1,product-056,cat-fashion-men,shop-04,Sun Aug 02 2026 08:01:00 GMT+0700 (Indochina Time),0,synthetic-preference-rule,0.2,0.1,2,0,0,0,1,0,437,1,9.3834,1,0.8055,0.5543,1,100,1
dat1-pair-0237,mock-reco-v1,20260902,1,1,train,1,dat1,product-006,cat-electronics,shop-02,Mon Aug 03 2026 23:04:00 GMT+0700 (Indochina Time),1,synthetic-preference-rule,1,1,5,1,1,1,1,0,382,0.14,8.5007,1,0.5288,0.9429,1,100,1
dat1-pair-0238,mock-reco-v1,20260902,1,1,train,2,dat1,product-083,cat-mother-baby,shop-09,Wed Aug 05 2026 02:03:00 GMT+0700 (Indochina Time),0,synthetic-preference-rule,0.2,0.1,1,1,0,0,1,0,371,1,5.7838,0,0.8822,0.6114,1,100,1
dat1-pair-0239,mock-reco-v1,20260902,1,1,train,3,dat1,product-025,cat-home,shop-03,Wed Aug 05 2026 17:14:00 GMT+0700 (Indochina Time),1,synthetic-preference-rule,1,1,6,1,1,1,1,0,393,1,7.2189,0,0.9041,0.8,1,100,1
dat1-pair-0240,mock-reco-v1,20260902,1,1,train,4,dat1,product-031,cat-kitchen,shop-09,Thu Aug 06 2026 20:13:00 GMT+0700 (Indochina Time),0,synthetic-preference-rule,0.2,0.1,2,0,0,0,0.6364,0,414,0.594,6.3733,1,0.9945,0.4686,1,100,1
dat1-pair-0241,mock-reco-v1,20260902,1,1,heldout,0,dat1,product-072,cat-sports,shop-01,Fri Aug 07 2026 11:33:00 GMT+0700 (Indochina Time),1,synthetic-preference-rule,0.2,1,6,1,1,1,0.3273,1,375,1,8.3827,0,0.5151,0.4971,1,100,1
dat1-pair-0242,mock-reco-v1,20260902,1,1,train,1,dat1,product-060,cat-fashion-men,shop-12,Sat Aug 08 2026 08:34:00 GMT+0700 (Indochina Time),0,synthetic-preference-rule,0.2,0.1,1,1,0,0,1,0,371,1,8.8635,0,0.8384,0.5257,1,100,1
dat1-pair-0243,mock-reco-v1,20260902,1,1,train,2,dat1,product-109,cat-pets,shop-10,Mon Aug 10 2026 05:35:00 GMT+0700 (Indochina Time),1,synthetic-preference-rule,0.2,1,6,1,1,1,0.8182,0,380,0.4,8.4007,0,0.6274,0.5543,1,100,1
dat1-pair-0244,mock-reco-v1,20260902,1,1,train,3,dat1,product-088,cat-mother-baby,shop-11,Tue Aug 11 2026 02:36:00 GMT+0700 (Indochina Time),0,synthetic-preference-rule,0.2,0.1,2,0,0,1,1,0,430,0.684,9.0384,0,0.8904,0.5829,1,100,1
dat1-pair-0245,mock-reco-v1,20260902,1,1,train,4,dat1,product-016,cat-computers,shop-05,Tue Aug 11 2026 19:13:00 GMT+0700 (Indochina Time),1,synthetic-preference-rule,1,0.1,6,1,0,1,1,0,445,0.327,8.7175,1,0.674,0.9714,1,100,1
dat1-pair-0246,mock-reco-v1,20260902,1,1,heldout,0,dat1,product-035,cat-kitchen,shop-05,Wed Aug 12 2026 20:30:00 GMT+0700 (Indochina Time),0,synthetic-preference-rule,0.2,0.1,2,0,0,0,1,0,436,1,8.7177,0,0.9836,0.44,0,100,1
dat1-pair-0247,mock-reco-v1,20260902,1,1,train,1,dat1,product-044,cat-fashion-women,shop-03,Thu Aug 13 2026 17:31:00 GMT+0700 (Indochina Time),1,synthetic-preference-rule,0.2,1,6,1,1,1,1,0,372,1,9.1178,0,0.726,0.4686,1,100,1
dat1-pair-0248,mock-reco-v1,20260902,1,1,train,2,dat1,product-063,cat-beauty,shop-04,Fri Aug 14 2026 14:32:00 GMT+0700 (Indochina Time),0,synthetic-preference-rule,0.2,0.1,1,0,0,1,1,0,443,1,9.0382,0,0.9315,0.4971,1,100,1
dat1-pair-0249,mock-reco-v1,20260902,1,1,train,3,dat1,product-095,cat-books,shop-10,Sat Aug 15 2026 11:41:00 GMT+0700 (Indochina Time),1,synthetic-preference-rule,1,1,5,1,1,1,1,0,466,1,9.1999,0,0.9781,0.8857,1,100,1
dat1-pair-0250,mock-reco-v1,20260902,1,1,train,4,dat1,product-101,cat-pets,shop-05,Sun Aug 16 2026 08:42:00 GMT+0700 (Indochina Time),0,synthetic-preference-rule,0.2,0.1,2,0,0,0,1,0,424,1,8.1599,1,0.6493,0.5543,1,100,1
dat1-pair-0251,mock-reco-v1,20260902,1,1,heldout,0,dat1,product-007,cat-electronics,shop-07,Mon Aug 17 2026 14:04:00 GMT+0700 (Indochina Time),1,synthetic-preference-rule,1,0.1,5,1,0,0,1,0,419,0.197,4.1109,0,0.537,0.9429,1,100,1
dat1-pair-0252,mock-reco-v1,20260902,1,1,train,1,dat1,product-040,cat-kitchen,shop-07,Tue Aug 18 2026 17:03:00 GMT+0700 (Indochina Time),0,synthetic-preference-rule,0.2,0.1,1,1,0,0,1,0,421,0.765,9.3859,0,0.9753,0.6114,1,100,1
dat1-pair-0253,mock-reco-v1,20260902,1,1,train,2,dat1,product-026,cat-home,shop-08,Wed Aug 19 2026 20:02:00 GMT+0700 (Indochina Time),1,synthetic-preference-rule,1,0.1,5,1,0,0,1,0,430,1,8.001,1,0.9014,0.8,1,100,1
dat1-pair-0254,mock-reco-v1,20260902,1,1,train,3,dat1,product-067,cat-beauty,shop-12,Thu Aug 20 2026 23:01:00 GMT+0700 (Indochina Time),0,synthetic-preference-rule,0.2,0.1,2,0,0,0,1,0,421,1,7.9707,1,0.9205,0.4686,1,100,1
dat1-pair-0255,mock-reco-v1,20260902,1,1,train,4,dat1,product-076,cat-sports,shop-10,Sat Aug 22 2026 02:00:00 GMT+0700 (Indochina Time),1,synthetic-preference-rule,0.2,1,5,1,1,0,0.7636,0,479,0.277,9.2916,1,0.526,0.4971,1,100,1
dat1-pair-0256,mock-reco-v1,20260902,1,1,heldout,0,dat1,product-107,cat-pets,shop-11,Sun Aug 23 2026 04:59:00 GMT+0700 (Indochina Time),0,synthetic-preference-rule,0.2,0.1,1,1,0,0,1,0,394,1,8.6629,0,0.6658,0.5257,1,100,1
dat1-pair-0257,mock-reco-v1,20260902,1,1,train,1,dat1,product-110,cat-pets,shop-03,Sun Aug 23 2026 07:58:00 GMT+0700 (Indochina Time),1,synthetic-preference-rule,0.2,1,5,1,1,0,1,0,469,1,7.9484,0,0.6301,0.5543,1,100,1
dat1-pair-0258,mock-reco-v1,20260902,1,1,train,2,dat1,product-045,cat-fashion-women,shop-08,Mon Aug 24 2026 10:57:00 GMT+0700 (Indochina Time),0,synthetic-preference-rule,0.2,0.1,2,0,0,0,0.5455,0,387,1,8.3568,1,0.7233,0.5829,1,100,1
dat1-pair-0259,mock-reco-v1,20260902,1,1,train,3,dat1,product-017,cat-computers,shop-10,Tue Aug 25 2026 14:12:00 GMT+0700 (Indochina Time),1,synthetic-preference-rule,1,1,5,1,1,1,1,0,430,1,9.3026,0,0.6767,0.9714,1,100,1
dat1-pair-0260,mock-reco-v1,20260902,1,1,train,4,dat1,product-073,cat-sports,shop-07,Wed Aug 26 2026 17:11:00 GMT+0700 (Indochina Time),0,synthetic-preference-rule,0.2,0.1,1,1,0,0,1,0,464,1,7.9201,0,1,0.44,1,100,1
dat1-pair-0261,mock-reco-v1,20260902,1,1,heldout,0,dat1,product-046,cat-fashion-women,shop-01,Fri Aug 28 2026 00:39:00 GMT+0700 (Indochina Time),1,synthetic-preference-rule,0.2,1,5,1,1,1,1,0,424,1,8.679,1,0.7205,0.4686,1,100,1
dat1-pair-0262,mock-reco-v1,20260902,1,1,train,1,dat1,product-113,cat-grocery,shop-06,Fri Aug 28 2026 21:40:00 GMT+0700 (Indochina Time),0,synthetic-preference-rule,0.2,0.1,2,0,0,0,1,0,433,0.955,8.6873,0,0.6301,0.4971,1,100,1
dat1-pair-0263,mock-reco-v1,20260902,1,1,train,2,dat1,product-096,cat-books,shop-03,Sun Aug 30 2026 06:37:00 GMT+0700 (Indochina Time),1,synthetic-preference-rule,1,1,5,1,1,1,1,0,429,1,9.0212,1,0.9808,0.8857,1,100,1
dat1-pair-0264,mock-reco-v1,20260902,1,1,train,3,dat1,product-049,cat-fashion-women,shop-05,Tue Jun 02 2026 03:38:00 GMT+0700 (Indochina Time),0,synthetic-preference-rule,0.2,0.1,1,1,0,0,1,0,453,0.477,9.1884,0,0.7562,0.5543,1,100,1
dat1-pair-0265,mock-reco-v1,20260902,1,1,train,4,dat1,product-008,cat-electronics,shop-12,Tue Jun 02 2026 12:35:00 GMT+0700 (Indochina Time),1,synthetic-preference-rule,1,0.1,5,1,0,1,0.8909,0,456,0.978,7.4265,0,0.5342,0.9429,1,100,1
dat1-pair-0266,mock-reco-v1,20260902,1,1,heldout,0,dat1,product-078,cat-sports,shop-08,Wed Jun 03 2026 09:36:00 GMT+0700 (Indochina Time),0,synthetic-preference-rule,0.2,0.1,2,0,0,0,1,0,405,1,8.9371,1,0.5205,0.6114,1,100,1
dat1-pair-0267,mock-reco-v1,20260902,1,1,train,1,dat1,product-027,cat-home,shop-01,Thu Jun 04 2026 18:33:00 GMT+0700 (Indochina Time),1,synthetic-preference-rule,1,1,5,1,1,1,1,0,467,1,8.5768,0,0.9096,0.8,1,100,1
dat1-pair-0268,mock-reco-v1,20260902,1,1,train,2,dat1,product-116,cat-grocery,shop-09,Fri Jun 05 2026 15:34:00 GMT+0700 (Indochina Time),0,synthetic-preference-rule,0.2,0.1,1,1,0,0,1,0,396,0.898,9.1934,1,0.6438,0.4686,1,100,1
dat1-pair-0269,mock-reco-v1,20260902,1,1,train,3,dat1,product-077,cat-sports,shop-03,Sun Jun 07 2026 00:31:00 GMT+0700 (Indochina Time),1,synthetic-preference-rule,0.2,1,5,1,1,1,1,0,442,0.22,9.13,0,0.5178,0.4971,1,100,1
dat1-pair-0270,mock-reco-v1,20260902,1,1,train,4,dat1,product-055,cat-fashion-men,shop-11,Sun Jun 07 2026 21:32:00 GMT+0700 (Indochina Time),0,synthetic-preference-rule,0.2,0.1,2,0,0,1,0.0909,1,474,0.392,7.7017,0,0.8027,0.5257,1,100,1
dat1-pair-0271,mock-reco-v1,20260902,1,1,heldout,0,dat1,product-112,cat-grocery,shop-01,Tue Jun 09 2026 04:46:00 GMT+0700 (Indochina Time),1,synthetic-preference-rule,0.2,1,5,1,1,1,1,0,418,0.174,8.3682,0,0.6329,0.5543,1,100,1
dat1-pair-0272,mock-reco-v1,20260902,1,1,train,1,dat1,product-082,cat-mother-baby,shop-04,Tue Jun 09 2026 07:45:00 GMT+0700 (Indochina Time),0,synthetic-preference-rule,0.2,0.1,2,0,0,0,1,0,482,0.798,8.5529,0,0.8849,0.5829,1,100,1
dat1-pair-0273,mock-reco-v1,20260902,1,1,train,2,dat1,product-018,cat-computers,shop-03,Wed Jun 10 2026 22:48:00 GMT+0700 (Indochina Time),1,synthetic-preference-rule,1,1,5,1,1,1,1,0,393,1,9.1428,0,0.6795,0.9714,0,100,1
dat1-pair-0274,mock-reco-v1,20260902,1,1,train,3,dat1,product-120,cat-grocery,shop-05,Fri Jun 12 2026 01:47:00 GMT+0700 (Indochina Time),0,synthetic-preference-rule,0.2,0.1,1,0,0,1,1,0,462,1,8.5679,0,0.611,0.44,0,100,1
dat1-pair-0275,mock-reco-v1,20260902,1,1,train,4,dat1,product-050,cat-fashion-women,shop-10,Fri Jun 12 2026 21:06:00 GMT+0700 (Indochina Time),1,synthetic-preference-rule,0.2,1,4,1,1,1,1,0,490,1,9.3415,0,0.7534,0.4686,1,100,1
dat1-pair-0276,mock-reco-v1,20260902,1,1,heldout,0,dat1,product-059,cat-fashion-men,shop-07,Sun Jun 14 2026 00:05:00 GMT+0700 (Indochina Time),0,synthetic-preference-rule,0.2,0.1,2,0,0,0,1,0,408,1,9.0697,0,0.8356,0.4971,1,100,1
dat1-pair-0277,mock-reco-v1,20260902,1,1,train,1,dat1,product-097,cat-books,shop-09,Sun Jun 14 2026 15:08:00 GMT+0700 (Indochina Time),1,synthetic-preference-rule,1,0.1,4,1,0,0,1,0,414,0.77,7.0335,0,0.9836,0.8857,1,100,1
dat1-pair-0278,mock-reco-v1,20260902,1,1,train,2,dat1,product-087,cat-mother-baby,shop-06,Mon Jun 15 2026 18:07:00 GMT+0700 (Indochina Time),0,synthetic-preference-rule,0.2,0.1,1,0,0,1,1,0,393,1,8.8248,0,0.8932,0.5543,1,100,1
dat1-pair-0279,mock-reco-v1,20260902,1,1,train,3,dat1,product-009,cat-electronics,shop-05,Tue Jun 16 2026 09:10:00 GMT+0700 (Indochina Time),1,synthetic-preference-rule,1,0.1,4,1,0,0,1,0,405,1,9.0851,0,0.9918,0.9429,1,100,1
dat1-pair-0280,mock-reco-v1,20260902,1,1,train,4,dat1,product-034,cat-kitchen,shop-12,Wed Jun 17 2026 12:09:00 GMT+0700 (Indochina Time),0,synthetic-preference-rule,0.2,0.1,2,0,0,0,1,0,429,1,8.9527,1,0.9918,0.6114,1,100,1
dat1-pair-0281,mock-reco-v1,20260902,1,1,heldout,0,dat1,product-028,cat-home,shop-06,Thu Jun 18 2026 23:13:00 GMT+0700 (Indochina Time),1,synthetic-preference-rule,1,0.1,4,1,0,0,0.2,1,378,0.482,8.843,0,0.9068,0.8,1,100,1
dat1-pair-0282,mock-reco-v1,20260902,1,1,train,1,dat1,product-062,cat-beauty,shop-11,Fri Jun 19 2026 20:14:00 GMT+0700 (Indochina Time),0,synthetic-preference-rule,0.2,0.1,1,1,0,0,0.9636,0,406,1,8.8247,0,0.9233,0.4686,1,100,1
dat1-pair-0283,mock-reco-v1,20260902,1,1,train,2,dat1,product-079,cat-sports,shop-01,Sat Jun 20 2026 17:15:00 GMT+0700 (Indochina Time),1,synthetic-preference-rule,0.2,1,4,1,1,0,1,0,494,1,8.5248,0,0.9836,0.4971,1,100,1
dat1-pair-0284,mock-reco-v1,20260902,1,1,train,3,dat1,product-090,cat-mother-baby,shop-09,Sun Jun 21 2026 14:16:00 GMT+0700 (Indochina Time),0,synthetic-preference-rule,0.2,0.1,2,0,0,0,1,0,400,1,8.7216,0,0.9068,0.5257,1,100,1
dat1-pair-0285,mock-reco-v1,20260902,1,1,train,4,dat1,product-117,cat-grocery,shop-02,Mon Jun 22 2026 11:17:00 GMT+0700 (Indochina Time),1,synthetic-preference-rule,0.2,1,4,1,1,1,1,0,411,1,9.3458,0,0.6411,0.5543,1,100,1
dat1-pair-0286,mock-reco-v1,20260902,1,1,heldout,0,dat1,product-038,cat-kitchen,shop-09,Tue Jun 23 2026 08:18:00 GMT+0700 (Indochina Time),0,synthetic-preference-rule,0.2,0.1,1,1,0,0,1,0,451,0.651,7.1333,0,0.9808,0.5829,1,100,1
dat1-pair-0287,mock-reco-v1,20260902,1,1,train,1,dat1,product-019,cat-computers,shop-08,Thu Jun 25 2026 05:19:00 GMT+0700 (Indochina Time),1,synthetic-preference-rule,1,0.1,4,1,0,1,1,0,460,1,7.1325,0,0.6384,0.9714,1,100,1
dat1-pair-0288,mock-reco-v1,20260902,1,1,train,2,dat1,product-066,cat-beauty,shop-07,Fri Jun 26 2026 02:20:00 GMT+0700 (Indochina Time),0,synthetic-preference-rule,0.2,0.1,2,0,0,0,0.5273,0,384,1,7.1515,1,0.9123,0.44,1,100,1
dat1-pair-0289,mock-reco-v1,20260902,1,1,train,3,dat1,product-051,cat-fashion-men,shop-03,Fri Jun 26 2026 23:21:00 GMT+0700 (Indochina Time),1,synthetic-preference-rule,0.2,1,4,1,1,1,0.3455,1,452,1,8.8582,1,0.8137,0.4686,1,100,1
dat1-pair-0290,mock-reco-v1,20260902,1,1,train,4,dat1,product-106,cat-pets,shop-06,Sat Jun 27 2026 20:22:00 GMT+0700 (Indochina Time),0,synthetic-preference-rule,0.2,0.1,1,1,0,0,1,0,409,1,8.9096,1,0.663,0.4971,1,100,1
dat1-pair-0291,mock-reco-v1,20260902,1,1,heldout,0,dat1,product-098,cat-books,shop-02,Sun Jun 28 2026 08:08:00 GMT+0700 (Indochina Time),1,synthetic-preference-rule,1,1,4,1,1,1,0.5455,0,377,1,9.3514,0,0.9863,0.8857,1,100,1
dat1-pair-0292,mock-reco-v1,20260902,1,1,train,1,dat1,product-042,cat-fashion-women,shop-05,Mon Jun 29 2026 11:07:00 GMT+0700 (Indochina Time),0,synthetic-preference-rule,0.2,0.1,2,0,0,0,1,0,446,0.306,5.8693,0,0.7315,0.5543,1,100,1
dat1-pair-0293,mock-reco-v1,20260902,1,1,train,2,dat1,product-010,cat-electronics,shop-10,Tue Jun 30 2026 09:50:00 GMT+0700 (Indochina Time),1,synthetic-preference-rule,1,1,5,1,1,1,1,0,442,0.368,9.2536,0,0.989,0.9429,1,100,1
dat1-pair-0294,mock-reco-v1,20260902,1,1,train,3,dat1,product-071,cat-sports,shop-08,Wed Jul 01 2026 12:49:00 GMT+0700 (Indochina Time),0,synthetic-preference-rule,0.2,0.1,1,1,0,0,1,0,412,0.334,8.6978,1,0.5123,0.6114,1,100,1
dat1-pair-0295,mock-reco-v1,20260902,1,1,train,4,dat1,product-029,cat-home,shop-11,Thu Jul 02 2026 20:12:00 GMT+0700 (Indochina Time),1,synthetic-preference-rule,1,0.1,5,1,0,1,1,0,415,1,9.1587,0,0.9151,0.8,1,100,1
dat1-pair-0296,mock-reco-v1,20260902,1,1,heldout,0,dat1,product-111,cat-grocery,shop-08,Fri Jul 03 2026 23:11:00 GMT+0700 (Indochina Time),0,synthetic-preference-rule,0.2,0.1,2,0,0,0,1,0,381,1,7.8969,1,0.6356,0.4686,1,100,1
dat1-pair-0297,mock-reco-v1,20260902,1,1,train,1,dat1,product-084,cat-mother-baby,shop-02,Sun Jul 05 2026 02:10:00 GMT+0700 (Indochina Time),1,synthetic-preference-rule,0.2,1,5,1,1,1,0.7455,0,408,1,7.5725,0,0.8795,0.4971,1,100,1
dat1-pair-0298,mock-reco-v1,20260902,1,1,train,2,dat1,product-048,cat-fashion-women,shop-11,Mon Jul 06 2026 05:09:00 GMT+0700 (Indochina Time),0,synthetic-preference-rule,0.2,0.1,2,0,0,0,1,0,476,1,7.8785,0,0.7151,0.5257,1,100,1
dat1-pair-0299,mock-reco-v1,20260902,1,1,train,3,dat1,product-001,cat-electronics,shop-01,Mon Jul 06 2026 08:16:00 GMT+0700 (Indochina Time),1,synthetic-preference-rule,1,1,5,1,1,1,1,0,449,1,9.1876,1,0.5205,0.9143,0,100,1
dat1-pair-0300,mock-reco-v1,20260902,1,1,train,4,dat1,product-075,cat-sports,shop-05,Tue Jul 07 2026 11:15:00 GMT+0700 (Indochina Time),0,synthetic-preference-rule,0.2,0.1,1,0,0,1,1,0,390,1,6.1442,0,0.5233,0.5829,1,100,1
dat1-pair-0301,mock-reco-v1,20260902,1,1,heldout,0,dat1,product-020,cat-computers,shop-01,Thu Jul 09 2026 01:18:00 GMT+0700 (Indochina Time),1,synthetic-preference-rule,1,1,5,1,1,1,1,0,423,1,9.3616,0,0.6411,0.9714,1,100,1
dat1-pair-0302,mock-reco-v1,20260902,1,1,train,1,dat1,product-115,cat-grocery,shop-04,Fri Jul 10 2026 04:17:00 GMT+0700 (Indochina Time),0,synthetic-preference-rule,0.2,0.1,2,0,0,0,1,0,485,0.117,9.0135,0,0.6466,0.44,1,100,1
dat1-pair-0303,mock-reco-v1,20260902,1,1,train,2,dat1,product-053,cat-fashion-men,shop-01,Fri Jul 10 2026 19:20:00 GMT+0700 (Indochina Time),1,synthetic-preference-rule,0.2,1,5,1,1,0,1,0,400,1,9.237,0,0.8192,0.4686,1,100,1
dat1-pair-0304,mock-reco-v1,20260902,1,1,train,3,dat1,product-054,cat-fashion-men,shop-06,Sat Jul 11 2026 22:19:00 GMT+0700 (Indochina Time),0,synthetic-preference-rule,0.2,0.1,1,0,0,1,1,0,489,1,9.0654,0,0.8219,0.4971,1,100,1
dat1-pair-0305,mock-reco-v1,20260902,1,1,train,4,dat1,product-099,cat-books,shop-07,Sun Jul 12 2026 13:22:00 GMT+0700 (Indochina Time),1,synthetic-preference-rule,1,0.1,5,1,0,0,0.7818,0,406,0.16,8.58,0,0.989,0.8857,1,100,1
dat1-pair-0306,mock-reco-v1,20260902,1,1,heldout,0,dat1,product-081,cat-mother-baby,shop-11,Mon Jul 13 2026 16:21:00 GMT+0700 (Indochina Time),0,synthetic-preference-rule,0.2,0.1,2,0,0,0,1,0,445,0.017,8.1784,1,0.8877,0.5543,1,100,1
dat1-pair-0307,mock-reco-v1,20260902,1,1,train,1,dat1,product-011,cat-computers,shop-03,Tue Jul 14 2026 07:24:00 GMT+0700 (Indochina Time),1,synthetic-preference-rule,1,1,5,1,1,0,1,0,378,0.384,7.698,1,0.6603,0.9429,1,100,1
dat1-pair-0308,mock-reco-v1,20260902,1,1,train,2,dat1,product-119,cat-grocery,shop-12,Wed Jul 15 2026 10:23:00 GMT+0700 (Indochina Time),0,synthetic-preference-rule,0.2,0.1,1,1,0,0,0.9091,0,425,0.345,8.2,0,0.6137,0.6114,1,100,1
dat1-pair-0309,mock-reco-v1,20260902,1,1,train,3,dat1,product-030,cat-home,shop-04,Fri Jul 17 2026 01:26:00 GMT+0700 (Indochina Time),1,synthetic-preference-rule,1,0.1,5,1,0,0,1,0,452,1,9.3161,0,0.9123,0.8,1,100,1
dat1-pair-0310,mock-reco-v1,20260902,1,1,train,4,dat1,product-057,cat-fashion-men,shop-09,Sat Jul 18 2026 04:25:00 GMT+0700 (Indochina Time),0,synthetic-preference-rule,0.2,0.1,2,0,0,0,1,0,422,1,8.6034,0,0.8082,0.4686,1,100,1
dat1-pair-0311,mock-reco-v1,20260902,1,1,heldout,0,dat1,product-086,cat-mother-baby,shop-01,Sun Jul 19 2026 03:35:00 GMT+0700 (Indochina Time),1,synthetic-preference-rule,0.2,1,5,0,1,1,1,0,378,1,9.3637,1,0.8959,0.4971,0,100,1
dat1-pair-0312,mock-reco-v1,20260902,1,1,train,1,dat1,product-085,cat-mother-baby,shop-08,Mon Jul 20 2026 00:36:00 GMT+0700 (Indochina Time),0,synthetic-preference-rule,0.2,0.1,1,1,0,0,0.9818,0,467,0.741,9.2142,0,0.8986,0.5257,1,100,1
dat1-pair-0313,mock-reco-v1,20260902,1,1,train,2,dat1,product-002,cat-electronics,shop-06,Mon Jul 20 2026 09:33:00 GMT+0700 (Indochina Time),1,synthetic-preference-rule,1,0.1,5,0,0,1,1,0,486,1,9.3408,0,0.5178,0.9143,1,100,1
dat1-pair-0314,mock-reco-v1,20260902,1,1,train,3,dat1,product-033,cat-kitchen,shop-07,Wed Jul 22 2026 06:34:00 GMT+0700 (Indochina Time),0,synthetic-preference-rule,0.2,0.1,2,0,0,0,1,0,466,1,9.1429,0,0.989,0.5829,1,100,1
dat1-pair-0315,mock-reco-v1,20260902,1,1,train,4,dat1,product-021,cat-home,shop-06,Wed Jul 22 2026 15:31:00 GMT+0700 (Indochina Time),1,synthetic-preference-rule,1,0.1,5,0,0,1,1,0,371,0.539,9.0531,1,0.8932,0.9714,1,100,1
dat1-pair-0316,mock-reco-v1,20260902,1,1,heldout,0,dat1,product-061,cat-beauty,shop-06,Thu Jul 23 2026 12:32:00 GMT+0700 (Indochina Time),0,synthetic-preference-rule,0.2,0.1,1,1,0,0,1,0,495,1,8.5528,1,0.926,0.44,1,100,1
dat1-pair-0317,mock-reco-v1,20260902,1,1,train,1,dat1,product-058,cat-fashion-men,shop-02,Fri Jul 24 2026 17:13:00 GMT+0700 (Indochina Time),1,synthetic-preference-rule,0.2,1,5,0,1,1,1,0,385,0.449,8.2509,0,0.811,0.4686,1,100,1
dat1-pair-0318,mock-reco-v1,20260902,1,1,train,2,dat1,product-089,cat-mother-baby,shop-04,Sat Jul 25 2026 14:14:00 GMT+0700 (Indochina Time),0,synthetic-preference-rule,0.2,0.1,2,0,0,0,1,0,489,0.969,8.4152,1,0.9096,0.4971,1,100,1
dat1-pair-0319,mock-reco-v1,20260902,1,1,train,3,dat1,product-100,cat-books,shop-12,Sun Jul 26 2026 23:11:00 GMT+0700 (Indochina Time),1,synthetic-preference-rule,1,0.1,6,0,0,1,1,0,495,1,8.2174,1,0.9918,0.8857,1,100,1
dat1-pair-0320,mock-reco-v1,20260902,1,1,train,4,dat1,product-037,cat-kitchen,shop-04,Mon Jul 27 2026 20:12:00 GMT+0700 (Indochina Time),0,synthetic-preference-rule,0.2,0.1,1,1,0,0,1,0,488,1,7.9628,0,0.9781,0.5543,1,100,1
dat1-pair-0321,mock-reco-v1,20260902,1,1,heldout,0,dat1,product-012,cat-computers,shop-08,Tue Jul 28 2026 12:44:00 GMT+0700 (Indochina Time),1,synthetic-preference-rule,1,0.1,6,0,0,1,0.6545,0,467,1,6.3716,1,0.663,0.9429,1,100,1
dat1-pair-0322,mock-reco-v1,20260902,1,1,train,1,dat1,product-064,cat-beauty,shop-09,Wed Jul 29 2026 15:43:00 GMT+0700 (Indochina Time),0,synthetic-preference-rule,0.2,0.1,2,0,0,0,1,0,480,0.362,9.2141,0,0.9288,0.6114,1,100,1
dat1-pair-0323,mock-reco-v1,20260902,1,1,train,2,dat1,product-032,cat-kitchen,shop-02,Thu Jul 30 2026 18:42:00 GMT+0700 (Indochina Time),1,synthetic-preference-rule,0.2,1,6,0,1,1,1,0,377,1,9.3026,0,0.9973,0.44,1,100,1
dat1-pair-0324,mock-reco-v1,20260902,1,1,train,3,dat1,product-104,cat-pets,shop-08,Fri Jul 31 2026 21:41:00 GMT+0700 (Indochina Time),0,synthetic-preference-rule,0.2,0.1,2,0,0,0,0.4727,1,461,1,9.2725,0,0.6575,0.4686,1,100,1
dat1-pair-0325,mock-reco-v1,20260902,1,1,train,4,dat1,product-091,cat-books,shop-02,Sun Aug 02 2026 00:40:00 GMT+0700 (Indochina Time),1,synthetic-preference-rule,1,1,6,0,1,1,1,0,488,1,8.383,1,0.9671,0.8571,1,100,1
dat1-pair-0326,mock-reco-v1,20260902,1,1,heldout,0,dat1,product-041,cat-fashion-women,shop-12,Mon Aug 03 2026 03:39:00 GMT+0700 (Indochina Time),0,synthetic-preference-rule,0.2,0.1,2,0,0,1,1,0,409,1,9.2813,1,0.7342,0.5257,1,100,1
dat1-pair-0327,mock-reco-v1,20260902,1,1,train,1,dat1,product-003,cat-electronics,shop-11,Tue Aug 04 2026 06:38:00 GMT+0700 (Indochina Time),1,synthetic-preference-rule,1,0.1,6,0,0,1,0.8364,0,397,1,8.7852,0,0.526,0.9143,1,100,1
dat1-pair-0328,mock-reco-v1,20260902,1,1,train,2,dat1,product-068,cat-beauty,shop-05,Tue Aug 04 2026 09:37:00 GMT+0700 (Indochina Time),0,synthetic-preference-rule,0.2,0.1,2,0,0,0,1,0,458,1,8.4149,0,0.9178,0.5829,1,100,1
dat1-pair-0329,mock-reco-v1,20260902,1,1,train,3,dat1,product-022,cat-home,shop-11,Wed Aug 05 2026 12:52:00 GMT+0700 (Indochina Time),1,synthetic-preference-rule,1,0.1,5,1,0,0,1,0,408,1,9.2266,0,0.8904,0.9714,1,100,1
dat1-pair-0330,mock-reco-v1,20260902,1,1,train,4,dat1,product-108,cat-pets,shop-04,Thu Aug 06 2026 15:51:00 GMT+0700 (Indochina Time),0,synthetic-preference-rule,0.2,0.1,1,0,0,1,0.0364,1,483,0.229,8.3345,0,0.6685,0.44,1,100,1
dat1-pair-0331,mock-reco-v1,20260902,1,1,heldout,0,dat1,product-065,cat-beauty,shop-02,Sat Aug 08 2026 03:49:00 GMT+0700 (Indochina Time),1,synthetic-preference-rule,0.2,1,5,1,1,0,1,0,473,0.419,9.3637,0,0.9151,0.4686,1,100,1
dat1-pair-0332,mock-reco-v1,20260902,1,1,train,1,dat1,product-047,cat-fashion-women,shop-06,Sun Aug 09 2026 00:50:00 GMT+0700 (Indochina Time),0,synthetic-preference-rule,0.2,0.1,2,0,0,0,1,0,439,0.363,6.9285,0,0.7178,0.4971,1,100,1
dat1-pair-0333,mock-reco-v1,20260902,1,1,train,2,dat1,product-102,cat-pets,shop-10,Sun Aug 09 2026 21:51:00 GMT+0700 (Indochina Time),1,synthetic-preference-rule,0.2,1,5,1,1,0,1,0,387,1,7.5385,0,0.6521,0.5257,1,100,1
dat1-pair-0334,mock-reco-v1,20260902,1,1,train,3,dat1,product-074,cat-sports,shop-12,Mon Aug 10 2026 18:52:00 GMT+0700 (Indochina Time),0,synthetic-preference-rule,0.2,0.1,1,1,0,0,1,0,427,1,7.0326,0,0.5096,0.5543,1,100,1
dat1-pair-0335,mock-reco-v1,20260902,1,1,train,4,dat1,product-013,cat-computers,shop-02,Tue Aug 11 2026 15:45:00 GMT+0700 (Indochina Time),1,synthetic-preference-rule,1,1,5,1,1,0,1,0,452,1,8.6019,0,0.6658,0.9429,1,100,1
dat1-pair-0336,mock-reco-v1,20260902,1,1,heldout,0,dat1,product-114,cat-grocery,shop-11,Wed Aug 12 2026 12:46:00 GMT+0700 (Indochina Time),0,synthetic-preference-rule,0.2,0.1,2,0,0,0,0.3818,1,470,1,8.9288,0,0.6274,0.6114,1,100,1
dat1-pair-0337,mock-reco-v1,20260902,1,1,train,1,dat1,product-036,cat-kitchen,shop-10,Thu Aug 13 2026 09:47:00 GMT+0700 (Indochina Time),1,synthetic-preference-rule,0.2,1,5,1,1,0,1,0,399,1,8.4098,1,0.9863,0.44,1,100,1
dat1-pair-0338,mock-reco-v1,20260902,1,1,train,2,dat1,product-052,cat-fashion-men,shop-08,Sat Aug 15 2026 06:48:00 GMT+0700 (Indochina Time),0,synthetic-preference-rule,0.2,0.1,1,1,0,0,1,0,415,0.335,8.5966,0,0.8164,0.4686,0,100,1
dat1-pair-0339,mock-reco-v1,20260902,1,1,train,3,dat1,product-092,cat-books,shop-07,Sun Aug 16 2026 03:57:00 GMT+0700 (Indochina Time),1,synthetic-preference-rule,1,0.1,5,1,0,0,1,0,451,0.827,7.9204,0,0.9699,0.8571,1,100,1
dat1-pair-0340,mock-reco-v1,20260902,1,1,train,4,dat1,product-080,cat-sports,shop-06,Mon Aug 17 2026 00:58:00 GMT+0700 (Indochina Time),0,synthetic-preference-rule,0.2,0.1,2,0,0,0,1,0,457,0.505,8.1371,0,0.9863,0.5257,1,100,1
dat1-pair-0341,mock-reco-v1,20260902,1,1,heldout,0,dat1,product-004,cat-electronics,shop-04,Mon Aug 17 2026 13:38:00 GMT+0700 (Indochina Time),1,synthetic-preference-rule,1,0.1,5,1,0,0,1,0,434,0.254,9.0065,0,0.5233,0.9143,1,100,1
dat1-pair-0342,mock-reco-v1,20260902,1,1,train,1,dat1,product-118,cat-grocery,shop-07,Tue Aug 18 2026 16:37:00 GMT+0700 (Indochina Time),0,synthetic-preference-rule,0.2,0.1,1,1,0,0,0.0545,1,448,0.06,6.9754,0,0.6384,0.5829,1,100,1
dat1-pair-0343,mock-reco-v1,20260902,1,1,train,2,dat1,product-023,cat-home,shop-04,Wed Aug 19 2026 07:40:00 GMT+0700 (Indochina Time),1,synthetic-preference-rule,1,0.1,5,1,0,0,1,0,445,1,9.3744,1,0.8986,0.9714,1,100,1
dat1-pair-0344,mock-reco-v1,20260902,1,1,train,3,dat1,product-056,cat-fashion-men,shop-04,Thu Aug 20 2026 10:39:00 GMT+0700 (Indochina Time),0,synthetic-preference-rule,0.2,0.1,2,0,0,0,1,0,437,1,9.3834,1,0.8055,0.44,1,100,1
dat1-pair-0345,mock-reco-v1,20260902,1,1,train,4,dat1,product-069,cat-beauty,shop-10,Sat Aug 22 2026 01:34:00 GMT+0700 (Indochina Time),1,synthetic-preference-rule,0.2,1,6,1,1,0,1,0,451,0.191,8.3497,0,0.9041,0.4686,0,100,1
dat1-pair-0346,mock-reco-v1,20260902,1,1,heldout,0,dat1,product-083,cat-mother-baby,shop-09,Sun Aug 23 2026 04:33:00 GMT+0700 (Indochina Time),0,synthetic-preference-rule,0.2,0.1,1,1,0,0,1,0,371,1,5.7838,0,0.8822,0.4971,1,100,1
dat1-pair-0347,mock-reco-v1,20260902,1,1,train,1,dat1,product-103,cat-pets,shop-03,Sun Aug 23 2026 19:36:00 GMT+0700 (Indochina Time),1,synthetic-preference-rule,0.2,1,6,1,1,0,1,0,372,0.286,5.5607,0,0.6548,0.5257,0,100,1
dat1-pair-0348,mock-reco-v1,20260902,1,1,train,2,dat1,product-031,cat-kitchen,shop-09,Mon Aug 24 2026 22:35:00 GMT+0700 (Indochina Time),0,synthetic-preference-rule,0.2,0.1,2,0,0,0,0.6364,0,414,0.594,6.3733,1,0.9945,0.5543,1,100,1
dat1-pair-0349,mock-reco-v1,20260902,1,1,train,3,dat1,product-014,cat-computers,shop-07,Tue Aug 25 2026 13:46:00 GMT+0700 (Indochina Time),1,synthetic-preference-rule,1,0.1,6,1,0,0,1,0,415,0.441,8.2488,0,0.6685,0.9429,1,100,1
dat1-pair-0350,mock-reco-v1,20260902,1,1,train,4,dat1,product-060,cat-fashion-men,shop-12,Wed Aug 26 2026 16:45:00 GMT+0700 (Indochina Time),0,synthetic-preference-rule,0.2,0.1,1,1,0,0,1,0,371,1,8.8635,0,0.8384,0.6114,1,100,1
dat1-pair-0351,mock-reco-v1,20260902,1,1,heldout,0,dat1,product-039,cat-kitchen,shop-02,Thu Aug 27 2026 11:07:00 GMT+0700 (Indochina Time),1,synthetic-preference-rule,0.2,1,6,1,1,0,1,0,458,1,7.3382,0,0.9726,0.44,1,100,1
dat1-pair-0352,mock-reco-v1,20260902,1,1,train,1,dat1,product-088,cat-mother-baby,shop-11,Fri Aug 28 2026 08:08:00 GMT+0700 (Indochina Time),0,synthetic-preference-rule,0.2,0.1,2,0,0,1,1,0,430,0.684,9.0384,0,0.8904,0.4686,1,100,1
dat1-pair-0353,mock-reco-v1,20260902,1,1,train,2,dat1,product-093,cat-books,shop-12,Sat Aug 29 2026 17:05:00 GMT+0700 (Indochina Time),1,synthetic-preference-rule,1,0.1,6,1,0,0,1,0,436,0.046,8.9372,0,0.9726,0.8571,1,100,1
dat1-pair-0354,mock-reco-v1,20260902,1,1,train,3,dat1,product-035,cat-kitchen,shop-05,Mon Jun 01 2026 14:06:00 GMT+0700 (Indochina Time),0,synthetic-preference-rule,0.2,0.1,2,0,0,0,1,0,436,1,8.7177,0,0.9836,0.5257,0,100,1
dat1-pair-0355,mock-reco-v1,20260902,1,1,train,4,dat1,product-005,cat-electronics,shop-09,Tue Jun 02 2026 23:11:00 GMT+0700 (Indochina Time),1,synthetic-preference-rule,1,0.1,5,1,0,0,1,0,471,1,8.1014,0,0.5315,0.9143,1,100,1
dat1-pair-0356,mock-reco-v1,20260902,1,1,heldout,0,dat1,product-063,cat-beauty,shop-04,Wed Jun 03 2026 20:12:00 GMT+0700 (Indochina Time),0,synthetic-preference-rule,0.2,0.1,1,0,0,1,1,0,443,1,9.0382,0,0.9315,0.5829,1,100,1
dat1-pair-0357,mock-reco-v1,20260902,1,1,train,1,dat1,product-024,cat-home,shop-09,Fri Jun 05 2026 05:09:00 GMT+0700 (Indochina Time),1,synthetic-preference-rule,1,0.1,5,1,0,0,0.2364,1,482,1,7.2457,0,0.8959,0.9714,1,100,1
dat1-pair-0358,mock-reco-v1,20260902,1,1,train,2,dat1,product-101,cat-pets,shop-05,Sat Jun 06 2026 02:10:00 GMT+0700 (Indochina Time),0,synthetic-preference-rule,0.2,0.1,2,0,0,0,1,0,424,1,8.1599,1,0.6493,0.44,1,100,1
dat1-pair-0359,mock-reco-v1,20260902,1,1,train,3,dat1,product-070,cat-beauty,shop-03,Sat Jun 06 2026 11:15:00 GMT+0700 (Indochina Time),1,synthetic-preference-rule,0.2,1,5,1,1,0,0.0909,1,488,0.972,8.6739,0,0.9014,0.4686,1,100,1
dat1-pair-0360,mock-reco-v1,20260902,1,1,train,4,dat1,product-040,cat-kitchen,shop-07,Sun Jun 07 2026 08:16:00 GMT+0700 (Indochina Time),0,synthetic-preference-rule,0.2,0.1,1,1,0,0,1,0,421,0.765,9.3859,0,0.9753,0.4971,1,100,1
dat1-pair-0361,mock-reco-v1,20260902,1,1,heldout,0,dat1,product-105,cat-pets,shop-01,Mon Jun 08 2026 18:40:00 GMT+0700 (Indochina Time),1,synthetic-preference-rule,0.2,1,5,1,1,0,1,0,446,0.172,9.1074,0,0.6603,0.5257,1,100,1
dat1-pair-0362,mock-reco-v1,20260902,1,1,train,1,dat1,product-067,cat-beauty,shop-12,Tue Jun 09 2026 21:39:00 GMT+0700 (Indochina Time),0,synthetic-preference-rule,0.2,0.1,2,0,0,0,1,0,421,1,7.9707,1,0.9205,0.5543,1,100,1
dat1-pair-0363,mock-reco-v1,20260902,1,1,train,2,dat1,product-015,cat-computers,shop-12,Thu Jun 11 2026 00:38:00 GMT+0700 (Indochina Time),1,synthetic-preference-rule,1,0.1,5,1,0,0,1,0,482,1,8.9526,0,0.6712,0.9429,1,100,1
dat1-pair-0364,mock-reco-v1,20260902,1,1,train,3,dat1,product-107,cat-pets,shop-11,Fri Jun 12 2026 03:37:00 GMT+0700 (Indochina Time),0,synthetic-preference-rule,0.2,0.1,1,1,0,0,1,0,394,1,8.6629,0,0.6658,0.6114,1,100,1
dat1-pair-0365,mock-reco-v1,20260902,1,1,train,4,dat1,product-043,cat-fashion-women,shop-10,Sat Jun 13 2026 06:44:00 GMT+0700 (Indochina Time),1,synthetic-preference-rule,0.2,1,5,1,1,1,1,0,461,1,8.9223,0,0.7288,0.44,1,100,1
dat1-pair-0366,mock-reco-v1,20260902,1,1,heldout,0,dat1,product-045,cat-fashion-women,shop-08,Sat Jun 13 2026 09:43:00 GMT+0700 (Indochina Time),0,synthetic-preference-rule,0.2,0.1,2,0,0,0,0.5455,0,387,1,8.3568,1,0.7233,0.4686,1,100,1
dat1-pair-0367,mock-reco-v1,20260902,1,1,train,1,dat1,product-094,cat-books,shop-05,Sun Jun 14 2026 12:42:00 GMT+0700 (Indochina Time),1,synthetic-preference-rule,1,0.1,5,1,0,1,0.1091,1,399,1,8.698,0,0.9753,0.8571,1,100,1
dat1-pair-0368,mock-reco-v1,20260902,1,1,train,2,dat1,product-073,cat-sports,shop-07,Mon Jun 15 2026 15:41:00 GMT+0700 (Indochina Time),0,synthetic-preference-rule,0.2,0.1,1,1,0,0,1,0,464,1,7.9201,0,1,0.5257,1,100,1
dat1-pair-0369,mock-reco-v1,20260902,1,1,train,3,dat1,product-006,cat-electronics,shop-02,Tue Jun 16 2026 18:32:00 GMT+0700 (Indochina Time),1,synthetic-preference-rule,1,1,5,1,1,1,1,0,382,0.14,8.5007,1,0.5288,0.9143,1,100,1
dat1-pair-0370,mock-reco-v1,20260902,1,1,train,4,dat1,product-113,cat-grocery,shop-06,Wed Jun 17 2026 21:31:00 GMT+0700 (Indochina Time),0,synthetic-preference-rule,0.2,0.1,2,0,0,0,1,0,433,0.955,8.6873,0,0.6301,0.5829,1,100,1
dat1-pair-0371,mock-reco-v1,20260902,1,1,heldout,0,dat1,product-025,cat-home,shop-03,Thu Jun 18 2026 16:09:00 GMT+0700 (Indochina Time),1,synthetic-preference-rule,1,1,6,1,1,1,1,0,393,1,7.2189,0,0.9041,0.9714,1,100,1
dat1-pair-0372,mock-reco-v1,20260902,1,1,train,1,dat1,product-049,cat-fashion-women,shop-05,Fri Jun 19 2026 13:10:00 GMT+0700 (Indochina Time),0,synthetic-preference-rule,0.2,0.1,1,1,0,0,1,0,453,0.477,9.1884,0,0.7562,0.44,1,100,1
dat1-pair-0373,mock-reco-v1,20260902,1,1,train,2,dat1,product-072,cat-sports,shop-01,Sat Jun 20 2026 10:11:00 GMT+0700 (Indochina Time),1,synthetic-preference-rule,0.2,1,6,1,1,1,0.3273,1,375,1,8.3827,0,0.5151,0.4686,1,100,1
dat1-pair-0374,mock-reco-v1,20260902,1,1,train,3,dat1,product-078,cat-sports,shop-08,Sun Jun 21 2026 07:12:00 GMT+0700 (Indochina Time),0,synthetic-preference-rule,0.2,0.1,2,0,0,0,1,0,405,1,8.9371,1,0.5205,0.4971,1,100,1
dat1-pair-0375,mock-reco-v1,20260902,1,1,train,4,dat1,product-109,cat-pets,shop-10,Tue Jun 23 2026 04:13:00 GMT+0700 (Indochina Time),1,synthetic-preference-rule,0.2,1,6,1,1,1,0.8182,0,380,0.4,8.4007,0,0.6274,0.5257,1,100,1
dat1-pair-0376,mock-reco-v1,20260902,1,1,heldout,0,dat1,product-116,cat-grocery,shop-09,Wed Jun 24 2026 01:14:00 GMT+0700 (Indochina Time),0,synthetic-preference-rule,0.2,0.1,1,1,0,0,1,0,396,0.898,9.1934,1,0.6438,0.5543,1,100,1
dat1-pair-0377,mock-reco-v1,20260902,1,1,train,1,dat1,product-016,cat-computers,shop-05,Wed Jun 24 2026 22:15:00 GMT+0700 (Indochina Time),1,synthetic-preference-rule,1,0.1,6,1,0,1,1,0,445,0.327,8.7175,1,0.674,0.9429,1,100,1
dat1-pair-0378,mock-reco-v1,20260902,1,1,train,2,dat1,product-055,cat-fashion-men,shop-11,Thu Jun 25 2026 19:16:00 GMT+0700 (Indochina Time),0,synthetic-preference-rule,0.2,0.1,2,0,0,1,0.0909,1,474,0.392,7.7017,0,0.8027,0.6114,1,100,1
dat1-pair-0379,mock-reco-v1,20260902,1,1,train,3,dat1,product-044,cat-fashion-women,shop-03,Fri Jun 26 2026 16:01:00 GMT+0700 (Indochina Time),1,synthetic-preference-rule,0.2,1,6,1,1,1,1,0,372,1,9.1178,0,0.726,0.44,1,100,1
dat1-pair-0380,mock-reco-v1,20260902,1,1,train,4,dat1,product-082,cat-mother-baby,shop-04,Sat Jun 27 2026 13:02:00 GMT+0700 (Indochina Time),0,synthetic-preference-rule,0.2,0.1,2,0,0,0,1,0,482,0.798,8.5529,0,0.8849,0.4686,1,100,1
dat1-pair-0381,mock-reco-v1,20260902,1,1,heldout,0,dat1,product-095,cat-books,shop-10,Mon Jun 29 2026 05:26:00 GMT+0700 (Indochina Time),1,synthetic-preference-rule,1,1,5,1,1,1,1,0,466,1,9.1999,0,0.9781,0.8571,1,100,1
dat1-pair-0382,mock-reco-v1,20260902,1,1,train,1,dat1,product-120,cat-grocery,shop-05,Mon Jun 29 2026 08:25:00 GMT+0700 (Indochina Time),0,synthetic-preference-rule,0.2,0.1,1,0,0,1,1,0,462,1,8.5679,0,0.611,0.5257,0,100,1
dat1-pair-0383,mock-reco-v1,20260902,1,1,train,2,dat1,product-007,cat-electronics,shop-07,Tue Jun 30 2026 23:28:00 GMT+0700 (Indochina Time),1,synthetic-preference-rule,1,0.1,5,1,0,0,1,0,419,0.197,4.1109,0,0.537,0.9143,1,100,1
dat1-pair-0384,mock-reco-v1,20260902,1,1,train,3,dat1,product-059,cat-fashion-men,shop-07,Thu Jul 02 2026 02:27:00 GMT+0700 (Indochina Time),0,synthetic-preference-rule,0.2,0.1,2,0,0,0,1,0,408,1,9.0697,0,0.8356,0.5829,1,100,1
dat1-pair-0385,mock-reco-v1,20260902,1,1,train,4,dat1,product-026,cat-home,shop-08,Thu Jul 02 2026 17:30:00 GMT+0700 (Indochina Time),1,synthetic-preference-rule,1,0.1,5,1,0,0,1,0,430,1,8.001,1,0.9014,0.9714,1,100,1
dat1-pair-0386,mock-reco-v1,20260902,1,1,heldout,0,dat1,product-087,cat-mother-baby,shop-06,Fri Jul 03 2026 20:29:00 GMT+0700 (Indochina Time),0,synthetic-preference-rule,0.2,0.1,1,0,0,1,1,0,393,1,8.8248,0,0.8932,0.44,1,100,1
dat1-pair-0387,mock-reco-v1,20260902,1,1,train,1,dat1,product-076,cat-sports,shop-10,Sat Jul 04 2026 15:48:00 GMT+0700 (Indochina Time),1,synthetic-preference-rule,0.2,1,5,1,1,0,0.7636,0,479,0.277,9.2916,1,0.526,0.4686,1,100,1
dat1-pair-0388,mock-reco-v1,20260902,1,1,train,2,dat1,product-034,cat-kitchen,shop-12,Sun Jul 05 2026 14:31:00 GMT+0700 (Indochina Time),0,synthetic-preference-rule,0.2,0.1,2,0,0,0,1,0,429,1,8.9527,1,0.9918,0.4971,1,100,1
dat1-pair-0389,mock-reco-v1,20260902,1,1,train,3,dat1,product-110,cat-pets,shop-03,Tue Jul 07 2026 05:18:00 GMT+0700 (Indochina Time),1,synthetic-preference-rule,0.2,1,5,1,1,0,1,0,469,1,7.9484,0,0.6301,0.5257,1,100,1
dat1-pair-0390,mock-reco-v1,20260902,1,1,train,4,dat1,product-062,cat-beauty,shop-11,Tue Jul 07 2026 08:17:00 GMT+0700 (Indochina Time),0,synthetic-preference-rule,0.2,0.1,1,1,0,0,0.9636,0,406,1,8.8247,0,0.9233,0.5543,1,100,1
dat1-pair-0391,mock-reco-v1,20260902,1,1,heldout,0,dat1,product-017,cat-computers,shop-10,Thu Jul 09 2026 02:55:00 GMT+0700 (Indochina Time),1,synthetic-preference-rule,1,1,5,1,1,1,1,0,430,1,9.3026,0,0.6767,0.9429,1,100,1
dat1-pair-0392,mock-reco-v1,20260902,1,1,train,1,dat1,product-090,cat-mother-baby,shop-09,Thu Jul 09 2026 23:56:00 GMT+0700 (Indochina Time),0,synthetic-preference-rule,0.2,0.1,2,0,0,0,1,0,400,1,8.7216,0,0.9068,0.6114,1,100,1
dat1-pair-0393,mock-reco-v1,20260902,1,1,train,2,dat1,product-046,cat-fashion-women,shop-01,Fri Jul 10 2026 08:53:00 GMT+0700 (Indochina Time),1,synthetic-preference-rule,0.2,1,5,1,1,1,1,0,424,1,8.679,1,0.7205,0.44,1,100,1
dat1-pair-0394,mock-reco-v1,20260902,1,1,train,3,dat1,product-038,cat-kitchen,shop-09,Sun Jul 12 2026 05:54:00 GMT+0700 (Indochina Time),0,synthetic-preference-rule,0.2,0.1,1,1,0,0,1,0,451,0.651,7.1333,0,0.9808,0.4686,1,100,1
dat1-pair-0395,mock-reco-v1,20260902,1,1,train,4,dat1,product-096,cat-books,shop-03,Sun Jul 12 2026 14:51:00 GMT+0700 (Indochina Time),1,synthetic-preference-rule,1,1,5,1,1,1,1,0,429,1,9.0212,1,0.9808,0.8571,1,100,1
dat1-pair-0396,mock-reco-v1,20260902,1,1,heldout,0,dat1,product-066,cat-beauty,shop-07,Mon Jul 13 2026 11:52:00 GMT+0700 (Indochina Time),0,synthetic-preference-rule,0.2,0.1,2,0,0,0,0.5273,0,384,1,7.1515,1,0.9123,0.5257,1,100,1
dat1-pair-0397,mock-reco-v1,20260902,1,1,train,1,dat1,product-008,cat-electronics,shop-12,Tue Jul 14 2026 20:49:00 GMT+0700 (Indochina Time),1,synthetic-preference-rule,1,0.1,5,1,0,1,0.8909,0,456,0.978,7.4265,0,0.5342,0.9143,1,100,1
dat1-pair-0398,mock-reco-v1,20260902,1,1,train,2,dat1,product-106,cat-pets,shop-06,Wed Jul 15 2026 17:50:00 GMT+0700 (Indochina Time),0,synthetic-preference-rule,0.2,0.1,1,1,0,0,1,0,409,1,8.9096,1,0.663,0.5829,1,100,1
dat1-pair-0399,mock-reco-v1,20260902,1,1,train,3,dat1,product-027,cat-home,shop-01,Fri Jul 17 2026 03:03:00 GMT+0700 (Indochina Time),1,synthetic-preference-rule,1,1,5,1,1,1,1,0,467,1,8.5768,0,0.9096,0.9714,1,100,1
dat1-pair-0400,mock-reco-v1,20260902,1,1,train,4,dat1,product-042,cat-fashion-women,shop-05,Sat Jul 18 2026 00:04:00 GMT+0700 (Indochina Time),0,synthetic-preference-rule,0.2,0.1,2,0,0,0,1,0,446,0.306,5.8693,0,0.7315,0.44,1,100,1
dat1-pair-0401,mock-reco-v1,20260902,1,1,heldout,0,dat1,product-077,cat-sports,shop-03,Sun Jul 19 2026 05:11:00 GMT+0700 (Indochina Time),1,synthetic-preference-rule,0.2,1,5,1,1,1,1,0,442,0.22,9.13,0,0.5178,0.4686,1,100,1
dat1-pair-0402,mock-reco-v1,20260902,1,1,train,1,dat1,product-071,cat-sports,shop-08,Mon Jul 20 2026 02:12:00 GMT+0700 (Indochina Time),0,synthetic-preference-rule,0.2,0.1,1,1,0,0,1,0,412,0.334,8.6978,1,0.5123,0.4971,1,100,1
dat1-pair-0403,mock-reco-v1,20260902,1,1,train,2,dat1,product-112,cat-grocery,shop-01,Mon Jul 20 2026 11:09:00 GMT+0700 (Indochina Time),1,synthetic-preference-rule,0.2,1,5,1,1,1,1,0,418,0.174,8.3682,0,0.6329,0.5257,1,100,1
dat1-pair-0404,mock-reco-v1,20260902,1,1,train,3,dat1,product-111,cat-grocery,shop-08,Tue Jul 21 2026 08:10:00 GMT+0700 (Indochina Time),0,synthetic-preference-rule,0.2,0.1,2,0,0,0,1,0,381,1,7.8969,1,0.6356,0.5543,1,100,1
dat1-pair-0405,mock-reco-v1,20260902,1,1,train,4,dat1,product-018,cat-computers,shop-03,Wed Jul 22 2026 17:07:00 GMT+0700 (Indochina Time),1,synthetic-preference-rule,1,1,5,1,1,1,1,0,393,1,9.1428,0,0.6795,0.9429,0,100,1
dat1-pair-0406,mock-reco-v1,20260902,1,1,heldout,0,dat1,product-048,cat-fashion-women,shop-11,Thu Jul 23 2026 14:08:00 GMT+0700 (Indochina Time),0,synthetic-preference-rule,0.2,0.1,2,0,0,0,1,0,476,1,7.8785,0,0.7151,0.6114,1,100,1
dat1-pair-0407,mock-reco-v1,20260902,1,1,train,1,dat1,product-050,cat-fashion-women,shop-10,Fri Jul 24 2026 23:05:00 GMT+0700 (Indochina Time),1,synthetic-preference-rule,0.2,1,4,1,1,1,1,0,490,1,9.3415,0,0.7534,0.44,1,100,1
dat1-pair-0408,mock-reco-v1,20260902,1,1,train,2,dat1,product-075,cat-sports,shop-05,Sat Jul 25 2026 20:06:00 GMT+0700 (Indochina Time),0,synthetic-preference-rule,0.2,0.1,1,0,0,1,1,0,390,1,6.1442,0,0.5233,0.4686,1,100,1
dat1-pair-0409,mock-reco-v1,20260902,1,1,train,3,dat1,product-097,cat-books,shop-09,Mon Jul 27 2026 05:03:00 GMT+0700 (Indochina Time),1,synthetic-preference-rule,1,0.1,4,1,0,0,1,0,414,0.77,7.0335,0,0.9836,0.8571,1,100,1
dat1-pair-0410,mock-reco-v1,20260902,1,1,train,4,dat1,product-115,cat-grocery,shop-04,Tue Jul 28 2026 02:04:00 GMT+0700 (Indochina Time),0,synthetic-preference-rule,0.2,0.1,2,0,0,0,1,0,485,0.117,9.0135,0,0.6466,0.5257,1,100,1
dat1-pair-0411,mock-reco-v1,20260902,1,1,heldout,0,dat1,product-009,cat-electronics,shop-05,Tue Jul 28 2026 13:34:00 GMT+0700 (Indochina Time),1,synthetic-preference-rule,1,0.1,4,1,0,0,1,0,405,1,9.0851,0,0.9918,0.9143,1,100,1
dat1-pair-0412,mock-reco-v1,20260902,1,1,train,1,dat1,product-054,cat-fashion-men,shop-06,Wed Jul 29 2026 16:33:00 GMT+0700 (Indochina Time),0,synthetic-preference-rule,0.2,0.1,1,0,0,1,1,0,489,1,9.0654,0,0.8219,0.5829,1,100,1
dat1-pair-0413,mock-reco-v1,20260902,1,1,train,2,dat1,product-028,cat-home,shop-06,Thu Jul 30 2026 07:36:00 GMT+0700 (Indochina Time),1,synthetic-preference-rule,1,0.1,4,1,0,0,0.2,1,378,0.482,8.843,0,0.9068,0.9714,1,100,1
dat1-pair-0414,mock-reco-v1,20260902,1,1,train,3,dat1,product-081,cat-mother-baby,shop-11,Fri Jul 31 2026 10:35:00 GMT+0700 (Indochina Time),0,synthetic-preference-rule,0.2,0.1,2,0,0,0,1,0,445,0.017,8.1784,1,0.8877,0.44,1,100,1
dat1-pair-0415,mock-reco-v1,20260902,1,1,train,4,dat1,product-079,cat-sports,shop-01,Sun Aug 02 2026 01:38:00 GMT+0700 (Indochina Time),1,synthetic-preference-rule,0.2,1,4,1,1,0,1,0,494,1,8.5248,0,0.9836,0.4686,1,100,1
dat1-pair-0416,mock-reco-v1,20260902,1,1,heldout,0,dat1,product-119,cat-grocery,shop-12,Mon Aug 03 2026 04:37:00 GMT+0700 (Indochina Time),0,synthetic-preference-rule,0.2,0.1,1,1,0,0,0.9091,0,425,0.345,8.2,0,0.6137,0.4971,1,100,1
dat1-pair-0417,mock-reco-v1,20260902,1,1,train,1,dat1,product-117,cat-grocery,shop-02,Mon Aug 03 2026 19:40:00 GMT+0700 (Indochina Time),1,synthetic-preference-rule,0.2,1,4,1,1,1,1,0,411,1,9.3458,0,0.6411,0.5257,1,100,1
dat1-pair-0418,mock-reco-v1,20260902,1,1,train,2,dat1,product-057,cat-fashion-men,shop-09,Tue Aug 04 2026 22:39:00 GMT+0700 (Indochina Time),0,synthetic-preference-rule,0.2,0.1,2,0,0,0,1,0,422,1,8.6034,0,0.8082,0.5543,1,100,1
dat1-pair-0419,mock-reco-v1,20260902,1,1,train,3,dat1,product-019,cat-computers,shop-08,Wed Aug 05 2026 13:42:00 GMT+0700 (Indochina Time),1,synthetic-preference-rule,1,0.1,4,1,0,1,1,0,460,1,7.1325,0,0.6384,0.9429,1,100,1
dat1-pair-0420,mock-reco-v1,20260902,1,1,train,4,dat1,product-085,cat-mother-baby,shop-08,Thu Aug 06 2026 16:41:00 GMT+0700 (Indochina Time),0,synthetic-preference-rule,0.2,0.1,1,1,0,0,0.9818,0,467,0.741,9.2142,0,0.8986,0.6114,1,100,1
dat1-pair-0421,mock-reco-v1,20260902,1,1,heldout,0,dat1,product-051,cat-fashion-men,shop-03,Fri Aug 07 2026 16:05:00 GMT+0700 (Indochina Time),1,synthetic-preference-rule,0.2,1,4,1,1,1,0.3455,1,452,1,8.8582,1,0.8137,0.44,1,100,1
dat1-pair-0422,mock-reco-v1,20260902,1,1,train,1,dat1,product-033,cat-kitchen,shop-07,Sat Aug 08 2026 13:06:00 GMT+0700 (Indochina Time),0,synthetic-preference-rule,0.2,0.1,2,0,0,0,1,0,466,1,9.1429,0,0.989,0.4686,1,100,1
dat1-pair-0423,mock-reco-v1,20260902,1,1,train,2,dat1,product-098,cat-books,shop-02,Sun Aug 09 2026 10:07:00 GMT+0700 (Indochina Time),1,synthetic-preference-rule,1,1,4,1,1,1,0.5455,0,377,1,9.3514,0,0.9863,0.8571,1,100,1
dat1-pair-0424,mock-reco-v1,20260902,1,1,train,3,dat1,product-061,cat-beauty,shop-06,Mon Aug 10 2026 07:08:00 GMT+0700 (Indochina Time),0,synthetic-preference-rule,0.2,0.1,1,1,0,0,1,0,495,1,8.5528,1,0.926,0.5257,1,100,1
dat1-pair-0425,mock-reco-v1,20260902,1,1,train,4,dat1,product-010,cat-electronics,shop-10,Wed Aug 12 2026 04:01:00 GMT+0700 (Indochina Time),1,synthetic-preference-rule,1,1,5,1,1,1,1,0,442,0.368,9.2536,0,0.989,0.9143,1,100,1
dat1-pair-0426,mock-reco-v1,20260902,1,1,heldout,0,dat1,product-089,cat-mother-baby,shop-04,Thu Aug 13 2026 01:02:00 GMT+0700 (Indochina Time),0,synthetic-preference-rule,0.2,0.1,2,0,0,0,1,0,489,0.969,8.4152,1,0.9096,0.5829,1,100,1
dat1-pair-0427,mock-reco-v1,20260902,1,1,train,1,dat1,product-029,cat-home,shop-11,Thu Aug 13 2026 22:03:00 GMT+0700 (Indochina Time),1,synthetic-preference-rule,1,0.1,5,1,0,1,1,0,415,1,9.1587,0,0.9151,0.9714,1,100,1
dat1-pair-0428,mock-reco-v1,20260902,1,1,train,2,dat1,product-037,cat-kitchen,shop-04,Fri Aug 14 2026 19:04:00 GMT+0700 (Indochina Time),0,synthetic-preference-rule,0.2,0.1,1,1,0,0,1,0,488,1,7.9628,0,0.9781,0.44,1,100,1
dat1-pair-0429,mock-reco-v1,20260902,1,1,train,3,dat1,product-084,cat-mother-baby,shop-02,Sat Aug 15 2026 16:13:00 GMT+0700 (Indochina Time),1,synthetic-preference-rule,0.2,1,5,1,1,1,0.7455,0,408,1,7.5725,0,0.8795,0.4686,1,100,1
dat1-pair-0430,mock-reco-v1,20260902,1,1,train,4,dat1,product-064,cat-beauty,shop-09,Sun Aug 16 2026 13:14:00 GMT+0700 (Indochina Time),0,synthetic-preference-rule,0.2,0.1,2,0,0,0,1,0,480,0.362,9.2141,0,0.9288,0.4971,1,100,1
dat1-pair-0431,mock-reco-v1,20260902,1,1,heldout,0,dat1,product-001,cat-electronics,shop-01,Mon Aug 17 2026 18:36:00 GMT+0700 (Indochina Time),1,synthetic-preference-rule,1,1,5,1,1,1,1,0,449,1,9.1876,1,0.5205,0.8857,0,100,1
dat1-pair-0432,mock-reco-v1,20260902,1,1,train,1,dat1,product-104,cat-pets,shop-08,Tue Aug 18 2026 21:35:00 GMT+0700 (Indochina Time),0,synthetic-preference-rule,0.2,0.1,2,0,0,0,0.4727,1,461,1,9.2725,0,0.6575,0.5543,1,100,1
dat1-pair-0433,mock-reco-v1,20260902,1,1,train,2,dat1,product-020,cat-computers,shop-01,Thu Aug 20 2026 00:34:00 GMT+0700 (Indochina Time),1,synthetic-preference-rule,1,1,5,1,1,1,1,0,423,1,9.3616,0,0.6411,0.9429,1,100,1
dat1-pair-0434,mock-reco-v1,20260902,1,1,train,3,dat1,product-041,cat-fashion-women,shop-12,Fri Aug 21 2026 03:33:00 GMT+0700 (Indochina Time),0,synthetic-preference-rule,0.2,0.1,2,0,0,1,1,0,409,1,9.2813,1,0.7342,0.6114,1,100,1
dat1-pair-0435,mock-reco-v1,20260902,1,1,train,4,dat1,product-053,cat-fashion-men,shop-01,Sat Aug 22 2026 06:32:00 GMT+0700 (Indochina Time),1,synthetic-preference-rule,0.2,1,5,1,1,0,1,0,400,1,9.237,0,0.8192,0.44,1,100,1
dat1-pair-0436,mock-reco-v1,20260902,1,1,heldout,0,dat1,product-068,cat-beauty,shop-05,Sat Aug 22 2026 09:31:00 GMT+0700 (Indochina Time),0,synthetic-preference-rule,0.2,0.1,2,0,0,0,1,0,458,1,8.4149,0,0.9178,0.4686,1,100,1
dat1-pair-0437,mock-reco-v1,20260902,1,1,train,1,dat1,product-099,cat-books,shop-07,Sun Aug 23 2026 12:30:00 GMT+0700 (Indochina Time),1,synthetic-preference-rule,1,0.1,5,1,0,0,0.7818,0,406,0.16,8.58,0,0.989,0.8571,1,100,1
dat1-pair-0438,mock-reco-v1,20260902,1,1,train,2,dat1,product-108,cat-pets,shop-04,Mon Aug 24 2026 15:29:00 GMT+0700 (Indochina Time),0,synthetic-preference-rule,0.2,0.1,1,0,0,1,0.0364,1,483,0.229,8.3345,0,0.6685,0.5257,1,100,1
dat1-pair-0439,mock-reco-v1,20260902,1,1,train,3,dat1,product-011,cat-computers,shop-03,Tue Aug 25 2026 18:44:00 GMT+0700 (Indochina Time),1,synthetic-preference-rule,1,1,5,1,1,0,1,0,378,0.384,7.698,1,0.6603,0.9143,1,100,1
dat1-pair-0440,mock-reco-v1,20260902,1,1,train,4,dat1,product-047,cat-fashion-women,shop-06,Wed Aug 26 2026 21:43:00 GMT+0700 (Indochina Time),0,synthetic-preference-rule,0.2,0.1,2,0,0,0,1,0,439,0.363,6.9285,0,0.7178,0.5829,1,100,1
dat1-pair-0441,mock-reco-v1,20260902,1,1,heldout,0,dat1,product-030,cat-home,shop-04,Thu Aug 27 2026 16:59:00 GMT+0700 (Indochina Time),1,synthetic-preference-rule,1,0.1,5,1,0,0,1,0,452,1,9.3161,0,0.9123,0.9714,1,100,1
dat1-pair-0442,mock-reco-v1,20260902,1,1,train,1,dat1,product-074,cat-sports,shop-12,Fri Aug 28 2026 14:00:00 GMT+0700 (Indochina Time),0,synthetic-preference-rule,0.2,0.1,1,1,0,0,1,0,427,1,7.0326,0,0.5096,0.44,1,100,1
dat1-pair-0443,mock-reco-v1,20260902,1,1,train,2,dat1,product-086,cat-mother-baby,shop-01,Sat Aug 29 2026 22:57:00 GMT+0700 (Indochina Time),1,synthetic-preference-rule,0.2,1,5,0,1,1,1,0,378,1,9.3637,1,0.8959,0.4686,0,100,1
dat1-pair-0444,mock-reco-v1,20260902,1,1,train,3,dat1,product-114,cat-grocery,shop-11,Mon Jun 01 2026 19:58:00 GMT+0700 (Indochina Time),0,synthetic-preference-rule,0.2,0.1,2,0,0,0,0.3818,1,470,1,8.9288,0,0.6274,0.4971,1,100,1
dat1-pair-0445,mock-reco-v1,20260902,1,1,train,4,dat1,product-002,cat-electronics,shop-06,Wed Jun 03 2026 05:03:00 GMT+0700 (Indochina Time),1,synthetic-preference-rule,1,0.1,5,0,0,1,1,0,486,1,9.3408,0,0.5178,0.8857,1,100,1
dat1-pair-0446,mock-reco-v1,20260902,1,1,heldout,0,dat1,product-052,cat-fashion-men,shop-08,Thu Jun 04 2026 02:04:00 GMT+0700 (Indochina Time),0,synthetic-preference-rule,0.2,0.1,1,1,0,0,1,0,415,0.335,8.5966,0,0.8164,0.5543,0,100,1
dat1-pair-0447,mock-reco-v1,20260902,1,1,train,1,dat1,product-021,cat-home,shop-06,Thu Jun 04 2026 11:01:00 GMT+0700 (Indochina Time),1,synthetic-preference-rule,1,0.1,5,0,0,1,1,0,371,0.539,9.0531,1,0.8932,0.9429,1,100,1
dat1-pair-0448,mock-reco-v1,20260902,1,1,train,2,dat1,product-080,cat-sports,shop-06,Fri Jun 05 2026 08:02:00 GMT+0700 (Indochina Time),0,synthetic-preference-rule,0.2,0.1,2,0,0,0,1,0,457,0.505,8.1371,0,0.9863,0.6114,1,100,1
dat1-pair-0449,mock-reco-v1,20260902,1,1,train,3,dat1,product-058,cat-fashion-men,shop-02,Sat Jun 06 2026 17:07:00 GMT+0700 (Indochina Time),1,synthetic-preference-rule,0.2,1,5,0,1,1,1,0,385,0.449,8.2509,0,0.811,0.44,1,100,1
dat1-pair-0450,mock-reco-v1,20260902,1,1,train,4,dat1,product-118,cat-grocery,shop-07,Sun Jun 07 2026 14:08:00 GMT+0700 (Indochina Time),0,synthetic-preference-rule,0.2,0.1,1,1,0,0,0.0545,1,448,0.06,6.9754,0,0.6384,0.4686,1,100,1
dat1-pair-0451,mock-reco-v1,20260902,1,1,heldout,0,dat1,product-100,cat-books,shop-12,Mon Jun 08 2026 19:30:00 GMT+0700 (Indochina Time),1,synthetic-preference-rule,1,0.1,6,0,0,1,1,0,495,1,8.2174,1,0.9918,0.8571,1,100,1
dat1-pair-0452,mock-reco-v1,20260902,1,1,train,1,dat1,product-056,cat-fashion-men,shop-04,Tue Jun 09 2026 22:29:00 GMT+0700 (Indochina Time),0,synthetic-preference-rule,0.2,0.1,2,0,0,0,1,0,437,1,9.3834,1,0.8055,0.5257,1,100,1
dat1-pair-0453,mock-reco-v1,20260902,1,1,train,2,dat1,product-012,cat-computers,shop-08,Wed Jun 10 2026 13:32:00 GMT+0700 (Indochina Time),1,synthetic-preference-rule,1,0.1,6,0,0,1,0.6545,0,467,1,6.3716,1,0.663,0.9143,1,100,1
dat1-pair-0454,mock-reco-v1,20260902,1,1,train,3,dat1,product-083,cat-mother-baby,shop-09,Thu Jun 11 2026 16:31:00 GMT+0700 (Indochina Time),0,synthetic-preference-rule,0.2,0.1,1,1,0,0,1,0,371,1,5.7838,0,0.8822,0.5829,1,100,1
dat1-pair-0455,mock-reco-v1,20260902,1,1,train,4,dat1,product-032,cat-kitchen,shop-02,Fri Jun 12 2026 07:26:00 GMT+0700 (Indochina Time),1,synthetic-preference-rule,0.2,1,6,0,1,1,1,0,377,1,9.3026,0,0.9973,0.6114,1,100,1
dat1-pair-0456,mock-reco-v1,20260902,1,1,heldout,0,dat1,product-031,cat-kitchen,shop-09,Sat Jun 13 2026 10:25:00 GMT+0700 (Indochina Time),0,synthetic-preference-rule,0.2,0.1,2,0,0,0,0.6364,0,414,0.594,6.3733,1,0.9945,0.44,1,100,1
dat1-pair-0457,mock-reco-v1,20260902,1,1,train,1,dat1,product-091,cat-books,shop-02,Mon Jun 15 2026 01:28:00 GMT+0700 (Indochina Time),1,synthetic-preference-rule,1,1,6,0,1,1,1,0,488,1,8.383,1,0.9671,0.8286,1,100,1
dat1-pair-0458,mock-reco-v1,20260902,1,1,train,2,dat1,product-060,cat-fashion-men,shop-12,Tue Jun 16 2026 04:27:00 GMT+0700 (Indochina Time),0,synthetic-preference-rule,0.2,0.1,1,1,0,0,1,0,371,1,8.8635,0,0.8384,0.4971,1,100,1
dat1-pair-0459,mock-reco-v1,20260902,1,1,train,3,dat1,product-003,cat-electronics,shop-11,Tue Jun 16 2026 19:38:00 GMT+0700 (Indochina Time),1,synthetic-preference-rule,1,0.1,6,0,0,1,0.8364,0,397,1,8.7852,0,0.526,0.8857,1,100,1
dat1-pair-0460,mock-reco-v1,20260902,1,1,train,4,dat1,product-088,cat-mother-baby,shop-11,Wed Jun 17 2026 22:37:00 GMT+0700 (Indochina Time),0,synthetic-preference-rule,0.2,0.1,2,0,0,1,1,0,430,0.684,9.0384,0,0.8904,0.5543,1,100,1
dat1-pair-0461,mock-reco-v1,20260902,1,1,heldout,0,dat1,product-022,cat-home,shop-11,Fri Jun 19 2026 00:09:00 GMT+0700 (Indochina Time),1,synthetic-preference-rule,1,0.1,5,1,0,0,1,0,408,1,9.2266,0,0.8904,0.9429,1,100,1
dat1-pair-0462,mock-reco-v1,20260902,1,1,train,1,dat1,product-035,cat-kitchen,shop-05,Fri Jun 19 2026 21:10:00 GMT+0700 (Indochina Time),0,synthetic-preference-rule,0.2,0.1,2,0,0,0,1,0,436,1,8.7177,0,0.9836,0.6114,0,100,1
dat1-pair-0463,mock-reco-v1,20260902,1,1,train,2,dat1,product-065,cat-beauty,shop-02,Sat Jun 20 2026 18:11:00 GMT+0700 (Indochina Time),1,synthetic-preference-rule,0.2,1,5,1,1,0,1,0,473,0.419,9.3637,0,0.9151,0.44,1,100,1
dat1-pair-0464,mock-reco-v1,20260902,1,1,train,3,dat1,product-063,cat-beauty,shop-04,Sun Jun 21 2026 15:12:00 GMT+0700 (Indochina Time),0,synthetic-preference-rule,0.2,0.1,1,0,0,1,1,0,443,1,9.0382,0,0.9315,0.4686,1,100,1
dat1-pair-0465,mock-reco-v1,20260902,1,1,train,4,dat1,product-102,cat-pets,shop-10,Mon Jun 22 2026 12:13:00 GMT+0700 (Indochina Time),1,synthetic-preference-rule,0.2,1,5,1,1,0,1,0,387,1,7.5385,0,0.6521,0.4971,1,100,1
dat1-pair-0466,mock-reco-v1,20260902,1,1,heldout,0,dat1,product-101,cat-pets,shop-05,Tue Jun 23 2026 09:14:00 GMT+0700 (Indochina Time),0,synthetic-preference-rule,0.2,0.1,2,0,0,0,1,0,424,1,8.1599,1,0.6493,0.5257,1,100,1
dat1-pair-0467,mock-reco-v1,20260902,1,1,train,1,dat1,product-013,cat-computers,shop-02,Thu Jun 25 2026 06:15:00 GMT+0700 (Indochina Time),1,synthetic-preference-rule,1,1,5,1,1,0,1,0,452,1,8.6019,0,0.6658,0.9143,1,100,1
dat1-pair-0468,mock-reco-v1,20260902,1,1,train,2,dat1,product-040,cat-kitchen,shop-07,Fri Jun 26 2026 03:16:00 GMT+0700 (Indochina Time),0,synthetic-preference-rule,0.2,0.1,1,1,0,0,1,0,421,0.765,9.3859,0,0.9753,0.5829,1,100,1
dat1-pair-0469,mock-reco-v1,20260902,1,1,train,3,dat1,product-036,cat-kitchen,shop-10,Sat Jun 27 2026 00:01:00 GMT+0700 (Indochina Time),1,synthetic-preference-rule,0.2,1,5,1,1,0,1,0,399,1,8.4098,1,0.9863,0.6114,1,100,1
dat1-pair-0470,mock-reco-v1,20260902,1,1,train,4,dat1,product-067,cat-beauty,shop-12,Sat Jun 27 2026 21:02:00 GMT+0700 (Indochina Time),0,synthetic-preference-rule,0.2,0.1,2,0,0,0,1,0,421,1,7.9707,1,0.9205,0.44,1,100,1
dat1-pair-0471,mock-reco-v1,20260902,1,1,heldout,0,dat1,product-092,cat-books,shop-07,Mon Jun 29 2026 02:40:00 GMT+0700 (Indochina Time),1,synthetic-preference-rule,1,0.1,5,1,0,0,1,0,451,0.827,7.9204,0,0.9699,0.8286,1,100,1
dat1-pair-0472,mock-reco-v1,20260902,1,1,train,1,dat1,product-107,cat-pets,shop-11,Tue Jun 30 2026 05:39:00 GMT+0700 (Indochina Time),0,synthetic-preference-rule,0.2,0.1,1,1,0,0,1,0,394,1,8.6629,0,0.6658,0.4971,1,100,1
dat1-pair-0473,mock-reco-v1,20260902,1,1,train,2,dat1,product-004,cat-electronics,shop-04,Tue Jun 30 2026 08:38:00 GMT+0700 (Indochina Time),1,synthetic-preference-rule,1,0.1,5,1,0,0,1,0,434,0.254,9.0065,0,0.5233,0.8857,1,100,1
dat1-pair-0474,mock-reco-v1,20260902,1,1,train,3,dat1,product-045,cat-fashion-women,shop-08,Wed Jul 01 2026 11:37:00 GMT+0700 (Indochina Time),0,synthetic-preference-rule,0.2,0.1,2,0,0,0,0.5455,0,387,1,8.3568,1,0.7233,0.5543,1,100,1
dat1-pair-0475,mock-reco-v1,20260902,1,1,train,4,dat1,product-023,cat-home,shop-04,Thu Jul 02 2026 14:44:00 GMT+0700 (Indochina Time),1,synthetic-preference-rule,1,0.1,5,1,0,0,1,0,445,1,9.3744,1,0.8986,0.9429,1,100,1
dat1-pair-0476,mock-reco-v1,20260902,1,1,heldout,0,dat1,product-073,cat-sports,shop-07,Fri Jul 03 2026 17:43:00 GMT+0700 (Indochina Time),0,synthetic-preference-rule,0.2,0.1,1,1,0,0,1,0,464,1,7.9201,0,1,0.6114,1,100,1
dat1-pair-0477,mock-reco-v1,20260902,1,1,train,1,dat1,product-069,cat-beauty,shop-10,Sat Jul 04 2026 20:42:00 GMT+0700 (Indochina Time),1,synthetic-preference-rule,0.2,1,6,1,1,0,1,0,451,0.191,8.3497,0,0.9041,0.44,0,100,1
dat1-pair-0478,mock-reco-v1,20260902,1,1,train,2,dat1,product-113,cat-grocery,shop-06,Sun Jul 05 2026 23:41:00 GMT+0700 (Indochina Time),0,synthetic-preference-rule,0.2,0.1,2,0,0,0,1,0,433,0.955,8.6873,0,0.6301,0.4686,1,100,1
dat1-pair-0479,mock-reco-v1,20260902,1,1,train,3,dat1,product-103,cat-pets,shop-03,Tue Jul 07 2026 02:32:00 GMT+0700 (Indochina Time),1,synthetic-preference-rule,0.2,1,6,1,1,0,1,0,372,0.286,5.5607,0,0.6548,0.4971,0,100,1
dat1-pair-0480,mock-reco-v1,20260902,1,1,train,4,dat1,product-049,cat-fashion-women,shop-05,Wed Jul 08 2026 05:31:00 GMT+0700 (Indochina Time),0,synthetic-preference-rule,0.2,0.1,1,1,0,0,1,0,453,0.477,9.1884,0,0.7562,0.5257,1,100,1
dat1-pair-0481,mock-reco-v1,20260902,1,1,heldout,0,dat1,product-014,cat-computers,shop-07,Wed Jul 08 2026 15:11:00 GMT+0700 (Indochina Time),1,synthetic-preference-rule,1,0.1,6,1,0,0,1,0,415,0.441,8.2488,0,0.6685,0.9143,1,100,1
dat1-pair-0482,mock-reco-v1,20260902,1,1,train,1,dat1,product-078,cat-sports,shop-08,Thu Jul 09 2026 12:12:00 GMT+0700 (Indochina Time),0,synthetic-preference-rule,0.2,0.1,2,0,0,0,1,0,405,1,8.9371,1,0.5205,0.5829,1,100,1
dat1-pair-0483,mock-reco-v1,20260902,1,1,train,2,dat1,product-039,cat-kitchen,shop-02,Fri Jul 10 2026 21:09:00 GMT+0700 (Indochina Time),1,synthetic-preference-rule,0.2,1,6,1,1,0,1,0,458,1,7.3382,0,0.9726,0.6114,1,100,1
dat1-pair-0484,mock-reco-v1,20260902,1,1,train,3,dat1,product-116,cat-grocery,shop-09,Sat Jul 11 2026 18:10:00 GMT+0700 (Indochina Time),0,synthetic-preference-rule,0.2,0.1,1,1,0,0,1,0,396,0.898,9.1934,1,0.6438,0.44,1,100,1
dat1-pair-0485,mock-reco-v1,20260902,1,1,train,4,dat1,product-093,cat-books,shop-12,Mon Jul 13 2026 03:07:00 GMT+0700 (Indochina Time),1,synthetic-preference-rule,1,0.1,6,1,0,0,1,0,436,0.046,8.9372,0,0.9726,0.8286,1,100,1
dat1-pair-0486,mock-reco-v1,20260902,1,1,heldout,0,dat1,product-055,cat-fashion-men,shop-11,Tue Jul 14 2026 00:08:00 GMT+0700 (Indochina Time),0,synthetic-preference-rule,0.2,0.1,2,0,0,1,0.0909,1,474,0.392,7.7017,0,0.8027,0.4971,1,100,1
dat1-pair-0487,mock-reco-v1,20260902,1,1,train,1,dat1,product-005,cat-electronics,shop-09,Tue Jul 14 2026 09:05:00 GMT+0700 (Indochina Time),1,synthetic-preference-rule,1,0.1,5,1,0,0,1,0,471,1,8.1014,0,0.5315,0.8857,1,100,1
dat1-pair-0488,mock-reco-v1,20260902,1,1,train,2,dat1,product-082,cat-mother-baby,shop-04,Thu Jul 16 2026 06:06:00 GMT+0700 (Indochina Time),0,synthetic-preference-rule,0.2,0.1,2,0,0,0,1,0,482,0.798,8.5529,0,0.8849,0.5543,1,100,1
dat1-pair-0489,mock-reco-v1,20260902,1,1,train,3,dat1,product-024,cat-home,shop-09,Thu Jul 16 2026 15:19:00 GMT+0700 (Indochina Time),1,synthetic-preference-rule,1,0.1,5,1,0,0,0.2364,1,482,1,7.2457,0,0.8959,0.9429,1,100,1
dat1-pair-0490,mock-reco-v1,20260902,1,1,train,4,dat1,product-120,cat-grocery,shop-05,Fri Jul 17 2026 12:20:00 GMT+0700 (Indochina Time),0,synthetic-preference-rule,0.2,0.1,1,0,0,1,1,0,462,1,8.5679,0,0.611,0.6114,0,100,1
dat1-pair-0491,mock-reco-v1,20260902,1,1,heldout,0,dat1,product-070,cat-beauty,shop-03,Sat Jul 18 2026 17:42:00 GMT+0700 (Indochina Time),1,synthetic-preference-rule,0.2,1,5,1,1,0,0.0909,1,488,0.972,8.6739,0,0.9014,0.44,1,100,1
dat1-pair-0492,mock-reco-v1,20260902,1,1,train,1,dat1,product-059,cat-fashion-men,shop-07,Sun Jul 19 2026 20:41:00 GMT+0700 (Indochina Time),0,synthetic-preference-rule,0.2,0.1,2,0,0,0,1,0,408,1,9.0697,0,0.8356,0.4686,1,100,1
dat1-pair-0493,mock-reco-v1,20260902,1,1,train,2,dat1,product-105,cat-pets,shop-01,Mon Jul 20 2026 11:44:00 GMT+0700 (Indochina Time),1,synthetic-preference-rule,0.2,1,5,1,1,0,1,0,446,0.172,9.1074,0,0.6603,0.4971,1,100,1
dat1-pair-0494,mock-reco-v1,20260902,1,1,train,3,dat1,product-087,cat-mother-baby,shop-06,Tue Jul 21 2026 14:43:00 GMT+0700 (Indochina Time),0,synthetic-preference-rule,0.2,0.1,1,0,0,1,1,0,393,1,8.8248,0,0.8932,0.5257,1,100,1
dat1-pair-0495,mock-reco-v1,20260902,1,1,train,4,dat1,product-015,cat-computers,shop-12,Thu Jul 23 2026 05:46:00 GMT+0700 (Indochina Time),1,synthetic-preference-rule,1,0.1,5,1,0,0,1,0,482,1,8.9526,0,0.6712,0.9143,1,100,1
dat1-pair-0496,mock-reco-v1,20260902,1,1,heldout,0,dat1,product-034,cat-kitchen,shop-12,Thu Jul 23 2026 08:45:00 GMT+0700 (Indochina Time),0,synthetic-preference-rule,0.2,0.1,2,0,0,0,1,0,429,1,8.9527,1,0.9918,0.5829,1,100,1
dat1-pair-0497,mock-reco-v1,20260902,1,1,train,1,dat1,product-043,cat-fashion-women,shop-10,Fri Jul 24 2026 23:48:00 GMT+0700 (Indochina Time),1,synthetic-preference-rule,0.2,1,5,1,1,1,1,0,461,1,8.9223,0,0.7288,0.6114,1,100,1
dat1-pair-0498,mock-reco-v1,20260902,1,1,train,2,dat1,product-062,cat-beauty,shop-11,Sun Jul 26 2026 02:47:00 GMT+0700 (Indochina Time),0,synthetic-preference-rule,0.2,0.1,1,1,0,0,0.9636,0,406,1,8.8247,0,0.9233,0.44,1,100,1
dat1-pair-0499,mock-reco-v1,20260902,1,1,train,3,dat1,product-094,cat-books,shop-05,Sun Jul 26 2026 17:34:00 GMT+0700 (Indochina Time),1,synthetic-preference-rule,1,0.1,5,1,0,1,0.1091,1,399,1,8.698,0,0.9753,0.8286,1,100,1
dat1-pair-0500,mock-reco-v1,20260902,1,1,train,4,dat1,product-090,cat-mother-baby,shop-09,Mon Jul 27 2026 20:33:00 GMT+0700 (Indochina Time),0,synthetic-preference-rule,0.2,0.1,2,0,0,0,1,0,400,1,8.7216,0,0.9068,0.4971,1,100,1
dat1-pair-0501,mock-reco-v1,20260902,1,1,heldout,0,dat1,product-006,cat-electronics,shop-02,Tue Jul 28 2026 15:08:00 GMT+0700 (Indochina Time),1,synthetic-preference-rule,1,1,5,1,1,1,1,0,382,0.14,8.5007,1,0.5288,0.8857,1,100,1
dat1-pair-0502,mock-reco-v1,20260902,1,1,train,1,dat1,product-038,cat-kitchen,shop-09,Wed Jul 29 2026 18:07:00 GMT+0700 (Indochina Time),0,synthetic-preference-rule,0.2,0.1,1,1,0,0,1,0,451,0.651,7.1333,0,0.9808,0.5543,1,100,1
dat1-pair-0503,mock-reco-v1,20260902,1,1,train,2,dat1,product-025,cat-home,shop-03,Thu Jul 30 2026 21:06:00 GMT+0700 (Indochina Time),1,synthetic-preference-rule,1,1,6,1,1,1,1,0,393,1,7.2189,0,0.9041,0.9429,1,100,1
dat1-pair-0504,mock-reco-v1,20260902,1,1,train,3,dat1,product-066,cat-beauty,shop-07,Sat Aug 01 2026 00:05:00 GMT+0700 (Indochina Time),0,synthetic-preference-rule,0.2,0.1,2,0,0,0,0.5273,0,384,1,7.1515,1,0.9123,0.6114,1,100,1
dat1-pair-0505,mock-reco-v1,20260902,1,1,train,4,dat1,product-072,cat-sports,shop-01,Sat Aug 01 2026 22:48:00 GMT+0700 (Indochina Time),1,synthetic-preference-rule,0.2,1,6,1,1,1,0.3273,1,375,1,8.3827,0,0.5151,0.44,1,100,1
dat1-pair-0506,mock-reco-v1,20260902,1,1,heldout,0,dat1,product-106,cat-pets,shop-06,Mon Aug 03 2026 01:47:00 GMT+0700 (Indochina Time),0,synthetic-preference-rule,0.2,0.1,1,1,0,0,1,0,409,1,8.9096,1,0.663,0.4686,1,100,1
dat1-pair-0507,mock-reco-v1,20260902,1,1,train,1,dat1,product-109,cat-pets,shop-10,Tue Aug 04 2026 04:46:00 GMT+0700 (Indochina Time),1,synthetic-preference-rule,0.2,1,6,1,1,1,0.8182,0,380,0.4,8.4007,0,0.6274,0.4971,1,100,1
dat1-pair-0508,mock-reco-v1,20260902,1,1,train,2,dat1,product-042,cat-fashion-women,shop-05,Tue Aug 04 2026 07:45:00 GMT+0700 (Indochina Time),0,synthetic-preference-rule,0.2,0.1,2,0,0,0,1,0,446,0.306,5.8693,0,0.7315,0.5257,1,100,1
dat1-pair-0509,mock-reco-v1,20260902,1,1,train,3,dat1,product-016,cat-computers,shop-05,Wed Aug 05 2026 15:16:00 GMT+0700 (Indochina Time),1,synthetic-preference-rule,1,0.1,6,1,0,1,1,0,445,0.327,8.7175,1,0.674,0.9143,1,100,1
dat1-pair-0510,mock-reco-v1,20260902,1,1,train,4,dat1,product-071,cat-sports,shop-08,Thu Aug 06 2026 18:15:00 GMT+0700 (Indochina Time),0,synthetic-preference-rule,0.2,0.1,1,1,0,0,1,0,412,0.334,8.6978,1,0.5123,0.5829,1,100,1
dat1-pair-0511,mock-reco-v1,20260902,1,1,heldout,0,dat1,product-044,cat-fashion-women,shop-03,Fri Aug 07 2026 08:21:00 GMT+0700 (Indochina Time),1,synthetic-preference-rule,0.2,1,6,1,1,1,1,0,372,1,9.1178,0,0.726,0.6114,1,100,1
dat1-pair-0512,mock-reco-v1,20260902,1,1,train,1,dat1,product-111,cat-grocery,shop-08,Sun Aug 09 2026 05:22:00 GMT+0700 (Indochina Time),0,synthetic-preference-rule,0.2,0.1,2,0,0,0,1,0,381,1,7.8969,1,0.6356,0.44,1,100,1
dat1-pair-0513,mock-reco-v1,20260902,1,1,train,2,dat1,product-095,cat-books,shop-10,Mon Aug 10 2026 02:23:00 GMT+0700 (Indochina Time),1,synthetic-preference-rule,1,1,5,1,1,1,1,0,466,1,9.1999,0,0.9781,0.8286,1,100,1
dat1-pair-0514,mock-reco-v1,20260902,1,1,train,3,dat1,product-048,cat-fashion-women,shop-11,Tue Aug 11 2026 03:40:00 GMT+0700 (Indochina Time),0,synthetic-preference-rule,0.2,0.1,2,0,0,0,1,0,476,1,7.8785,0,0.7151,0.4971,1,100,1
dat1-pair-0515,mock-reco-v1,20260902,1,1,train,4,dat1,product-007,cat-electronics,shop-07,Tue Aug 11 2026 20:17:00 GMT+0700 (Indochina Time),1,synthetic-preference-rule,1,0.1,5,1,0,0,1,0,419,0.197,4.1109,0,0.537,0.8857,1,100,1
dat1-pair-0516,mock-reco-v1,20260902,1,1,heldout,0,dat1,product-075,cat-sports,shop-05,Wed Aug 12 2026 17:18:00 GMT+0700 (Indochina Time),0,synthetic-preference-rule,0.2,0.1,1,0,0,1,1,0,390,1,6.1442,0,0.5233,0.5543,1,100,1
dat1-pair-0517,mock-reco-v1,20260902,1,1,train,1,dat1,product-026,cat-home,shop-08,Thu Aug 13 2026 14:19:00 GMT+0700 (Indochina Time),1,synthetic-preference-rule,1,0.1,5,1,0,0,1,0,430,1,8.001,1,0.9014,0.9429,1,100,1
dat1-pair-0518,mock-reco-v1,20260902,1,1,train,2,dat1,product-115,cat-grocery,shop-04,Fri Aug 14 2026 11:20:00 GMT+0700 (Indochina Time),0,synthetic-preference-rule,0.2,0.1,2,0,0,0,1,0,485,0.117,9.0135,0,0.6466,0.6114,1,100,1
dat1-pair-0519,mock-reco-v1,20260902,1,1,train,3,dat1,product-076,cat-sports,shop-10,Sat Aug 15 2026 12:45:00 GMT+0700 (Indochina Time),1,synthetic-preference-rule,0.2,1,5,1,1,0,0.7636,0,479,0.277,9.2916,1,0.526,0.44,1,100,1
dat1-pair-0520,mock-reco-v1,20260902,1,1,train,4,dat1,product-054,cat-fashion-men,shop-06,Sun Aug 16 2026 09:46:00 GMT+0700 (Indochina Time),0,synthetic-preference-rule,0.2,0.1,1,0,0,1,1,0,489,1,9.0654,0,0.8219,0.4686,1,100,1
dat1-pair-0521,mock-reco-v1,20260902,1,1,heldout,0,dat1,product-110,cat-pets,shop-03,Tue Aug 18 2026 05:50:00 GMT+0700 (Indochina Time),1,synthetic-preference-rule,0.2,1,5,1,1,0,1,0,469,1,7.9484,0,0.6301,0.4971,1,100,1
dat1-pair-0522,mock-reco-v1,20260902,1,1,train,1,dat1,product-081,cat-mother-baby,shop-11,Tue Aug 18 2026 08:49:00 GMT+0700 (Indochina Time),0,synthetic-preference-rule,0.2,0.1,2,0,0,0,1,0,445,0.017,8.1784,1,0.8877,0.5257,1,100,1
dat1-pair-0523,mock-reco-v1,20260902,1,1,train,2,dat1,product-017,cat-computers,shop-10,Wed Aug 19 2026 23:52:00 GMT+0700 (Indochina Time),1,synthetic-preference-rule,1,1,5,1,1,1,1,0,430,1,9.3026,0,0.6767,0.9143,1,100,1
dat1-pair-0524,mock-reco-v1,20260902,1,1,train,3,dat1,product-119,cat-grocery,shop-12,Fri Aug 21 2026 02:51:00 GMT+0700 (Indochina Time),0,synthetic-preference-rule,0.2,0.1,1,1,0,0,0.9091,0,425,0.345,8.2,0,0.6137,0.5829,1,100,1
dat1-pair-0525,mock-reco-v1,20260902,1,1,train,4,dat1,product-046,cat-fashion-women,shop-01,Fri Aug 21 2026 17:54:00 GMT+0700 (Indochina Time),1,synthetic-preference-rule,0.2,1,5,1,1,1,1,0,424,1,8.679,1,0.7205,0.6114,1,100,1
dat1-pair-0526,mock-reco-v1,20260902,1,1,heldout,0,dat1,product-057,cat-fashion-men,shop-09,Sat Aug 22 2026 20:53:00 GMT+0700 (Indochina Time),0,synthetic-preference-rule,0.2,0.1,2,0,0,0,1,0,422,1,8.6034,0,0.8082,0.44,1,100,1
dat1-pair-0527,mock-reco-v1,20260902,1,1,train,1,dat1,product-096,cat-books,shop-03,Sun Aug 23 2026 11:56:00 GMT+0700 (Indochina Time),1,synthetic-preference-rule,1,1,5,1,1,1,1,0,429,1,9.0212,1,0.9808,0.8286,1,100,1
dat1-pair-0528,mock-reco-v1,20260902,1,1,train,2,dat1,product-085,cat-mother-baby,shop-08,Mon Aug 24 2026 14:55:00 GMT+0700 (Indochina Time),0,synthetic-preference-rule,0.2,0.1,1,1,0,0,0.9818,0,467,0.741,9.2142,0,0.8986,0.4971,1,100,1
dat1-pair-0529,mock-reco-v1,20260902,1,1,train,3,dat1,product-008,cat-electronics,shop-12,Wed Aug 26 2026 05:58:00 GMT+0700 (Indochina Time),1,synthetic-preference-rule,1,0.1,5,1,0,1,0.8909,0,456,0.978,7.4265,0,0.5342,0.8857,1,100,1
dat1-pair-0530,mock-reco-v1,20260902,1,1,train,4,dat1,product-033,cat-kitchen,shop-07,Wed Aug 26 2026 08:57:00 GMT+0700 (Indochina Time),0,synthetic-preference-rule,0.2,0.1,2,0,0,0,1,0,466,1,9.1429,0,0.989,0.5543,1,100,1
dat1-pair-0531,mock-reco-v1,20260902,1,1,heldout,0,dat1,product-027,cat-home,shop-01,Fri Aug 28 2026 01:43:00 GMT+0700 (Indochina Time),1,synthetic-preference-rule,1,1,5,1,1,1,1,0,467,1,8.5768,0,0.9096,0.9429,1,100,1
dat1-pair-0532,mock-reco-v1,20260902,1,1,train,1,dat1,product-061,cat-beauty,shop-06,Fri Aug 28 2026 22:44:00 GMT+0700 (Indochina Time),0,synthetic-preference-rule,0.2,0.1,1,1,0,0,1,0,495,1,8.5528,1,0.926,0.6114,1,100,1
dat1-pair-0533,mock-reco-v1,20260902,1,1,train,2,dat1,product-077,cat-sports,shop-03,Sat Aug 29 2026 07:41:00 GMT+0700 (Indochina Time),1,synthetic-preference-rule,0.2,1,5,1,1,1,1,0,442,0.22,9.13,0,0.5178,0.44,1,100,1
dat1-pair-0534,mock-reco-v1,20260902,1,1,train,3,dat1,product-089,cat-mother-baby,shop-04,Tue Jun 02 2026 04:42:00 GMT+0700 (Indochina Time),0,synthetic-preference-rule,0.2,0.1,2,0,0,0,1,0,489,0.969,8.4152,1,0.9096,0.4686,1,100,1
dat1-pair-0535,mock-reco-v1,20260902,1,1,train,4,dat1,product-112,cat-grocery,shop-01,Tue Jun 02 2026 13:39:00 GMT+0700 (Indochina Time),1,synthetic-preference-rule,0.2,1,5,1,1,1,1,0,418,0.174,8.3682,0,0.6329,0.4971,1,100,1
dat1-pair-0536,mock-reco-v1,20260902,1,1,heldout,0,dat1,product-037,cat-kitchen,shop-04,Wed Jun 03 2026 10:40:00 GMT+0700 (Indochina Time),0,synthetic-preference-rule,0.2,0.1,1,1,0,0,1,0,488,1,7.9628,0,0.9781,0.5257,1,100,1
dat1-pair-0537,mock-reco-v1,20260902,1,1,train,1,dat1,product-018,cat-computers,shop-03,Thu Jun 04 2026 19:37:00 GMT+0700 (Indochina Time),1,synthetic-preference-rule,1,1,5,1,1,1,1,0,393,1,9.1428,0,0.6795,0.9143,0,100,1
dat1-pair-0538,mock-reco-v1,20260902,1,1,train,2,dat1,product-064,cat-beauty,shop-09,Fri Jun 05 2026 16:38:00 GMT+0700 (Indochina Time),0,synthetic-preference-rule,0.2,0.1,2,0,0,0,1,0,480,0.362,9.2141,0,0.9288,0.5829,1,100,1
dat1-pair-0539,mock-reco-v1,20260902,1,1,train,3,dat1,product-050,cat-fashion-women,shop-10,Sun Jun 07 2026 01:35:00 GMT+0700 (Indochina Time),1,synthetic-preference-rule,0.2,1,4,1,1,1,1,0,490,1,9.3415,0,0.7534,0.6114,1,100,1
dat1-pair-0540,mock-reco-v1,20260902,1,1,train,4,dat1,product-104,cat-pets,shop-08,Sun Jun 07 2026 22:36:00 GMT+0700 (Indochina Time),0,synthetic-preference-rule,0.2,0.1,2,0,0,0,0.4727,1,461,1,9.2725,0,0.6575,0.44,1,100,1
dat1-pair-0541,mock-reco-v1,20260902,1,1,heldout,0,dat1,product-097,cat-books,shop-09,Mon Jun 08 2026 23:12:00 GMT+0700 (Indochina Time),1,synthetic-preference-rule,1,0.1,4,1,0,0,1,0,414,0.77,7.0335,0,0.9836,0.8286,1,100,1
dat1-pair-0542,mock-reco-v1,20260902,1,1,train,1,dat1,product-041,cat-fashion-women,shop-12,Wed Jun 10 2026 02:11:00 GMT+0700 (Indochina Time),0,synthetic-preference-rule,0.2,0.1,2,0,0,1,1,0,409,1,9.2813,1,0.7342,0.4971,1,100,1
dat1-pair-0543,mock-reco-v1,20260902,1,1,train,2,dat1,product-009,cat-electronics,shop-05,Thu Jun 11 2026 05:10:00 GMT+0700 (Indochina Time),1,synthetic-preference-rule,1,0.1,4,1,0,0,1,0,405,1,9.0851,0,0.9918,0.8857,1,100,1
dat1-pair-0544,mock-reco-v1,20260902,1,1,train,3,dat1,product-068,cat-beauty,shop-05,Thu Jun 11 2026 08:09:00 GMT+0700 (Indochina Time),0,synthetic-preference-rule,0.2,0.1,2,0,0,0,1,0,458,1,8.4149,0,0.9178,0.5543,1,100,1
dat1-pair-0545,mock-reco-v1,20260902,1,1,train,4,dat1,product-028,cat-home,shop-06,Fri Jun 12 2026 11:16:00 GMT+0700 (Indochina Time),1,synthetic-preference-rule,1,0.1,4,1,0,0,0.2,1,378,0.482,8.843,0,0.9068,0.9429,1,100,1
dat1-pair-0546,mock-reco-v1,20260902,1,1,heldout,0,dat1,product-108,cat-pets,shop-04,Sat Jun 13 2026 14:15:00 GMT+0700 (Indochina Time),0,synthetic-preference-rule,0.2,0.1,1,0,0,1,0.0364,1,483,0.229,8.3345,0,0.6685,0.6114,1,100,1
dat1-pair-0547,mock-reco-v1,20260902,1,1,train,1,dat1,product-079,cat-sports,shop-01,Sun Jun 14 2026 17:14:00 GMT+0700 (Indochina Time),1,synthetic-preference-rule,0.2,1,4,1,1,0,1,0,494,1,8.5248,0,0.9836,0.44,1,100,1
dat1-pair-0548,mock-reco-v1,20260902,1,1,train,2,dat1,product-047,cat-fashion-women,shop-06,Mon Jun 15 2026 20:13:00 GMT+0700 (Indochina Time),0,synthetic-preference-rule,0.2,0.1,2,0,0,0,1,0,439,0.363,6.9285,0,0.7178,0.4686,1,100,1
dat1-pair-0549,mock-reco-v1,20260902,1,1,train,3,dat1,product-117,cat-grocery,shop-02,Tue Jun 16 2026 23:04:00 GMT+0700 (Indochina Time),1,synthetic-preference-rule,0.2,1,4,1,1,1,1,0,411,1,9.3458,0,0.6411,0.4971,1,100,1
dat1-pair-0550,mock-reco-v1,20260902,1,1,train,4,dat1,product-074,cat-sports,shop-12,Thu Jun 18 2026 02:03:00 GMT+0700 (Indochina Time),0,synthetic-preference-rule,0.2,0.1,1,1,0,0,1,0,427,1,7.0326,0,0.5096,0.5257,1,100,1
dat1-pair-0551,mock-reco-v1,20260902,1,1,heldout,0,dat1,product-019,cat-computers,shop-08,Thu Jun 18 2026 20:41:00 GMT+0700 (Indochina Time),1,synthetic-preference-rule,1,0.1,4,1,0,1,1,0,460,1,7.1325,0,0.6384,0.9143,1,100,1
dat1-pair-0552,mock-reco-v1,20260902,1,1,train,1,dat1,product-114,cat-grocery,shop-11,Fri Jun 19 2026 17:42:00 GMT+0700 (Indochina Time),0,synthetic-preference-rule,0.2,0.1,2,0,0,0,0.3818,1,470,1,8.9288,0,0.6274,0.5829,1,100,1
dat1-pair-0553,mock-reco-v1,20260902,1,1,train,2,dat1,product-051,cat-fashion-men,shop-03,Sat Jun 20 2026 14:43:00 GMT+0700 (Indochina Time),1,synthetic-preference-rule,0.2,1,4,1,1,1,0.3455,1,452,1,8.8582,1,0.8137,0.6114,1,100,1
dat1-pair-0554,mock-reco-v1,20260902,1,1,train,3,dat1,product-052,cat-fashion-men,shop-08,Sun Jun 21 2026 11:44:00 GMT+0700 (Indochina Time),0,synthetic-preference-rule,0.2,0.1,1,1,0,0,1,0,415,0.335,8.5966,0,0.8164,0.44,0,100,1
dat1-pair-0555,mock-reco-v1,20260902,1,1,train,4,dat1,product-098,cat-books,shop-02,Mon Jun 22 2026 08:45:00 GMT+0700 (Indochina Time),1,synthetic-preference-rule,1,1,4,1,1,1,0.5455,0,377,1,9.3514,0,0.9863,0.8286,1,100,1
dat1-pair-0556,mock-reco-v1,20260902,1,1,heldout,0,dat1,product-080,cat-sports,shop-06,Wed Jun 24 2026 05:46:00 GMT+0700 (Indochina Time),0,synthetic-preference-rule,0.2,0.1,2,0,0,0,1,0,457,0.505,8.1371,0,0.9863,0.4971,1,100,1
dat1-pair-0557,mock-reco-v1,20260902,1,1,train,1,dat1,product-010,cat-electronics,shop-10,Thu Jun 25 2026 02:47:00 GMT+0700 (Indochina Time),1,synthetic-preference-rule,1,1,5,1,1,1,1,0,442,0.368,9.2536,0,0.989,0.8857,1,100,1
dat1-pair-0558,mock-reco-v1,20260902,1,1,train,2,dat1,product-118,cat-grocery,shop-07,Thu Jun 25 2026 23:48:00 GMT+0700 (Indochina Time),0,synthetic-preference-rule,0.2,0.1,1,1,0,0,0.0545,1,448,0.06,6.9754,0,0.6384,0.5543,1,100,1
dat1-pair-0559,mock-reco-v1,20260902,1,1,train,3,dat1,product-029,cat-home,shop-11,Fri Jun 26 2026 20:33:00 GMT+0700 (Indochina Time),1,synthetic-preference-rule,1,0.1,5,1,0,1,1,0,415,1,9.1587,0,0.9151,0.9429,1,100,1
dat1-pair-0560,mock-reco-v1,20260902,1,1,train,4,dat1,product-056,cat-fashion-men,shop-04,Sat Jun 27 2026 17:34:00 GMT+0700 (Indochina Time),0,synthetic-preference-rule,0.2,0.1,2,0,0,0,1,0,437,1,9.3834,1,0.8055,0.6114,1,100,1
dat1-pair-0561,mock-reco-v1,20260902,1,1,heldout,0,dat1,product-084,cat-mother-baby,shop-02,Sun Jun 28 2026 18:10:00 GMT+0700 (Indochina Time),1,synthetic-preference-rule,0.2,1,5,1,1,1,0.7455,0,408,1,7.5725,0,0.8795,0.44,1,100,1
dat1-pair-0562,mock-reco-v1,20260902,1,1,train,1,dat1,product-083,cat-mother-baby,shop-09,Mon Jun 29 2026 21:09:00 GMT+0700 (Indochina Time),0,synthetic-preference-rule,0.2,0.1,1,1,0,0,1,0,371,1,5.7838,0,0.8822,0.4686,1,100,1
dat1-pair-0563,mock-reco-v1,20260902,1,1,train,2,dat1,product-001,cat-electronics,shop-01,Tue Jun 30 2026 12:12:00 GMT+0700 (Indochina Time),1,synthetic-preference-rule,1,1,5,1,1,1,1,0,449,1,9.1876,1,0.5205,0.8571,0,100,1
dat1-pair-0564,mock-reco-v1,20260902,1,1,train,3,dat1,product-031,cat-kitchen,shop-09,Wed Jul 01 2026 15:11:00 GMT+0700 (Indochina Time),0,synthetic-preference-rule,0.2,0.1,2,0,0,0,0.6364,0,414,0.594,6.3733,1,0.9945,0.5257,1,100,1
dat1-pair-0565,mock-reco-v1,20260902,1,1,train,4,dat1,product-020,cat-computers,shop-01,Fri Jul 03 2026 06:06:00 GMT+0700 (Indochina Time),1,synthetic-preference-rule,1,1,5,1,1,1,1,0,423,1,9.3616,0,0.6411,0.9143,1,100,1
dat1-pair-0566,mock-reco-v1,20260902,1,1,heldout,0,dat1,product-060,cat-fashion-men,shop-12,Fri Jul 03 2026 09:05:00 GMT+0700 (Indochina Time),0,synthetic-preference-rule,0.2,0.1,1,1,0,0,1,0,371,1,8.8635,0,0.8384,0.5829,1,100,1
dat1-pair-0567,mock-reco-v1,20260902,1,1,train,1,dat1,product-053,cat-fashion-men,shop-01,Sun Jul 05 2026 00:08:00 GMT+0700 (Indochina Time),1,synthetic-preference-rule,0.2,1,5,1,1,0,1,0,400,1,9.237,0,0.8192,0.6114,1,100,1
dat1-pair-0568,mock-reco-v1,20260902,1,1,train,2,dat1,product-088,cat-mother-baby,shop-11,Mon Jul 06 2026 03:07:00 GMT+0700 (Indochina Time),0,synthetic-preference-rule,0.2,0.1,2,0,0,1,1,0,430,0.684,9.0384,0,0.8904,0.44,1,100,1
dat1-pair-0569,mock-reco-v1,20260902,1,1,train,3,dat1,product-099,cat-books,shop-07,Mon Jul 06 2026 18:18:00 GMT+0700 (Indochina Time),1,synthetic-preference-rule,1,0.1,5,1,0,0,0.7818,0,406,0.16,8.58,0,0.989,0.8286,1,100,1
dat1-pair-0570,mock-reco-v1,20260902,1,1,train,4,dat1,product-035,cat-kitchen,shop-05,Tue Jul 07 2026 21:17:00 GMT+0700 (Indochina Time),0,synthetic-preference-rule,0.2,0.1,2,0,0,0,1,0,436,1,8.7177,0,0.9836,0.4971,0,100,1
dat1-pair-0571,mock-reco-v1,20260902,1,1,heldout,0,dat1,product-011,cat-computers,shop-03,Wed Jul 08 2026 09:15:00 GMT+0700 (Indochina Time),1,synthetic-preference-rule,1,1,5,1,1,0,1,0,378,0.384,7.698,1,0.6603,0.8857,1,100,1
dat1-pair-0572,mock-reco-v1,20260902,1,1,train,1,dat1,product-063,cat-beauty,shop-04,Fri Jul 10 2026 06:16:00 GMT+0700 (Indochina Time),0,synthetic-preference-rule,0.2,0.1,1,0,0,1,1,0,443,1,9.0382,0,0.9315,0.5543,1,100,1
dat1-pair-0573,mock-reco-v1,20260902,1,1,train,2,dat1,product-030,cat-home,shop-04,Fri Jul 10 2026 15:13:00 GMT+0700 (Indochina Time),1,synthetic-preference-rule,1,0.1,5,1,0,0,1,0,452,1,9.3161,0,0.9123,0.9429,1,100,1
dat1-pair-0574,mock-reco-v1,20260902,1,1,train,3,dat1,product-101,cat-pets,shop-05,Sat Jul 11 2026 12:14:00 GMT+0700 (Indochina Time),0,synthetic-preference-rule,0.2,0.1,2,0,0,0,1,0,424,1,8.1599,1,0.6493,0.6114,1,100,1
dat1-pair-0575,mock-reco-v1,20260902,1,1,train,4,dat1,product-086,cat-mother-baby,shop-01,Sun Jul 12 2026 21:19:00 GMT+0700 (Indochina Time),1,synthetic-preference-rule,0.2,1,5,0,1,1,1,0,378,1,9.3637,1,0.8959,0.44,0,100,1
dat1-pair-0576,mock-reco-v1,20260902,1,1,heldout,0,dat1,product-040,cat-kitchen,shop-07,Mon Jul 13 2026 18:20:00 GMT+0700 (Indochina Time),0,synthetic-preference-rule,0.2,0.1,1,1,0,0,1,0,421,0.765,9.3859,0,0.9753,0.4686,1,100,1
dat1-pair-0577,mock-reco-v1,20260902,1,1,train,1,dat1,product-002,cat-electronics,shop-06,Wed Jul 15 2026 03:17:00 GMT+0700 (Indochina Time),1,synthetic-preference-rule,1,0.1,5,0,0,1,1,0,486,1,9.3408,0,0.5178,0.8571,1,100,1
dat1-pair-0578,mock-reco-v1,20260902,1,1,train,2,dat1,product-067,cat-beauty,shop-12,Thu Jul 16 2026 00:18:00 GMT+0700 (Indochina Time),0,synthetic-preference-rule,0.2,0.1,2,0,0,0,1,0,421,1,7.9707,1,0.9205,0.5257,1,100,1
dat1-pair-0579,mock-reco-v1,20260902,1,1,train,3,dat1,product-021,cat-home,shop-06,Thu Jul 16 2026 13:39:00 GMT+0700 (Indochina Time),1,synthetic-preference-rule,1,0.1,5,0,0,1,1,0,371,0.539,9.0531,1,0.8932,0.9143,1,100,1
dat1-pair-0580,mock-reco-v1,20260902,1,1,train,4,dat1,product-107,cat-pets,shop-11,Fri Jul 17 2026 10:40:00 GMT+0700 (Indochina Time),0,synthetic-preference-rule,0.2,0.1,1,1,0,0,1,0,394,1,8.6629,0,0.6658,0.5829,1,100,1
dat1-pair-0581,mock-reco-v1,20260902,1,1,heldout,0,dat1,product-058,cat-fashion-men,shop-02,Sat Jul 18 2026 21:24:00 GMT+0700 (Indochina Time),1,synthetic-preference-rule,0.2,1,5,0,1,1,1,0,385,0.449,8.2509,0,0.811,0.6114,1,100,1
dat1-pair-0582,mock-reco-v1,20260902,1,1,train,1,dat1,product-045,cat-fashion-women,shop-08,Mon Jul 20 2026 00:23:00 GMT+0700 (Indochina Time),0,synthetic-preference-rule,0.2,0.1,2,0,0,0,0.5455,0,387,1,8.3568,1,0.7233,0.44,1,100,1
dat1-pair-0583,mock-reco-v1,20260902,1,1,train,2,dat1,product-100,cat-books,shop-12,Tue Jul 21 2026 03:22:00 GMT+0700 (Indochina Time),1,synthetic-preference-rule,1,0.1,6,0,0,1,1,0,495,1,8.2174,1,0.9918,0.8286,1,100,1
dat1-pair-0584,mock-reco-v1,20260902,1,1,train,3,dat1,product-073,cat-sports,shop-07,Wed Jul 22 2026 06:21:00 GMT+0700 (Indochina Time),0,synthetic-preference-rule,0.2,0.1,1,1,0,0,1,0,464,1,7.9201,0,1,0.4971,1,100,1
dat1-pair-0585,mock-reco-v1,20260902,1,1,train,4,dat1,product-012,cat-computers,shop-08,Wed Jul 22 2026 09:20:00 GMT+0700 (Indochina Time),1,synthetic-preference-rule,1,0.1,6,0,0,1,0.6545,0,467,1,6.3716,1,0.663,0.8857,1,100,1
dat1-pair-0586,mock-reco-v1,20260902,1,1,heldout,0,dat1,product-113,cat-grocery,shop-06,Thu Jul 23 2026 12:19:00 GMT+0700 (Indochina Time),0,synthetic-preference-rule,0.2,0.1,2,0,0,0,1,0,433,0.955,8.6873,0,0.6301,0.5543,1,100,1
dat1-pair-0587,mock-reco-v1,20260902,1,1,train,1,dat1,product-032,cat-kitchen,shop-02,Fri Jul 24 2026 15:18:00 GMT+0700 (Indochina Time),1,synthetic-preference-rule,0.2,1,6,0,1,1,1,0,377,1,9.3026,0,0.9973,0.5829,1,100,1
dat1-pair-0588,mock-reco-v1,20260902,1,1,train,2,dat1,product-049,cat-fashion-women,shop-05,Sat Jul 25 2026 18:17:00 GMT+0700 (Indochina Time),0,synthetic-preference-rule,0.2,0.1,1,1,0,0,1,0,453,0.477,9.1884,0,0.7562,0.6114,1,100,1
dat1-pair-0589,mock-reco-v1,20260902,1,1,train,3,dat1,product-091,cat-books,shop-02,Sun Jul 26 2026 21:16:00 GMT+0700 (Indochina Time),1,synthetic-preference-rule,1,1,6,0,1,1,1,0,488,1,8.383,1,0.9671,0.8,1,100,1
dat1-pair-0590,mock-reco-v1,20260902,1,1,train,4,dat1,product-078,cat-sports,shop-08,Tue Jul 28 2026 00:15:00 GMT+0700 (Indochina Time),0,synthetic-preference-rule,0.2,0.1,2,0,0,0,1,0,405,1,8.9371,1,0.5205,0.4686,1,100,1
dat1-pair-0591,mock-reco-v1,20260902,1,1,heldout,0,dat1,product-003,cat-electronics,shop-11,Tue Jul 28 2026 16:45:00 GMT+0700 (Indochina Time),1,synthetic-preference-rule,1,0.1,6,0,0,1,0.8364,0,397,1,8.7852,0,0.526,0.8571,1,100,1
dat1-pair-0592,mock-reco-v1,20260902,1,1,train,1,dat1,product-116,cat-grocery,shop-09,Wed Jul 29 2026 13:46:00 GMT+0700 (Indochina Time),0,synthetic-preference-rule,0.2,0.1,1,1,0,0,1,0,396,0.898,9.1934,1,0.6438,0.5257,1,100,1
dat1-pair-0593,mock-reco-v1,20260902,1,1,train,2,dat1,product-022,cat-home,shop-11,Thu Jul 30 2026 10:47:00 GMT+0700 (Indochina Time),1,synthetic-preference-rule,1,0.1,5,1,0,0,1,0,408,1,9.2266,0,0.8904,0.9143,1,100,1
dat1-pair-0594,mock-reco-v1,20260902,1,1,train,3,dat1,product-055,cat-fashion-men,shop-11,Fri Jul 31 2026 07:48:00 GMT+0700 (Indochina Time),0,synthetic-preference-rule,0.2,0.1,2,0,0,1,0.0909,1,474,0.392,7.7017,0,0.8027,0.5829,1,100,1
dat1-pair-0595,mock-reco-v1,20260902,1,1,train,4,dat1,product-065,cat-beauty,shop-02,Sun Aug 02 2026 04:41:00 GMT+0700 (Indochina Time),1,synthetic-preference-rule,0.2,1,5,1,1,0,1,0,473,0.419,9.3637,0,0.9151,0.6114,1,100,1
dat1-pair-0596,mock-reco-v1,20260902,1,1,heldout,0,dat1,product-082,cat-mother-baby,shop-04,Mon Aug 03 2026 01:42:00 GMT+0700 (Indochina Time),0,synthetic-preference-rule,0.2,0.1,2,0,0,0,1,0,482,0.798,8.5529,0,0.8849,0.44,1,100,1
dat1-pair-0597,mock-reco-v1,20260902,1,1,train,1,dat1,product-102,cat-pets,shop-10,Mon Aug 03 2026 22:43:00 GMT+0700 (Indochina Time),1,synthetic-preference-rule,0.2,1,5,1,1,0,1,0,387,1,7.5385,0,0.6521,0.4686,1,100,1
dat1-pair-0598,mock-reco-v1,20260902,1,1,train,2,dat1,product-120,cat-grocery,shop-05,Tue Aug 04 2026 19:44:00 GMT+0700 (Indochina Time),0,synthetic-preference-rule,0.2,0.1,1,0,0,1,1,0,462,1,8.5679,0,0.611,0.4971,0,100,1
dat1-pair-0599,mock-reco-v1,20260902,1,1,train,3,dat1,product-013,cat-computers,shop-02,Wed Aug 05 2026 16:37:00 GMT+0700 (Indochina Time),1,synthetic-preference-rule,1,1,5,1,1,0,1,0,452,1,8.6019,0,0.6658,0.8857,1,100,1
dat1-pair-0600,mock-reco-v1,20260902,1,1,train,4,dat1,product-059,cat-fashion-men,shop-07,Thu Aug 06 2026 13:38:00 GMT+0700 (Indochina Time),0,synthetic-preference-rule,0.2,0.1,2,0,0,0,1,0,408,1,9.0697,0,0.8356,0.5543,1,100,1
dat1-pair-0601,mock-reco-v1,20260902,1,1,heldout,0,dat1,product-036,cat-kitchen,shop-10,Fri Aug 07 2026 19:25:00 GMT+0700 (Indochina Time),1,synthetic-preference-rule,0.2,1,5,1,1,0,1,0,399,1,8.4098,1,0.9863,0.5829,1,100,1
dat1-pair-0602,mock-reco-v1,20260902,1,1,train,1,dat1,product-087,cat-mother-baby,shop-06,Sat Aug 08 2026 16:26:00 GMT+0700 (Indochina Time),0,synthetic-preference-rule,0.2,0.1,1,0,0,1,1,0,393,1,8.8248,0,0.8932,0.6114,1,100,1
dat1-pair-0603,mock-reco-v1,20260902,1,1,train,2,dat1,product-092,cat-books,shop-07,Sun Aug 09 2026 13:27:00 GMT+0700 (Indochina Time),1,synthetic-preference-rule,1,0.1,5,1,0,0,1,0,451,0.827,7.9204,0,0.9699,0.8,1,100,1
dat1-pair-0604,mock-reco-v1,20260902,1,1,train,3,dat1,product-034,cat-kitchen,shop-12,Mon Aug 10 2026 10:28:00 GMT+0700 (Indochina Time),0,synthetic-preference-rule,0.2,0.1,2,0,0,0,1,0,429,1,8.9527,1,0.9918,0.4686,1,100,1
dat1-pair-0605,mock-reco-v1,20260902,1,1,train,4,dat1,product-004,cat-electronics,shop-04,Tue Aug 11 2026 07:21:00 GMT+0700 (Indochina Time),1,synthetic-preference-rule,1,0.1,5,1,0,0,1,0,434,0.254,9.0065,0,0.5233,0.8571,1,100,1
dat1-pair-0606,mock-reco-v1,20260902,1,1,heldout,0,dat1,product-062,cat-beauty,shop-11,Thu Aug 13 2026 04:22:00 GMT+0700 (Indochina Time),0,synthetic-preference-rule,0.2,0.1,1,1,0,0,0.9636,0,406,1,8.8247,0,0.9233,0.5257,1,100,1
dat1-pair-0607,mock-reco-v1,20260902,1,1,train,1,dat1,product-023,cat-home,shop-04,Fri Aug 14 2026 01:23:00 GMT+0700 (Indochina Time),1,synthetic-preference-rule,1,0.1,5,1,0,0,1,0,445,1,9.3744,1,0.8986,0.9143,1,100,1
dat1-pair-0608,mock-reco-v1,20260902,1,1,train,2,dat1,product-090,cat-mother-baby,shop-09,Fri Aug 14 2026 22:24:00 GMT+0700 (Indochina Time),0,synthetic-preference-rule,0.2,0.1,2,0,0,0,1,0,400,1,8.7216,0,0.9068,0.5829,1,100,1
dat1-pair-0609,mock-reco-v1,20260902,1,1,train,3,dat1,product-069,cat-beauty,shop-10,Sat Aug 15 2026 19:17:00 GMT+0700 (Indochina Time),1,synthetic-preference-rule,0.2,1,6,1,1,0,1,0,451,0.191,8.3497,0,0.9041,0.6114,0,100,1
dat1-pair-0610,mock-reco-v1,20260902,1,1,train,4,dat1,product-038,cat-kitchen,shop-09,Sun Aug 16 2026 16:18:00 GMT+0700 (Indochina Time),0,synthetic-preference-rule,0.2,0.1,1,1,0,0,1,0,451,0.651,7.1333,0,0.9808,0.44,1,100,1
dat1-pair-0611,mock-reco-v1,20260902,1,1,heldout,0,dat1,product-103,cat-pets,shop-03,Tue Aug 18 2026 00:04:00 GMT+0700 (Indochina Time),1,synthetic-preference-rule,0.2,1,6,1,1,0,1,0,372,0.286,5.5607,0,0.6548,0.4686,0,100,1
dat1-pair-0612,mock-reco-v1,20260902,1,1,train,1,dat1,product-066,cat-beauty,shop-07,Wed Aug 19 2026 03:03:00 GMT+0700 (Indochina Time),0,synthetic-preference-rule,0.2,0.1,2,0,0,0,0.5273,0,384,1,7.1515,1,0.9123,0.4971,1,100,1
dat1-pair-0613,mock-reco-v1,20260902,1,1,train,2,dat1,product-014,cat-computers,shop-07,Thu Aug 20 2026 06:02:00 GMT+0700 (Indochina Time),1,synthetic-preference-rule,1,0.1,6,1,0,0,1,0,415,0.441,8.2488,0,0.6685,0.8857,1,100,1
dat1-pair-0614,mock-reco-v1,20260902,1,1,train,3,dat1,product-106,cat-pets,shop-06,Thu Aug 20 2026 09:01:00 GMT+0700 (Indochina Time),0,synthetic-preference-rule,0.2,0.1,1,1,0,0,1,0,409,1,8.9096,1,0.663,0.5543,1,100,1
dat1-pair-0615,mock-reco-v1,20260902,1,1,train,4,dat1,product-039,cat-kitchen,shop-02,Fri Aug 21 2026 12:00:00 GMT+0700 (Indochina Time),1,synthetic-preference-rule,0.2,1,6,1,1,0,1,0,458,1,7.3382,0,0.9726,0.5829,1,100,1
dat1-pair-0616,mock-reco-v1,20260902,1,1,heldout,0,dat1,product-042,cat-fashion-women,shop-05,Sat Aug 22 2026 14:59:00 GMT+0700 (Indochina Time),0,synthetic-preference-rule,0.2,0.1,2,0,0,0,1,0,446,0.306,5.8693,0,0.7315,0.6114,1,100,1
dat1-pair-0617,mock-reco-v1,20260902,1,1,train,1,dat1,product-093,cat-books,shop-12,Sun Aug 23 2026 17:58:00 GMT+0700 (Indochina Time),1,synthetic-preference-rule,1,0.1,6,1,0,0,1,0,436,0.046,8.9372,0,0.9726,0.8,1,100,1
dat1-pair-0618,mock-reco-v1,20260902,1,1,train,2,dat1,product-071,cat-sports,shop-08,Mon Aug 24 2026 20:57:00 GMT+0700 (Indochina Time),0,synthetic-preference-rule,0.2,0.1,1,1,0,0,1,0,412,0.334,8.6978,1,0.5123,0.4686,1,100,1
dat1-pair-0619,mock-reco-v1,20260902,1,1,train,3,dat1,product-005,cat-electronics,shop-09,Tue Aug 25 2026 23:56:00 GMT+0700 (Indochina Time),1,synthetic-preference-rule,1,0.1,5,1,0,0,1,0,471,1,8.1014,0,0.5315,0.8571,1,100,1
dat1-pair-0620,mock-reco-v1,20260902,1,1,train,4,dat1,product-111,cat-grocery,shop-08,Thu Aug 27 2026 02:55:00 GMT+0700 (Indochina Time),0,synthetic-preference-rule,0.2,0.1,2,0,0,0,1,0,381,1,7.8969,1,0.6356,0.5257,1,100,1
dat1-pair-0621,mock-reco-v1,20260902,1,1,heldout,0,dat1,product-024,cat-home,shop-09,Thu Aug 27 2026 14:23:00 GMT+0700 (Indochina Time),1,synthetic-preference-rule,1,0.1,5,1,0,0,0.2364,1,482,1,7.2457,0,0.8959,0.9143,1,100,1
dat1-pair-0622,mock-reco-v1,20260902,1,1,train,1,dat1,product-048,cat-fashion-women,shop-11,Fri Aug 28 2026 11:24:00 GMT+0700 (Indochina Time),0,synthetic-preference-rule,0.2,0.1,2,0,0,0,1,0,476,1,7.8785,0,0.7151,0.5829,1,100,1
dat1-pair-0623,mock-reco-v1,20260902,1,1,train,2,dat1,product-070,cat-beauty,shop-03,Sat Aug 29 2026 20:21:00 GMT+0700 (Indochina Time),1,synthetic-preference-rule,0.2,1,5,1,1,0,0.0909,1,488,0.972,8.6739,0,0.9014,0.6114,1,100,1
dat1-pair-0624,mock-reco-v1,20260902,1,1,train,3,dat1,product-075,cat-sports,shop-05,Mon Jun 01 2026 17:22:00 GMT+0700 (Indochina Time),0,synthetic-preference-rule,0.2,0.1,1,0,0,1,1,0,390,1,6.1442,0,0.5233,0.44,1,100,1
dat1-pair-0625,mock-reco-v1,20260902,1,1,train,4,dat1,product-105,cat-pets,shop-01,Wed Jun 03 2026 02:19:00 GMT+0700 (Indochina Time),1,synthetic-preference-rule,0.2,1,5,1,1,0,1,0,446,0.172,9.1074,0,0.6603,0.4686,1,100,1
dat1-pair-0626,mock-reco-v1,20260902,1,1,heldout,0,dat1,product-115,cat-grocery,shop-04,Wed Jun 03 2026 23:20:00 GMT+0700 (Indochina Time),0,synthetic-preference-rule,0.2,0.1,2,0,0,0,1,0,485,0.117,9.0135,0,0.6466,0.4971,1,100,1
dat1-pair-0627,mock-reco-v1,20260902,1,1,train,1,dat1,product-015,cat-computers,shop-12,Thu Jun 04 2026 08:17:00 GMT+0700 (Indochina Time),1,synthetic-preference-rule,1,0.1,5,1,0,0,1,0,482,1,8.9526,0,0.6712,0.8857,1,100,1
dat1-pair-0628,mock-reco-v1,20260902,1,1,train,2,dat1,product-054,cat-fashion-men,shop-06,Sat Jun 06 2026 05:18:00 GMT+0700 (Indochina Time),0,synthetic-preference-rule,0.2,0.1,1,0,0,1,1,0,489,1,9.0654,0,0.8219,0.5543,1,100,1
dat1-pair-0629,mock-reco-v1,20260902,1,1,train,3,dat1,product-043,cat-fashion-women,shop-10,Sat Jun 06 2026 14:31:00 GMT+0700 (Indochina Time),1,synthetic-preference-rule,0.2,1,5,1,1,1,1,0,461,1,8.9223,0,0.7288,0.5829,1,100,1
dat1-pair-0630,mock-reco-v1,20260902,1,1,train,4,dat1,product-081,cat-mother-baby,shop-11,Sun Jun 07 2026 11:32:00 GMT+0700 (Indochina Time),0,synthetic-preference-rule,0.2,0.1,2,0,0,0,1,0,445,0.017,8.1784,1,0.8877,0.6114,1,100,1
dat1-pair-0631,mock-reco-v1,20260902,1,1,heldout,0,dat1,product-094,cat-books,shop-05,Mon Jun 08 2026 16:54:00 GMT+0700 (Indochina Time),1,synthetic-preference-rule,1,0.1,5,1,0,1,0.1091,1,399,1,8.698,0,0.9753,0.8,1,100,1
dat1-pair-0632,mock-reco-v1,20260902,1,1,train,1,dat1,product-119,cat-grocery,shop-12,Tue Jun 09 2026 19:53:00 GMT+0700 (Indochina Time),0,synthetic-preference-rule,0.2,0.1,1,1,0,0,0.9091,0,425,0.345,8.2,0,0.6137,0.4686,1,100,1
dat1-pair-0633,mock-reco-v1,20260902,1,1,train,2,dat1,product-006,cat-electronics,shop-02,Wed Jun 10 2026 10:56:00 GMT+0700 (Indochina Time),1,synthetic-preference-rule,1,1,5,1,1,1,1,0,382,0.14,8.5007,1,0.5288,0.8571,1,100,1
dat1-pair-0634,mock-reco-v1,20260902,1,1,train,3,dat1,product-057,cat-fashion-men,shop-09,Thu Jun 11 2026 13:55:00 GMT+0700 (Indochina Time),0,synthetic-preference-rule,0.2,0.1,2,0,0,0,1,0,422,1,8.6034,0,0.8082,0.5257,1,100,1
dat1-pair-0635,mock-reco-v1,20260902,1,1,train,4,dat1,product-025,cat-home,shop-03,Sat Jun 13 2026 04:58:00 GMT+0700 (Indochina Time),1,synthetic-preference-rule,1,1,6,1,1,1,1,0,393,1,7.2189,0,0.9041,0.9143,1,100,1
dat1-pair-0636,mock-reco-v1,20260902,1,1,heldout,0,dat1,product-085,cat-mother-baby,shop-08,Sat Jun 13 2026 07:57:00 GMT+0700 (Indochina Time),0,synthetic-preference-rule,0.2,0.1,1,1,0,0,0.9818,0,467,0.741,9.2142,0,0.8986,0.5829,1,100,1
dat1-pair-0637,mock-reco-v1,20260902,1,1,train,1,dat1,product-072,cat-sports,shop-01,Sun Jun 14 2026 23:00:00 GMT+0700 (Indochina Time),1,synthetic-preference-rule,0.2,1,6,1,1,1,0.3273,1,375,1,8.3827,0,0.5151,0.6114,1,100,1
dat1-pair-0638,mock-reco-v1,20260902,1,1,train,2,dat1,product-033,cat-kitchen,shop-07,Tue Jun 16 2026 01:59:00 GMT+0700 (Indochina Time),0,synthetic-preference-rule,0.2,0.1,2,0,0,0,1,0,466,1,9.1429,0,0.989,0.44,1,100,1
dat1-pair-0639,mock-reco-v1,20260902,1,1,train,3,dat1,product-109,cat-pets,shop-10,Tue Jun 16 2026 16:46:00 GMT+0700 (Indochina Time),1,synthetic-preference-rule,0.2,1,6,1,1,1,0.8182,0,380,0.4,8.4007,0,0.6274,0.4686,1,100,1
dat1-pair-0640,mock-reco-v1,20260902,1,1,train,4,dat1,product-061,cat-beauty,shop-06,Wed Jun 17 2026 19:45:00 GMT+0700 (Indochina Time),0,synthetic-preference-rule,0.2,0.1,1,1,0,0,1,0,495,1,8.5528,1,0.926,0.4971,1,100,1
dat1-pair-0641,mock-reco-v1,20260902,1,1,heldout,0,dat1,product-016,cat-computers,shop-05,Fri Jun 19 2026 02:57:00 GMT+0700 (Indochina Time),1,synthetic-preference-rule,1,0.1,6,1,0,1,1,0,445,0.327,8.7175,1,0.674,0.8857,1,100,1
dat1-pair-0642,mock-reco-v1,20260902,1,1,train,1,dat1,product-089,cat-mother-baby,shop-04,Fri Jun 19 2026 23:58:00 GMT+0700 (Indochina Time),0,synthetic-preference-rule,0.2,0.1,2,0,0,0,1,0,489,0.969,8.4152,1,0.9096,0.5543,1,100,1
dat1-pair-0643,mock-reco-v1,20260902,1,1,train,2,dat1,product-044,cat-fashion-women,shop-03,Sat Jun 20 2026 20:59:00 GMT+0700 (Indochina Time),1,synthetic-preference-rule,0.2,1,6,1,1,1,1,0,372,1,9.1178,0,0.726,0.5829,1,100,1
dat1-pair-0644,mock-reco-v1,20260902,1,1,train,3,dat1,product-037,cat-kitchen,shop-04,Sun Jun 21 2026 18:00:00 GMT+0700 (Indochina Time),0,synthetic-preference-rule,0.2,0.1,1,1,0,0,1,0,488,1,7.9628,0,0.9781,0.6114,1,100,1
dat1-pair-0645,mock-reco-v1,20260902,1,1,train,4,dat1,product-095,cat-books,shop-10,Mon Jun 22 2026 15:01:00 GMT+0700 (Indochina Time),1,synthetic-preference-rule,1,1,5,1,1,1,1,0,466,1,9.1999,0,0.9781,0.8,1,100,1
dat1-pair-0646,mock-reco-v1,20260902,1,1,heldout,0,dat1,product-064,cat-beauty,shop-09,Tue Jun 23 2026 12:02:00 GMT+0700 (Indochina Time),0,synthetic-preference-rule,0.2,0.1,2,0,0,0,1,0,480,0.362,9.2141,0,0.9288,0.4686,1,100,1
dat1-pair-0647,mock-reco-v1,20260902,1,1,train,1,dat1,product-007,cat-electronics,shop-07,Wed Jun 24 2026 09:03:00 GMT+0700 (Indochina Time),1,synthetic-preference-rule,1,0.1,5,1,0,0,1,0,419,0.197,4.1109,0,0.537,0.8571,1,100,1
dat1-pair-0648,mock-reco-v1,20260902,1,1,train,2,dat1,product-104,cat-pets,shop-08,Fri Jun 26 2026 06:04:00 GMT+0700 (Indochina Time),0,synthetic-preference-rule,0.2,0.1,2,0,0,0,0.4727,1,461,1,9.2725,0,0.6575,0.5257,1,100,1
dat1-pair-0649,mock-reco-v1,20260902,1,1,train,3,dat1,product-026,cat-home,shop-08,Sat Jun 27 2026 03:05:00 GMT+0700 (Indochina Time),1,synthetic-preference-rule,1,0.1,5,1,0,0,1,0,430,1,8.001,1,0.9014,0.9143,1,100,1
dat1-pair-0650,mock-reco-v1,20260902,1,1,train,4,dat1,product-041,cat-fashion-women,shop-12,Sun Jun 28 2026 00:06:00 GMT+0700 (Indochina Time),0,synthetic-preference-rule,0.2,0.1,2,0,0,1,1,0,409,1,9.2813,1,0.7342,0.5829,1,100,1
dat1-pair-0651,mock-reco-v1,20260902,1,1,heldout,0,dat1,product-076,cat-sports,shop-10,Sun Jun 28 2026 11:52:00 GMT+0700 (Indochina Time),1,synthetic-preference-rule,0.2,1,5,1,1,0,0.7636,0,479,0.277,9.2916,1,0.526,0.6114,1,100,1
dat1-pair-0652,mock-reco-v1,20260902,1,1,train,1,dat1,product-068,cat-beauty,shop-05,Mon Jun 29 2026 14:51:00 GMT+0700 (Indochina Time),0,synthetic-preference-rule,0.2,0.1,2,0,0,0,1,0,458,1,8.4149,0,0.9178,0.44,1,100,1
dat1-pair-0653,mock-reco-v1,20260902,1,1,train,2,dat1,product-110,cat-pets,shop-03,Tue Jun 30 2026 17:50:00 GMT+0700 (Indochina Time),1,synthetic-preference-rule,0.2,1,5,1,1,0,1,0,469,1,7.9484,0,0.6301,0.4686,1,100,1
dat1-pair-0654,mock-reco-v1,20260902,1,1,train,3,dat1,product-108,cat-pets,shop-04,Wed Jul 01 2026 20:49:00 GMT+0700 (Indochina Time),0,synthetic-preference-rule,0.2,0.1,1,0,0,1,0.0364,1,483,0.229,8.3345,0,0.6685,0.4971,1,100,1
dat1-pair-0655,mock-reco-v1,20260902,1,1,train,4,dat1,product-017,cat-computers,shop-10,Thu Jul 02 2026 23:56:00 GMT+0700 (Indochina Time),1,synthetic-preference-rule,1,1,5,1,1,1,1,0,430,1,9.3026,0,0.6767,0.8857,1,100,1
dat1-pair-0656,mock-reco-v1,20260902,1,1,heldout,0,dat1,product-047,cat-fashion-women,shop-06,Sat Jul 04 2026 02:55:00 GMT+0700 (Indochina Time),0,synthetic-preference-rule,0.2,0.1,2,0,0,0,1,0,439,0.363,6.9285,0,0.7178,0.5543,1,100,1
dat1-pair-0657,mock-reco-v1,20260902,1,1,train,1,dat1,product-046,cat-fashion-women,shop-01,Sun Jul 05 2026 05:54:00 GMT+0700 (Indochina Time),1,synthetic-preference-rule,0.2,1,5,1,1,1,1,0,424,1,8.679,1,0.7205,0.5829,1,100,1
dat1-pair-0658,mock-reco-v1,20260902,1,1,train,2,dat1,product-074,cat-sports,shop-12,Sun Jul 05 2026 08:53:00 GMT+0700 (Indochina Time),0,synthetic-preference-rule,0.2,0.1,1,1,0,0,1,0,427,1,7.0326,0,0.5096,0.6114,1,100,1
dat1-pair-0659,mock-reco-v1,20260902,1,1,train,3,dat1,product-096,cat-books,shop-03,Mon Jul 06 2026 12:00:00 GMT+0700 (Indochina Time),1,synthetic-preference-rule,1,1,5,1,1,1,1,0,429,1,9.0212,1,0.9808,0.8,1,100,1
dat1-pair-0660,mock-reco-v1,20260902,1,1,train,4,dat1,product-114,cat-grocery,shop-11,Tue Jul 07 2026 14:59:00 GMT+0700 (Indochina Time),0,synthetic-preference-rule,0.2,0.1,2,0,0,0,0.3818,1,470,1,8.9288,0,0.6274,0.4686,1,100,1
dat1-pair-0661,mock-reco-v1,20260902,1,1,heldout,0,dat1,product-008,cat-electronics,shop-12,Wed Jul 08 2026 22:27:00 GMT+0700 (Indochina Time),1,synthetic-preference-rule,1,0.1,5,1,0,1,0.8909,0,456,0.978,7.4265,0,0.5342,0.8571,1,100,1
dat1-pair-0662,mock-reco-v1,20260902,1,1,train,1,dat1,product-052,cat-fashion-men,shop-08,Thu Jul 09 2026 19:28:00 GMT+0700 (Indochina Time),0,synthetic-preference-rule,0.2,0.1,1,1,0,0,1,0,415,0.335,8.5966,0,0.8164,0.5257,0,100,1
dat1-pair-0663,mock-reco-v1,20260902,1,1,train,2,dat1,product-027,cat-home,shop-01,Sat Jul 11 2026 04:25:00 GMT+0700 (Indochina Time),1,synthetic-preference-rule,1,1,5,1,1,1,1,0,467,1,8.5768,0,0.9096,0.9143,1,100,1
dat1-pair-0664,mock-reco-v1,20260902,1,1,train,3,dat1,product-080,cat-sports,shop-06,Sun Jul 12 2026 01:26:00 GMT+0700 (Indochina Time),0,synthetic-preference-rule,0.2,0.1,2,0,0,0,1,0,457,0.505,8.1371,0,0.9863,0.5829,1,100,1
dat1-pair-0665,mock-reco-v1,20260902,1,1,train,4,dat1,product-077,cat-sports,shop-03,Sun Jul 12 2026 10:31:00 GMT+0700 (Indochina Time),1,synthetic-preference-rule,0.2,1,5,1,1,1,1,0,442,0.22,9.13,0,0.5178,0.6114,1,100,1
dat1-pair-0666,mock-reco-v1,20260902,1,1,heldout,0,dat1,product-118,cat-grocery,shop-07,Mon Jul 13 2026 07:32:00 GMT+0700 (Indochina Time),0,synthetic-preference-rule,0.2,0.1,1,1,0,0,0.0545,1,448,0.06,6.9754,0,0.6384,0.44,1,100,1
dat1-pair-0667,mock-reco-v1,20260902,1,1,train,1,dat1,product-112,cat-grocery,shop-01,Tue Jul 14 2026 16:29:00 GMT+0700 (Indochina Time),1,synthetic-preference-rule,0.2,1,5,1,1,1,1,0,418,0.174,8.3682,0,0.6329,0.4686,1,100,1
dat1-pair-0668,mock-reco-v1,20260902,1,1,train,2,dat1,product-056,cat-fashion-men,shop-04,Wed Jul 15 2026 13:30:00 GMT+0700 (Indochina Time),0,synthetic-preference-rule,0.2,0.1,2,0,0,0,1,0,437,1,9.3834,1,0.8055,0.4971,1,100,1
dat1-pair-0669,mock-reco-v1,20260902,1,1,train,3,dat1,product-018,cat-computers,shop-03,Thu Jul 16 2026 22:19:00 GMT+0700 (Indochina Time),1,synthetic-preference-rule,1,1,5,1,1,1,1,0,393,1,9.1428,0,0.6795,0.8857,0,100,1
dat1-pair-0670,mock-reco-v1,20260902,1,1,train,4,dat1,product-083,cat-mother-baby,shop-09,Fri Jul 17 2026 19:20:00 GMT+0700 (Indochina Time),0,synthetic-preference-rule,0.2,0.1,1,1,0,0,1,0,371,1,5.7838,0,0.8822,0.5543,1,100,1
dat1-pair-0671,mock-reco-v1,20260902,1,1,heldout,0,dat1,product-050,cat-fashion-women,shop-10,Sun Jul 19 2026 00:58:00 GMT+0700 (Indochina Time),1,synthetic-preference-rule,0.2,1,4,1,1,1,1,0,490,1,9.3415,0,0.7534,0.5829,1,100,1
dat1-pair-0672,mock-reco-v1,20260902,1,1,train,1,dat1,product-031,cat-kitchen,shop-09,Mon Jul 20 2026 03:57:00 GMT+0700 (Indochina Time),0,synthetic-preference-rule,0.2,0.1,2,0,0,0,0.6364,0,414,0.594,6.3733,1,0.9945,0.6114,1,100,1
dat1-pair-0673,mock-reco-v1,20260902,1,1,train,2,dat1,product-097,cat-books,shop-09,Mon Jul 20 2026 19:00:00 GMT+0700 (Indochina Time),1,synthetic-preference-rule,1,0.1,4,1,0,0,1,0,414,0.77,7.0335,0,0.9836,0.8,1,100,1
dat1-pair-0674,mock-reco-v1,20260902,1,1,train,3,dat1,product-060,cat-fashion-men,shop-12,Tue Jul 21 2026 21:59:00 GMT+0700 (Indochina Time),0,synthetic-preference-rule,0.2,0.1,1,1,0,0,1,0,371,1,8.8635,0,0.8384,0.4686,1,100,1
dat1-pair-0675,mock-reco-v1,20260902,1,1,train,4,dat1,product-009,cat-electronics,shop-05,Wed Jul 22 2026 12:54:00 GMT+0700 (Indochina Time),1,synthetic-preference-rule,1,0.1,4,1,0,0,1,0,405,1,9.0851,0,0.9918,0.8571,1,100,1
dat1-pair-0676,mock-reco-v1,20260902,1,1,heldout,0,dat1,product-088,cat-mother-baby,shop-11,Thu Jul 23 2026 15:53:00 GMT+0700 (Indochina Time),0,synthetic-preference-rule,0.2,0.1,2,0,0,1,1,0,430,0.684,9.0384,0,0.8904,0.5257,1,100,1
dat1-pair-0677,mock-reco-v1,20260902,1,1,train,1,dat1,product-028,cat-home,shop-06,Sat Jul 25 2026 06:56:00 GMT+0700 (Indochina Time),1,synthetic-preference-rule,1,0.1,4,1,0,0,0.2,1,378,0.482,8.843,0,0.9068,0.9143,1,100,1
dat1-pair-0678,mock-reco-v1,20260902,1,1,train,2,dat1,product-035,cat-kitchen,shop-05,Sat Jul 25 2026 09:55:00 GMT+0700 (Indochina Time),0,synthetic-preference-rule,0.2,0.1,2,0,0,0,1,0,436,1,8.7177,0,0.9836,0.5829,0,100,1
dat1-pair-0679,mock-reco-v1,20260902,1,1,train,3,dat1,product-079,cat-sports,shop-01,Mon Jul 27 2026 00:50:00 GMT+0700 (Indochina Time),1,synthetic-preference-rule,0.2,1,4,1,1,0,1,0,494,1,8.5248,0,0.9836,0.6114,1,100,1
dat1-pair-0680,mock-reco-v1,20260902,1,1,train,4,dat1,product-063,cat-beauty,shop-04,Tue Jul 28 2026 03:49:00 GMT+0700 (Indochina Time),0,synthetic-preference-rule,0.2,0.1,1,0,0,1,1,0,443,1,9.0382,0,0.9315,0.44,1,100,1
dat1-pair-0681,mock-reco-v1,20260902,1,1,heldout,0,dat1,product-117,cat-grocery,shop-02,Tue Jul 28 2026 15:17:00 GMT+0700 (Indochina Time),1,synthetic-preference-rule,0.2,1,4,1,1,1,1,0,411,1,9.3458,0,0.6411,0.4686,1,100,1
dat1-pair-0682,mock-reco-v1,20260902,1,1,train,1,dat1,product-101,cat-pets,shop-05,Wed Jul 29 2026 12:18:00 GMT+0700 (Indochina Time),0,synthetic-preference-rule,0.2,0.1,2,0,0,0,1,0,424,1,8.1599,1,0.6493,0.4971,1,100,1
dat1-pair-0683,mock-reco-v1,20260902,1,1,train,2,dat1,product-019,cat-computers,shop-08,Thu Jul 30 2026 09:19:00 GMT+0700 (Indochina Time),1,synthetic-preference-rule,1,0.1,4,1,0,1,1,0,460,1,7.1325,0,0.6384,0.8857,1,100,1
dat1-pair-0684,mock-reco-v1,20260902,1,1,train,3,dat1,product-040,cat-kitchen,shop-07,Sat Aug 01 2026 06:20:00 GMT+0700 (Indochina Time),0,synthetic-preference-rule,0.2,0.1,1,1,0,0,1,0,421,0.765,9.3859,0,0.9753,0.5543,1,100,1
dat1-pair-0685,mock-reco-v1,20260902,1,1,train,4,dat1,product-051,cat-fashion-men,shop-03,Sun Aug 02 2026 03:13:00 GMT+0700 (Indochina Time),1,synthetic-preference-rule,0.2,1,4,1,1,1,0.3455,1,452,1,8.8582,1,0.8137,0.5829,1,100,1
dat1-pair-0686,mock-reco-v1,20260902,1,1,heldout,0,dat1,product-067,cat-beauty,shop-12,Mon Aug 03 2026 00:14:00 GMT+0700 (Indochina Time),0,synthetic-preference-rule,0.2,0.1,2,0,0,0,1,0,421,1,7.9707,1,0.9205,0.6114,1,100,1
dat1-pair-0687,mock-reco-v1,20260902,1,1,train,1,dat1,product-098,cat-books,shop-02,Mon Aug 03 2026 21:15:00 GMT+0700 (Indochina Time),1,synthetic-preference-rule,1,1,4,1,1,1,0.5455,0,377,1,9.3514,0,0.9863,0.8,1,100,1
dat1-pair-0688,mock-reco-v1,20260902,1,1,train,2,dat1,product-107,cat-pets,shop-11,Tue Aug 04 2026 18:16:00 GMT+0700 (Indochina Time),0,synthetic-preference-rule,0.2,0.1,1,1,0,0,1,0,394,1,8.6629,0,0.6658,0.4686,1,100,1
dat1-pair-0689,mock-reco-v1,20260902,1,1,train,3,dat1,product-010,cat-electronics,shop-10,Wed Aug 05 2026 15:25:00 GMT+0700 (Indochina Time),1,synthetic-preference-rule,1,1,5,1,1,1,1,0,442,0.368,9.2536,0,0.989,0.8571,1,100,1
dat1-pair-0690,mock-reco-v1,20260902,1,1,train,4,dat1,product-045,cat-fashion-women,shop-08,Thu Aug 06 2026 12:26:00 GMT+0700 (Indochina Time),0,synthetic-preference-rule,0.2,0.1,2,0,0,0,0.5455,0,387,1,8.3568,1,0.7233,0.5257,1,100,1
dat1-pair-0691,mock-reco-v1,20260902,1,1,heldout,0,dat1,product-029,cat-home,shop-11,Fri Aug 07 2026 17:48:00 GMT+0700 (Indochina Time),1,synthetic-preference-rule,1,0.1,5,1,0,1,1,0,415,1,9.1587,0,0.9151,0.9143,1,100,1
dat1-pair-0692,mock-reco-v1,20260902,1,1,train,1,dat1,product-073,cat-sports,shop-07,Sat Aug 08 2026 20:47:00 GMT+0700 (Indochina Time),0,synthetic-preference-rule,0.2,0.1,1,1,0,0,1,0,464,1,7.9201,0,1,0.5829,1,100,1
dat1-pair-0693,mock-reco-v1,20260902,1,1,train,2,dat1,product-084,cat-mother-baby,shop-02,Sun Aug 09 2026 23:46:00 GMT+0700 (Indochina Time),1,synthetic-preference-rule,0.2,1,5,1,1,1,0.7455,0,408,1,7.5725,0,0.8795,0.6114,1,100,1
dat1-pair-0694,mock-reco-v1,20260902,1,1,train,3,dat1,product-113,cat-grocery,shop-06,Tue Aug 11 2026 02:45:00 GMT+0700 (Indochina Time),0,synthetic-preference-rule,0.2,0.1,2,0,0,0,1,0,433,0.955,8.6873,0,0.6301,0.44,1,100,1
dat1-pair-0695,mock-reco-v1,20260902,1,1,train,4,dat1,product-001,cat-electronics,shop-01,Wed Aug 12 2026 05:44:00 GMT+0700 (Indochina Time),1,synthetic-preference-rule,1,1,5,1,1,1,1,0,449,1,9.1876,1,0.5205,0.8286,0,100,1
dat1-pair-0696,mock-reco-v1,20260902,1,1,heldout,0,dat1,product-049,cat-fashion-women,shop-05,Wed Aug 12 2026 08:43:00 GMT+0700 (Indochina Time),0,synthetic-preference-rule,0.2,0.1,1,1,0,0,1,0,453,0.477,9.1884,0,0.7562,0.4971,1,100,1
dat1-pair-0697,mock-reco-v1,20260902,1,1,train,1,dat1,product-020,cat-computers,shop-01,Thu Aug 13 2026 11:42:00 GMT+0700 (Indochina Time),1,synthetic-preference-rule,1,1,5,1,1,1,1,0,423,1,9.3616,0,0.6411,0.8857,1,100,1
dat1-pair-0698,mock-reco-v1,20260902,1,1,train,2,dat1,product-078,cat-sports,shop-08,Fri Aug 14 2026 14:41:00 GMT+0700 (Indochina Time),0,synthetic-preference-rule,0.2,0.1,2,0,0,0,1,0,405,1,8.9371,1,0.5205,0.5543,1,100,1
dat1-pair-0699,mock-reco-v1,20260902,1,1,train,3,dat1,product-053,cat-fashion-men,shop-01,Sat Aug 15 2026 17:56:00 GMT+0700 (Indochina Time),1,synthetic-preference-rule,0.2,1,5,1,1,0,1,0,400,1,9.237,0,0.8192,0.5829,1,100,1
dat1-pair-0700,mock-reco-v1,20260902,1,1,train,4,dat1,product-116,cat-grocery,shop-09,Sun Aug 16 2026 20:55:00 GMT+0700 (Indochina Time),0,synthetic-preference-rule,0.2,0.1,1,1,0,0,1,0,396,0.898,9.1934,1,0.6438,0.6114,1,100,1
dat1-pair-0701,mock-reco-v1,20260902,1,1,heldout,0,dat1,product-099,cat-books,shop-07,Mon Aug 17 2026 07:30:00 GMT+0700 (Indochina Time),1,synthetic-preference-rule,1,0.1,5,1,0,0,0.7818,0,406,0.16,8.58,0,0.989,0.8,1,100,1
dat1-pair-0702,mock-reco-v1,20260902,1,1,train,1,dat1,product-055,cat-fashion-men,shop-11,Tue Aug 18 2026 10:29:00 GMT+0700 (Indochina Time),0,synthetic-preference-rule,0.2,0.1,2,0,0,1,0.0909,1,474,0.392,7.7017,0,0.8027,0.4686,1,100,1
dat1-pair-0703,mock-reco-v1,20260902,1,1,train,2,dat1,product-011,cat-computers,shop-03,Thu Aug 20 2026 01:32:00 GMT+0700 (Indochina Time),1,synthetic-preference-rule,1,1,5,1,1,0,1,0,378,0.384,7.698,1,0.6603,0.8571,1,100,1
dat1-pair-0704,mock-reco-v1,20260902,1,1,train,3,dat1,product-082,cat-mother-baby,shop-04,Fri Aug 21 2026 04:31:00 GMT+0700 (Indochina Time),0,synthetic-preference-rule,0.2,0.1,2,0,0,0,1,0,482,0.798,8.5529,0,0.8849,0.5257,1,100,1
dat1-pair-0705,mock-reco-v1,20260902,1,1,train,4,dat1,product-030,cat-home,shop-04,Fri Aug 21 2026 19:26:00 GMT+0700 (Indochina Time),1,synthetic-preference-rule,1,0.1,5,1,0,0,1,0,452,1,9.3161,0,0.9123,0.9143,1,100,1
dat1-pair-0706,mock-reco-v1,20260902,1,1,heldout,0,dat1,product-120,cat-grocery,shop-05,Sat Aug 22 2026 22:25:00 GMT+0700 (Indochina Time),0,synthetic-preference-rule,0.2,0.1,1,0,0,1,1,0,462,1,8.5679,0,0.611,0.5829,0,100,1
dat1-pair-0707,mock-reco-v1,20260902,1,1,train,1,dat1,product-086,cat-mother-baby,shop-01,Sun Aug 23 2026 13:28:00 GMT+0700 (Indochina Time),1,synthetic-preference-rule,0.2,1,5,0,1,1,1,0,378,1,9.3637,1,0.8959,0.6114,0,100,1
dat1-pair-0708,mock-reco-v1,20260902,1,1,train,2,dat1,product-059,cat-fashion-men,shop-07,Mon Aug 24 2026 16:27:00 GMT+0700 (Indochina Time),0,synthetic-preference-rule,0.2,0.1,2,0,0,0,1,0,408,1,9.0697,0,0.8356,0.44,1,100,1
dat1-pair-0709,mock-reco-v1,20260902,1,1,train,3,dat1,product-002,cat-electronics,shop-06,Tue Aug 25 2026 07:38:00 GMT+0700 (Indochina Time),1,synthetic-preference-rule,1,0.1,5,0,0,1,1,0,486,1,9.3408,0,0.5178,0.8286,1,100,1
dat1-pair-0710,mock-reco-v1,20260902,1,1,train,4,dat1,product-087,cat-mother-baby,shop-06,Wed Aug 26 2026 10:37:00 GMT+0700 (Indochina Time),0,synthetic-preference-rule,0.2,0.1,1,0,0,1,1,0,393,1,8.8248,0,0.8932,0.4971,1,100,1
dat1-pair-0711,mock-reco-v1,20260902,1,1,heldout,0,dat1,product-021,cat-home,shop-06,Fri Aug 28 2026 04:59:00 GMT+0700 (Indochina Time),1,synthetic-preference-rule,1,0.1,5,0,0,1,1,0,371,0.539,9.0531,1,0.8932,0.8857,1,100,1
dat1-pair-0712,mock-reco-v1,20260902,1,1,train,1,dat1,product-034,cat-kitchen,shop-12,Sat Aug 29 2026 02:00:00 GMT+0700 (Indochina Time),0,synthetic-preference-rule,0.2,0.1,2,0,0,0,1,0,429,1,8.9527,1,0.9918,0.5543,1,100,1
dat1-pair-0713,mock-reco-v1,20260902,1,1,train,2,dat1,product-058,cat-fashion-men,shop-02,Sat Aug 29 2026 10:57:00 GMT+0700 (Indochina Time),1,synthetic-preference-rule,0.2,1,5,0,1,1,1,0,385,0.449,8.2509,0,0.811,0.5829,1,100,1
dat1-pair-0714,mock-reco-v1,20260902,1,1,train,3,dat1,product-062,cat-beauty,shop-11,Mon Jun 01 2026 07:58:00 GMT+0700 (Indochina Time),0,synthetic-preference-rule,0.2,0.1,1,1,0,0,0.9636,0,406,1,8.8247,0,0.9233,0.6114,1,100,1
dat1-pair-0715,mock-reco-v1,20260902,1,1,train,4,dat1,product-100,cat-books,shop-12,Tue Jun 02 2026 17:03:00 GMT+0700 (Indochina Time),1,synthetic-preference-rule,1,0.1,6,0,0,1,1,0,495,1,8.2174,1,0.9918,0.8,1,100,1
dat1-pair-0716,mock-reco-v1,20260902,1,1,heldout,0,dat1,product-090,cat-mother-baby,shop-09,Wed Jun 03 2026 14:04:00 GMT+0700 (Indochina Time),0,synthetic-preference-rule,0.2,0.1,2,0,0,0,1,0,400,1,8.7216,0,0.9068,0.4686,1,100,1
dat1-pair-0717,mock-reco-v1,20260902,1,1,train,1,dat1,product-012,cat-computers,shop-08,Thu Jun 04 2026 23:01:00 GMT+0700 (Indochina Time),1,synthetic-preference-rule,1,0.1,6,0,0,1,0.6545,0,467,1,6.3716,1,0.663,0.8571,1,100,1
dat1-pair-0718,mock-reco-v1,20260902,1,1,train,2,dat1,product-038,cat-kitchen,shop-09,Fri Jun 05 2026 20:02:00 GMT+0700 (Indochina Time),0,synthetic-preference-rule,0.2,0.1,1,1,0,0,1,0,451,0.651,7.1333,0,0.9808,0.5257,1,100,1
dat1-pair-0719,mock-reco-v1,20260902,1,1,train,3,dat1,product-032,cat-kitchen,shop-02,Sun Jun 07 2026 05:07:00 GMT+0700 (Indochina Time),1,synthetic-preference-rule,0.2,1,6,0,1,1,1,0,377,1,9.3026,0,0.9973,0.5543,1,100,1
dat1-pair-0720,mock-reco-v1,20260902,1,1,train,4,dat1,product-066,cat-beauty,shop-07,Mon Jun 08 2026 02:08:00 GMT+0700 (Indochina Time),0,synthetic-preference-rule,0.2,0.1,2,0,0,0,0.5273,0,384,1,7.1515,1,0.9123,0.5829,1,100,1
dat1-pair-0721,mock-reco-v1,20260902,1,1,heldout,0,dat1,product-091,cat-books,shop-02,Mon Jun 08 2026 14:40:00 GMT+0700 (Indochina Time),1,synthetic-preference-rule,1,1,6,0,1,1,1,0,488,1,8.383,1,0.9671,0.9714,1,100,1
dat1-pair-0722,mock-reco-v1,20260902,1,1,train,1,dat1,product-106,cat-pets,shop-06,Tue Jun 09 2026 17:39:00 GMT+0700 (Indochina Time),0,synthetic-preference-rule,0.2,0.1,1,1,0,0,1,0,409,1,8.9096,1,0.663,0.44,1,100,1
dat1-pair-0723,mock-reco-v1,20260902,1,1,train,2,dat1,product-003,cat-electronics,shop-11,Wed Jun 10 2026 20:38:00 GMT+0700 (Indochina Time),1,synthetic-preference-rule,1,0.1,6,0,0,1,0.8364,0,397,1,8.7852,0,0.526,0.8286,1,100,1
dat1-pair-0724,mock-reco-v1,20260902,1,1,train,3,dat1,product-042,cat-fashion-women,shop-05,Thu Jun 11 2026 23:37:00 GMT+0700 (Indochina Time),0,synthetic-preference-rule,0.2,0.1,2,0,0,0,1,0,446,0.306,5.8693,0,0.7315,0.4971,1,100,1
dat1-pair-0725,mock-reco-v1,20260902,1,1,train,4,dat1,product-022,cat-home,shop-11,Sat Jun 13 2026 02:44:00 GMT+0700 (Indochina Time),1,synthetic-preference-rule,1,0.1,5,1,0,0,1,0,408,1,9.2266,0,0.8904,0.8857,1,100,1
dat1-pair-0726,mock-reco-v1,20260902,1,1,heldout,0,dat1,product-071,cat-sports,shop-08,Sun Jun 14 2026 05:43:00 GMT+0700 (Indochina Time),0,synthetic-preference-rule,0.2,0.1,1,1,0,0,1,0,412,0.334,8.6978,1,0.5123,0.5543,1,100,1
dat1-pair-0727,mock-reco-v1,20260902,1,1,train,1,dat1,product-065,cat-beauty,shop-02,Sun Jun 14 2026 08:42:00 GMT+0700 (Indochina Time),1,synthetic-preference-rule,0.2,1,5,1,1,0,1,0,473,0.419,9.3637,0,0.9151,0.5829,1,100,1
dat1-pair-0728,mock-reco-v1,20260902,1,1,train,2,dat1,product-111,cat-grocery,shop-08,Mon Jun 15 2026 11:41:00 GMT+0700 (Indochina Time),0,synthetic-preference-rule,0.2,0.1,2,0,0,0,1,0,381,1,7.8969,1,0.6356,0.6114,1,100,1
dat1-pair-0729,mock-reco-v1,20260902,1,1,train,3,dat1,product-102,cat-pets,shop-10,Tue Jun 16 2026 14:32:00 GMT+0700 (Indochina Time),1,synthetic-preference-rule,0.2,1,5,1,1,0,1,0,387,1,7.5385,0,0.6521,0.44,1,100,1
dat1-pair-0730,mock-reco-v1,20260902,1,1,train,4,dat1,product-048,cat-fashion-women,shop-11,Wed Jun 17 2026 17:31:00 GMT+0700 (Indochina Time),0,synthetic-preference-rule,0.2,0.1,2,0,0,0,1,0,476,1,7.8785,0,0.7151,0.4686,1,100,1
dat1-pair-0731,mock-reco-v1,20260902,1,1,heldout,0,dat1,product-013,cat-computers,shop-02,Thu Jun 18 2026 10:01:00 GMT+0700 (Indochina Time),1,synthetic-preference-rule,1,1,5,1,1,0,1,0,452,1,8.6019,0,0.6658,0.8571,1,100,1
dat1-pair-0732,mock-reco-v1,20260902,1,1,train,1,dat1,product-075,cat-sports,shop-05,Fri Jun 19 2026 07:02:00 GMT+0700 (Indochina Time),0,synthetic-preference-rule,0.2,0.1,1,0,0,1,1,0,390,1,6.1442,0,0.5233,0.5257,1,100,1
dat1-pair-0733,mock-reco-v1,20260902,1,1,train,2,dat1,product-036,cat-kitchen,shop-10,Sun Jun 21 2026 04:03:00 GMT+0700 (Indochina Time),1,synthetic-preference-rule,0.2,1,5,1,1,0,1,0,399,1,8.4098,1,0.9863,0.5543,1,100,1
dat1-pair-0734,mock-reco-v1,20260902,1,1,train,3,dat1,product-115,cat-grocery,shop-04,Mon Jun 22 2026 01:04:00 GMT+0700 (Indochina Time),0,synthetic-preference-rule,0.2,0.1,2,0,0,0,1,0,485,0.117,9.0135,0,0.6466,0.5829,1,100,1
dat1-pair-0735,mock-reco-v1,20260902,1,1,train,4,dat1,product-092,cat-books,shop-07,Mon Jun 22 2026 22:05:00 GMT+0700 (Indochina Time),1,synthetic-preference-rule,1,0.1,5,1,0,0,1,0,451,0.827,7.9204,0,0.9699,0.9714,1,100,1
dat1-pair-0736,mock-reco-v1,20260902,1,1,heldout,0,dat1,product-054,cat-fashion-men,shop-06,Tue Jun 23 2026 19:06:00 GMT+0700 (Indochina Time),0,synthetic-preference-rule,0.2,0.1,1,0,0,1,1,0,489,1,9.0654,0,0.8219,0.44,1,100,1
dat1-pair-0737,mock-reco-v1,20260902,1,1,train,1,dat1,product-004,cat-electronics,shop-04,Wed Jun 24 2026 16:07:00 GMT+0700 (Indochina Time),1,synthetic-preference-rule,1,0.1,5,1,0,0,1,0,434,0.254,9.0065,0,0.5233,0.8286,1,100,1
dat1-pair-0738,mock-reco-v1,20260902,1,1,train,2,dat1,product-081,cat-mother-baby,shop-11,Thu Jun 25 2026 13:08:00 GMT+0700 (Indochina Time),0,synthetic-preference-rule,0.2,0.1,2,0,0,0,1,0,445,0.017,8.1784,1,0.8877,0.4971,1,100,1
dat1-pair-0739,mock-reco-v1,20260902,1,1,train,3,dat1,product-023,cat-home,shop-04,Fri Jun 26 2026 09:53:00 GMT+0700 (Indochina Time),1,synthetic-preference-rule,1,0.1,5,1,0,0,1,0,445,1,9.3744,1,0.8986,0.8857,1,100,1
dat1-pair-0740,mock-reco-v1,20260902,1,1,train,4,dat1,product-119,cat-grocery,shop-12,Sun Jun 28 2026 06:54:00 GMT+0700 (Indochina Time),0,synthetic-preference-rule,0.2,0.1,1,1,0,0,0.9091,0,425,0.345,8.2,0,0.6137,0.5543,1,100,1
dat1-pair-0741,mock-reco-v1,20260902,1,1,heldout,0,dat1,product-069,cat-beauty,shop-10,Sun Jun 28 2026 19:10:00 GMT+0700 (Indochina Time),1,synthetic-preference-rule,0.2,1,6,1,1,0,1,0,451,0.191,8.3497,0,0.9041,0.5829,0,100,1
dat1-pair-0742,mock-reco-v1,20260902,1,1,train,1,dat1,product-057,cat-fashion-men,shop-09,Mon Jun 29 2026 22:09:00 GMT+0700 (Indochina Time),0,synthetic-preference-rule,0.2,0.1,2,0,0,0,1,0,422,1,8.6034,0,0.8082,0.6114,1,100,1
dat1-pair-0743,mock-reco-v1,20260902,1,1,train,2,dat1,product-103,cat-pets,shop-03,Tue Jun 30 2026 13:12:00 GMT+0700 (Indochina Time),1,synthetic-preference-rule,0.2,1,6,1,1,0,1,0,372,0.286,5.5607,0,0.6548,0.44,0,100,1
dat1-pair-0744,mock-reco-v1,20260902,1,1,train,3,dat1,product-085,cat-mother-baby,shop-08,Wed Jul 01 2026 16:11:00 GMT+0700 (Indochina Time),0,synthetic-preference-rule,0.2,0.1,1,1,0,0,0.9818,0,467,0.741,9.2142,0,0.8986,0.4686,1,100,1
dat1-pair-0745,mock-reco-v1,20260902,1,1,train,4,dat1,product-014,cat-computers,shop-07,Thu Jul 02 2026 07:14:00 GMT+0700 (Indochina Time),1,synthetic-preference-rule,1,0.1,6,1,0,0,1,0,415,0.441,8.2488,0,0.6685,0.8571,1,100,1
dat1-pair-0746,mock-reco-v1,20260902,1,1,heldout,0,dat1,product-033,cat-kitchen,shop-07,Fri Jul 03 2026 10:13:00 GMT+0700 (Indochina Time),0,synthetic-preference-rule,0.2,0.1,2,0,0,0,1,0,466,1,9.1429,0,0.989,0.5257,1,100,1
dat1-pair-0747,mock-reco-v1,20260902,1,1,train,1,dat1,product-039,cat-kitchen,shop-02,Sun Jul 05 2026 01:16:00 GMT+0700 (Indochina Time),1,synthetic-preference-rule,0.2,1,6,1,1,0,1,0,458,1,7.3382,0,0.9726,0.5543,1,100,1
dat1-pair-0748,mock-reco-v1,20260902,1,1,train,2,dat1,product-061,cat-beauty,shop-06,Mon Jul 06 2026 04:15:00 GMT+0700 (Indochina Time),0,synthetic-preference-rule,0.2,0.1,1,1,0,0,1,0,495,1,8.5528,1,0.926,0.5829,1,100,1
dat1-pair-0749,mock-reco-v1,20260902,1,1,train,3,dat1,product-093,cat-books,shop-12,Mon Jul 06 2026 19:18:00 GMT+0700 (Indochina Time),1,synthetic-preference-rule,1,0.1,6,1,0,0,1,0,436,0.046,8.9372,0,0.9726,0.9714,1,100,1
dat1-pair-0750,mock-reco-v1,20260902,1,1,train,4,dat1,product-089,cat-mother-baby,shop-04,Tue Jul 07 2026 22:17:00 GMT+0700 (Indochina Time),0,synthetic-preference-rule,0.2,0.1,2,0,0,0,1,0,489,0.969,8.4152,1,0.9096,0.44,1,100,1
dat1-pair-0751,mock-reco-v1,20260902,1,1,heldout,0,dat1,product-005,cat-electronics,shop-09,Wed Jul 08 2026 17:11:00 GMT+0700 (Indochina Time),1,synthetic-preference-rule,1,0.1,5,1,0,0,1,0,471,1,8.1014,0,0.5315,0.8286,1,100,1
dat1-pair-0752,mock-reco-v1,20260902,1,1,train,1,dat1,product-037,cat-kitchen,shop-04,Thu Jul 09 2026 14:12:00 GMT+0700 (Indochina Time),0,synthetic-preference-rule,0.2,0.1,1,1,0,0,1,0,488,1,7.9628,0,0.9781,0.4971,1,100,1
dat1-pair-0753,mock-reco-v1,20260902,1,1,train,2,dat1,product-024,cat-home,shop-09,Fri Jul 10 2026 23:09:00 GMT+0700 (Indochina Time),1,synthetic-preference-rule,1,0.1,5,1,0,0,0.2364,1,482,1,7.2457,0,0.8959,0.8857,1,100,1
dat1-pair-0754,mock-reco-v1,20260902,1,1,train,3,dat1,product-064,cat-beauty,shop-09,Sat Jul 11 2026 20:10:00 GMT+0700 (Indochina Time),0,synthetic-preference-rule,0.2,0.1,2,0,0,0,1,0,480,0.362,9.2141,0,0.9288,0.5543,1,100,1
dat1-pair-0755,mock-reco-v1,20260902,1,1,train,4,dat1,product-070,cat-beauty,shop-03,Mon Jul 13 2026 05:07:00 GMT+0700 (Indochina Time),1,synthetic-preference-rule,0.2,1,5,1,1,0,0.0909,1,488,0.972,8.6739,0,0.9014,0.5829,1,100,1
dat1-pair-0756,mock-reco-v1,20260902,1,1,heldout,0,dat1,product-104,cat-pets,shop-08,Tue Jul 14 2026 02:08:00 GMT+0700 (Indochina Time),0,synthetic-preference-rule,0.2,0.1,2,0,0,0,0.4727,1,461,1,9.2725,0,0.6575,0.6114,1,100,1
dat1-pair-0757,mock-reco-v1,20260902,1,1,train,1,dat1,product-105,cat-pets,shop-01,Tue Jul 14 2026 11:05:00 GMT+0700 (Indochina Time),1,synthetic-preference-rule,0.2,1,5,1,1,0,1,0,446,0.172,9.1074,0,0.6603,0.44,1,100,1
dat1-pair-0758,mock-reco-v1,20260902,1,1,train,2,dat1,product-041,cat-fashion-women,shop-12,Wed Jul 15 2026 08:06:00 GMT+0700 (Indochina Time),0,synthetic-preference-rule,0.2,0.1,2,0,0,1,1,0,409,1,9.2813,1,0.7342,0.4686,1,100,1
dat1-pair-0759,mock-reco-v1,20260902,1,1,train,3,dat1,product-015,cat-computers,shop-12,Thu Jul 16 2026 17:03:00 GMT+0700 (Indochina Time),1,synthetic-preference-rule,1,0.1,5,1,0,0,1,0,482,1,8.9526,0,0.6712,0.8571,1,100,1
dat1-pair-0760,mock-reco-v1,20260902,1,1,train,4,dat1,product-068,cat-beauty,shop-05,Fri Jul 17 2026 14:04:00 GMT+0700 (Indochina Time),0,synthetic-preference-rule,0.2,0.1,2,0,0,0,1,0,458,1,8.4149,0,0.9178,0.5257,1,100,1
dat1-pair-0761,mock-reco-v1,20260902,1,1,heldout,0,dat1,product-043,cat-fashion-women,shop-10,Sun Jul 19 2026 06:36:00 GMT+0700 (Indochina Time),1,synthetic-preference-rule,0.2,1,5,1,1,1,1,0,461,1,8.9223,0,0.7288,0.5543,1,100,1
dat1-pair-0762,mock-reco-v1,20260902,1,1,train,1,dat1,product-108,cat-pets,shop-04,Sun Jul 19 2026 09:35:00 GMT+0700 (Indochina Time),0,synthetic-preference-rule,0.2,0.1,1,0,0,1,0.0364,1,483,0.229,8.3345,0,0.6685,0.5829,1,100,1
dat1-pair-0763,mock-reco-v1,20260902,1,1,train,2,dat1,product-094,cat-books,shop-05,Mon Jul 20 2026 12:34:00 GMT+0700 (Indochina Time),1,synthetic-preference-rule,1,0.1,5,1,0,1,0.1091,1,399,1,8.698,0,0.9753,0.9714,1,100,1
dat1-pair-0764,mock-reco-v1,20260902,1,1,train,3,dat1,product-047,cat-fashion-women,shop-06,Tue Jul 21 2026 15:33:00 GMT+0700 (Indochina Time),0,synthetic-preference-rule,0.2,0.1,2,0,0,0,1,0,439,0.363,6.9285,0,0.7178,0.44,1,100,1
dat1-pair-0765,mock-reco-v1,20260902,1,1,train,4,dat1,product-006,cat-electronics,shop-02,Wed Jul 22 2026 18:32:00 GMT+0700 (Indochina Time),1,synthetic-preference-rule,1,1,5,1,1,1,1,0,382,0.14,8.5007,1,0.5288,0.8286,1,100,1
dat1-pair-0766,mock-reco-v1,20260902,1,1,heldout,0,dat1,product-074,cat-sports,shop-12,Thu Jul 23 2026 21:31:00 GMT+0700 (Indochina Time),0,synthetic-preference-rule,0.2,0.1,1,1,0,0,1,0,427,1,7.0326,0,0.5096,0.4971,1,100,1
dat1-pair-0767,mock-reco-v1,20260902,1,1,train,1,dat1,product-025,cat-home,shop-03,Sat Jul 25 2026 00:30:00 GMT+0700 (Indochina Time),1,synthetic-preference-rule,1,1,6,1,1,1,1,0,393,1,7.2189,0,0.9041,0.8857,1,100,1
dat1-pair-0768,mock-reco-v1,20260902,1,1,train,2,dat1,product-114,cat-grocery,shop-11,Sun Jul 26 2026 03:29:00 GMT+0700 (Indochina Time),0,synthetic-preference-rule,0.2,0.1,2,0,0,0,0.3818,1,470,1,8.9288,0,0.6274,0.5543,1,100,1
dat1-pair-0769,mock-reco-v1,20260902,1,1,train,3,dat1,product-072,cat-sports,shop-01,Mon Jul 27 2026 06:44:00 GMT+0700 (Indochina Time),1,synthetic-preference-rule,0.2,1,6,1,1,1,0.3273,1,375,1,8.3827,0,0.5151,0.5829,1,100,1
dat1-pair-0770,mock-reco-v1,20260902,1,1,train,4,dat1,product-052,cat-fashion-men,shop-08,Mon Jul 27 2026 09:43:00 GMT+0700 (Indochina Time),0,synthetic-preference-rule,0.2,0.1,1,1,0,0,1,0,415,0.335,8.5966,0,0.8164,0.6114,0,100,1
dat1-pair-0771,mock-reco-v1,20260902,1,1,heldout,0,dat1,product-109,cat-pets,shop-10,Wed Jul 29 2026 04:05:00 GMT+0700 (Indochina Time),1,synthetic-preference-rule,0.2,1,6,1,1,1,0.8182,0,380,0.4,8.4007,0,0.6274,0.44,1,100,1
dat1-pair-0772,mock-reco-v1,20260902,1,1,train,1,dat1,product-080,cat-sports,shop-06,Thu Jul 30 2026 01:06:00 GMT+0700 (Indochina Time),0,synthetic-preference-rule,0.2,0.1,2,0,0,0,1,0,457,0.505,8.1371,0,0.9863,0.4686,1,100,1
dat1-pair-0773,mock-reco-v1,20260902,1,1,train,2,dat1,product-016,cat-computers,shop-05,Thu Jul 30 2026 22:07:00 GMT+0700 (Indochina Time),1,synthetic-preference-rule,1,0.1,6,1,0,1,1,0,445,0.327,8.7175,1,0.674,0.8571,1,100,1
dat1-pair-0774,mock-reco-v1,20260902,1,1,train,3,dat1,product-118,cat-grocery,shop-07,Fri Jul 31 2026 19:08:00 GMT+0700 (Indochina Time),0,synthetic-preference-rule,0.2,0.1,1,1,0,0,0.0545,1,448,0.06,6.9754,0,0.6384,0.5257,1,100,1
dat1-pair-0775,mock-reco-v1,20260902,1,1,train,4,dat1,product-044,cat-fashion-women,shop-03,Sat Aug 01 2026 16:01:00 GMT+0700 (Indochina Time),1,synthetic-preference-rule,0.2,1,6,1,1,1,1,0,372,1,9.1178,0,0.726,0.5543,1,100,1
dat1-pair-0776,mock-reco-v1,20260902,1,1,heldout,0,dat1,product-056,cat-fashion-men,shop-04,Sun Aug 02 2026 13:02:00 GMT+0700 (Indochina Time),0,synthetic-preference-rule,0.2,0.1,2,0,0,0,1,0,437,1,9.3834,1,0.8055,0.5829,1,100,1
dat1-pair-0777,mock-reco-v1,20260902,1,1,train,1,dat1,product-095,cat-books,shop-10,Mon Aug 03 2026 10:03:00 GMT+0700 (Indochina Time),1,synthetic-preference-rule,1,1,5,1,1,1,1,0,466,1,9.1999,0,0.9781,0.9714,1,100,1
dat1-pair-0778,mock-reco-v1,20260902,1,1,train,2,dat1,product-083,cat-mother-baby,shop-09,Tue Aug 04 2026 07:04:00 GMT+0700 (Indochina Time),0,synthetic-preference-rule,0.2,0.1,1,1,0,0,1,0,371,1,5.7838,0,0.8822,0.44,1,100,1
dat1-pair-0779,mock-reco-v1,20260902,1,1,train,3,dat1,product-007,cat-electronics,shop-07,Thu Aug 06 2026 04:13:00 GMT+0700 (Indochina Time),1,synthetic-preference-rule,1,0.1,5,1,0,0,1,0,419,0.197,4.1109,0,0.537,0.8286,1,100,1
dat1-pair-0780,mock-reco-v1,20260902,1,1,train,4,dat1,product-031,cat-kitchen,shop-09,Fri Aug 07 2026 01:14:00 GMT+0700 (Indochina Time),0,synthetic-preference-rule,0.2,0.1,2,0,0,0,0.6364,0,414,0.594,6.3733,1,0.9945,0.4971,1,100,1
dat1-pair-0781,mock-reco-v1,20260902,1,1,heldout,0,dat1,product-026,cat-home,shop-08,Fri Aug 07 2026 11:38:00 GMT+0700 (Indochina Time),1,synthetic-preference-rule,1,0.1,5,1,0,0,1,0,430,1,8.001,1,0.9014,0.8857,1,100,1
dat1-pair-0782,mock-reco-v1,20260902,1,1,train,1,dat1,product-060,cat-fashion-men,shop-12,Sat Aug 08 2026 14:37:00 GMT+0700 (Indochina Time),0,synthetic-preference-rule,0.2,0.1,1,1,0,0,1,0,371,1,8.8635,0,0.8384,0.5543,1,100,1
dat1-pair-0783,mock-reco-v1,20260902,1,1,train,2,dat1,product-076,cat-sports,shop-10,Mon Aug 10 2026 05:40:00 GMT+0700 (Indochina Time),1,synthetic-preference-rule,0.2,1,5,1,1,0,0.7636,0,479,0.277,9.2916,1,0.526,0.5829,1,100,1
dat1-pair-0784,mock-reco-v1,20260902,1,1,train,3,dat1,product-088,cat-mother-baby,shop-11,Mon Aug 10 2026 08:39:00 GMT+0700 (Indochina Time),0,synthetic-preference-rule,0.2,0.1,2,0,0,1,1,0,430,0.684,9.0384,0,0.8904,0.6114,1,100,1
dat1-pair-0785,mock-reco-v1,20260902,1,1,train,4,dat1,product-110,cat-pets,shop-03,Tue Aug 11 2026 23:34:00 GMT+0700 (Indochina Time),1,synthetic-preference-rule,0.2,1,5,1,1,0,1,0,469,1,7.9484,0,0.6301,0.44,1,100,1
dat1-pair-0786,mock-reco-v1,20260902,1,1,heldout,0,dat1,product-035,cat-kitchen,shop-05,Thu Aug 13 2026 02:33:00 GMT+0700 (Indochina Time),0,synthetic-preference-rule,0.2,0.1,2,0,0,0,1,0,436,1,8.7177,0,0.9836,0.4686,0,100,1
dat1-pair-0787,mock-reco-v1,20260902,1,1,train,1,dat1,product-017,cat-computers,shop-10,Thu Aug 13 2026 17:36:00 GMT+0700 (Indochina Time),1,synthetic-preference-rule,1,1,5,1,1,1,1,0,430,1,9.3026,0,0.6767,0.8571,1,100,1
dat1-pair-0788,mock-reco-v1,20260902,1,1,train,2,dat1,product-063,cat-beauty,shop-04,Fri Aug 14 2026 20:35:00 GMT+0700 (Indochina Time),0,synthetic-preference-rule,0.2,0.1,1,0,0,1,1,0,443,1,9.0382,0,0.9315,0.5257,1,100,1
dat1-pair-0789,mock-reco-v1,20260902,1,1,train,3,dat1,product-046,cat-fashion-women,shop-01,Sat Aug 15 2026 11:30:00 GMT+0700 (Indochina Time),1,synthetic-preference-rule,0.2,1,5,1,1,1,1,0,424,1,8.679,1,0.7205,0.5543,1,100,1
dat1-pair-0790,mock-reco-v1,20260902,1,1,train,4,dat1,product-101,cat-pets,shop-05,Sun Aug 16 2026 14:29:00 GMT+0700 (Indochina Time),0,synthetic-preference-rule,0.2,0.1,2,0,0,0,1,0,424,1,8.1599,1,0.6493,0.5829,1,100,1
dat1-pair-0791,mock-reco-v1,20260902,1,1,heldout,0,dat1,product-096,cat-books,shop-03,Mon Aug 17 2026 09:07:00 GMT+0700 (Indochina Time),1,synthetic-preference-rule,1,1,5,1,1,1,1,0,429,1,9.0212,1,0.9808,0.9714,1,100,1
dat1-pair-0792,mock-reco-v1,20260902,1,1,train,1,dat1,product-040,cat-kitchen,shop-07,Wed Aug 19 2026 06:08:00 GMT+0700 (Indochina Time),0,synthetic-preference-rule,0.2,0.1,1,1,0,0,1,0,421,0.765,9.3859,0,0.9753,0.44,1,100,1
dat1-pair-0793,mock-reco-v1,20260902,1,1,train,2,dat1,product-008,cat-electronics,shop-12,Wed Aug 19 2026 15:05:00 GMT+0700 (Indochina Time),1,synthetic-preference-rule,1,0.1,5,1,0,1,0.8909,0,456,0.978,7.4265,0,0.5342,0.8286,1,100,1
dat1-pair-0794,mock-reco-v1,20260902,1,1,train,3,dat1,product-067,cat-beauty,shop-12,Thu Aug 20 2026 12:06:00 GMT+0700 (Indochina Time),0,synthetic-preference-rule,0.2,0.1,2,0,0,0,1,0,421,1,7.9707,1,0.9205,0.4971,1,100,1
dat1-pair-0795,mock-reco-v1,20260902,1,1,train,4,dat1,product-027,cat-home,shop-01,Fri Aug 21 2026 21:11:00 GMT+0700 (Indochina Time),1,synthetic-preference-rule,1,1,5,1,1,1,1,0,467,1,8.5768,0,0.9096,0.8857,1,100,1
dat1-pair-0796,mock-reco-v1,20260902,1,1,heldout,0,dat1,product-107,cat-pets,shop-11,Sat Aug 22 2026 18:12:00 GMT+0700 (Indochina Time),0,synthetic-preference-rule,0.2,0.1,1,1,0,0,1,0,394,1,8.6629,0,0.6658,0.5543,1,100,1
dat1-pair-0797,mock-reco-v1,20260902,1,1,train,1,dat1,product-077,cat-sports,shop-03,Mon Aug 24 2026 03:09:00 GMT+0700 (Indochina Time),1,synthetic-preference-rule,0.2,1,5,1,1,1,1,0,442,0.22,9.13,0,0.5178,0.5829,1,100,1
dat1-pair-0798,mock-reco-v1,20260902,1,1,train,2,dat1,product-045,cat-fashion-women,shop-08,Tue Aug 25 2026 00:10:00 GMT+0700 (Indochina Time),0,synthetic-preference-rule,0.2,0.1,2,0,0,0,0.5455,0,387,1,8.3568,1,0.7233,0.6114,1,100,1
dat1-pair-0799,mock-reco-v1,20260902,1,1,train,3,dat1,product-112,cat-grocery,shop-01,Tue Aug 25 2026 08:59:00 GMT+0700 (Indochina Time),1,synthetic-preference-rule,0.2,1,5,1,1,1,1,0,418,0.174,8.3682,0,0.6329,0.44,1,100,1
dat1-pair-0800,mock-reco-v1,20260902,1,1,train,4,dat1,product-073,cat-sports,shop-07,Thu Aug 27 2026 06:00:00 GMT+0700 (Indochina Time),0,synthetic-preference-rule,0.2,0.1,1,1,0,0,1,0,464,1,7.9201,0,1,0.4686,1,100,1
dat1-pair-0801,mock-reco-v1,20260902,1,1,heldout,0,dat1,product-018,cat-computers,shop-03,Fri Aug 28 2026 06:35:00 GMT+0700 (Indochina Time),1,synthetic-preference-rule,1,1,5,1,1,1,1,0,393,1,9.1428,0,0.6795,0.8571,0,100,1
dat1-pair-0802,mock-reco-v1,20260902,1,1,train,1,dat1,product-113,cat-grocery,shop-06,Sat Aug 29 2026 03:36:00 GMT+0700 (Indochina Time),0,synthetic-preference-rule,0.2,0.1,2,0,0,0,1,0,433,0.955,8.6873,0,0.6301,0.5257,1,100,1
dat1-pair-0803,mock-reco-v1,20260902,1,1,train,2,dat1,product-050,cat-fashion-women,shop-10,Sat Aug 29 2026 12:33:00 GMT+0700 (Indochina Time),1,synthetic-preference-rule,0.2,1,4,1,1,1,1,0,490,1,9.3415,0,0.7534,0.5543,1,100,1
dat1-pair-0804,mock-reco-v1,20260902,1,1,train,3,dat1,product-049,cat-fashion-women,shop-05,Mon Jun 01 2026 09:34:00 GMT+0700 (Indochina Time),0,synthetic-preference-rule,0.2,0.1,1,1,0,0,1,0,453,0.477,9.1884,0,0.7562,0.5829,1,100,1
dat1-pair-0805,mock-reco-v1,20260902,1,1,train,4,dat1,product-097,cat-books,shop-09,Tue Jun 02 2026 18:39:00 GMT+0700 (Indochina Time),1,synthetic-preference-rule,1,0.1,4,1,0,0,1,0,414,0.77,7.0335,0,0.9836,0.9714,1,100,1
dat1-pair-0806,mock-reco-v1,20260902,1,1,heldout,0,dat1,product-078,cat-sports,shop-08,Wed Jun 03 2026 15:40:00 GMT+0700 (Indochina Time),0,synthetic-preference-rule,0.2,0.1,2,0,0,0,1,0,405,1,8.9371,1,0.5205,0.44,1,100,1
dat1-pair-0807,mock-reco-v1,20260902,1,1,train,1,dat1,product-009,cat-electronics,shop-05,Fri Jun 05 2026 00:37:00 GMT+0700 (Indochina Time),1,synthetic-preference-rule,1,0.1,4,1,0,0,1,0,405,1,9.0851,0,0.9918,0.8286,1,100,1
dat1-pair-0808,mock-reco-v1,20260902,1,1,train,2,dat1,product-116,cat-grocery,shop-09,Fri Jun 05 2026 21:38:00 GMT+0700 (Indochina Time),0,synthetic-preference-rule,0.2,0.1,1,1,0,0,1,0,396,0.898,9.1934,1,0.6438,0.4971,1,100,1
dat1-pair-0809,mock-reco-v1,20260902,1,1,train,3,dat1,product-028,cat-home,shop-06,Sun Jun 07 2026 06:43:00 GMT+0700 (Indochina Time),1,synthetic-preference-rule,1,0.1,4,1,0,0,0.2,1,378,0.482,8.843,0,0.9068,0.8857,1,100,1
dat1-pair-0810,mock-reco-v1,20260902,1,1,train,4,dat1,product-055,cat-fashion-men,shop-11,Mon Jun 08 2026 03:44:00 GMT+0700 (Indochina Time),0,synthetic-preference-rule,0.2,0.1,2,0,0,1,0.0909,1,474,0.392,7.7017,0,0.8027,0.5543,1,100,1
dat1-pair-0811,mock-reco-v1,20260902,1,1,heldout,0,dat1,product-079,cat-sports,shop-01,Mon Jun 08 2026 15:30:00 GMT+0700 (Indochina Time),1,synthetic-preference-rule,0.2,1,4,1,1,0,1,0,494,1,8.5248,0,0.9836,0.5829,1,100,1
dat1-pair-0812,mock-reco-v1,20260902,1,1,train,1,dat1,product-082,cat-mother-baby,shop-04,Tue Jun 09 2026 18:29:00 GMT+0700 (Indochina Time),0,synthetic-preference-rule,0.2,0.1,2,0,0,0,1,0,482,0.798,8.5529,0,0.8849,0.6114,1,100,1
dat1-pair-0813,mock-reco-v1,20260902,1,1,train,2,dat1,product-117,cat-grocery,shop-02,Wed Jun 10 2026 09:32:00 GMT+0700 (Indochina Time),1,synthetic-preference-rule,0.2,1,4,1,1,1,1,0,411,1,9.3458,0,0.6411,0.44,1,100,1
dat1-pair-0814,mock-reco-v1,20260902,1,1,train,3,dat1,product-120,cat-grocery,shop-05,Thu Jun 11 2026 12:31:00 GMT+0700 (Indochina Time),0,synthetic-preference-rule,0.2,0.1,1,0,0,1,1,0,462,1,8.5679,0,0.611,0.4686,0,100,1
dat1-pair-0815,mock-reco-v1,20260902,1,1,train,4,dat1,product-019,cat-computers,shop-08,Sat Jun 13 2026 03:26:00 GMT+0700 (Indochina Time),1,synthetic-preference-rule,1,0.1,4,1,0,1,1,0,460,1,7.1325,0,0.6384,0.8571,1,100,1
dat1-pair-0816,mock-reco-v1,20260902,1,1,heldout,0,dat1,product-059,cat-fashion-men,shop-07,Sun Jun 14 2026 06:25:00 GMT+0700 (Indochina Time),0,synthetic-preference-rule,0.2,0.1,2,0,0,0,1,0,408,1,9.0697,0,0.8356,0.5257,1,100,1
dat1-pair-0817,mock-reco-v1,20260902,1,1,train,1,dat1,product-051,cat-fashion-men,shop-03,Sun Jun 14 2026 21:28:00 GMT+0700 (Indochina Time),1,synthetic-preference-rule,0.2,1,4,1,1,1,0.3455,1,452,1,8.8582,1,0.8137,0.5543,1,100,1
dat1-pair-0818,mock-reco-v1,20260902,1,1,train,2,dat1,product-087,cat-mother-baby,shop-06,Tue Jun 16 2026 00:27:00 GMT+0700 (Indochina Time),0,synthetic-preference-rule,0.2,0.1,1,0,0,1,1,0,393,1,8.8248,0,0.8932,0.5829,1,100,1
dat1-pair-0819,mock-reco-v1,20260902,1,1,train,3,dat1,product-098,cat-books,shop-02,Tue Jun 16 2026 15:38:00 GMT+0700 (Indochina Time),1,synthetic-preference-rule,1,1,4,1,1,1,0.5455,0,377,1,9.3514,0,0.9863,0.9714,1,100,1
dat1-pair-0820,mock-reco-v1,20260902,1,1,train,4,dat1,product-034,cat-kitchen,shop-12,Wed Jun 17 2026 18:37:00 GMT+0700 (Indochina Time),0,synthetic-preference-rule,0.2,0.1,2,0,0,0,1,0,429,1,8.9527,1,0.9918,0.44,1,100,1
dat1-pair-0821,mock-reco-v1,20260902,1,1,heldout,0,dat1,product-010,cat-electronics,shop-10,Thu Jun 18 2026 18:01:00 GMT+0700 (Indochina Time),1,synthetic-preference-rule,1,1,5,1,1,1,1,0,442,0.368,9.2536,0,0.989,0.8286,1,100,1
dat1-pair-0822,mock-reco-v1,20260902,1,1,train,1,dat1,product-062,cat-beauty,shop-11,Fri Jun 19 2026 15:02:00 GMT+0700 (Indochina Time),0,synthetic-preference-rule,0.2,0.1,1,1,0,0,0.9636,0,406,1,8.8247,0,0.9233,0.4971,1,100,1
dat1-pair-0823,mock-reco-v1,20260902,1,1,train,2,dat1,product-029,cat-home,shop-11,Sat Jun 20 2026 12:03:00 GMT+0700 (Indochina Time),1,synthetic-preference-rule,1,0.1,5,1,0,1,1,0,415,1,9.1587,0,0.9151,0.8857,1,100,1
dat1-pair-0824,mock-reco-v1,20260902,1,1,train,3,dat1,product-090,cat-mother-baby,shop-09,Sun Jun 21 2026 09:04:00 GMT+0700 (Indochina Time),0,synthetic-preference-rule,0.2,0.1,2,0,0,0,1,0,400,1,8.7216,0,0.9068,0.5543,1,100,1
dat1-pair-0825,mock-reco-v1,20260902,1,1,train,4,dat1,product-084,cat-mother-baby,shop-02,Tue Jun 23 2026 06:05:00 GMT+0700 (Indochina Time),1,synthetic-preference-rule,0.2,1,5,1,1,1,0.7455,0,408,1,7.5725,0,0.8795,0.5829,1,100,1
dat1-pair-0826,mock-reco-v1,20260902,1,1,heldout,0,dat1,product-038,cat-kitchen,shop-09,Wed Jun 24 2026 03:06:00 GMT+0700 (Indochina Time),0,synthetic-preference-rule,0.2,0.1,1,1,0,0,1,0,451,0.651,7.1333,0,0.9808,0.6114,1,100,1
dat1-pair-0827,mock-reco-v1,20260902,1,1,train,1,dat1,product-001,cat-electronics,shop-01,Thu Jun 25 2026 00:07:00 GMT+0700 (Indochina Time),1,synthetic-preference-rule,1,1,5,1,1,1,1,0,449,1,9.1876,1,0.5205,0.8,0,100,1
dat1-pair-0828,mock-reco-v1,20260902,1,1,train,2,dat1,product-066,cat-beauty,shop-07,Thu Jun 25 2026 21:08:00 GMT+0700 (Indochina Time),0,synthetic-preference-rule,0.2,0.1,2,0,0,0,0.5273,0,384,1,7.1515,1,0.9123,0.4686,1,100,1
dat1-pair-0829,mock-reco-v1,20260902,1,1,train,3,dat1,product-020,cat-computers,shop-01,Fri Jun 26 2026 17:53:00 GMT+0700 (Indochina Time),1,synthetic-preference-rule,1,1,5,1,1,1,1,0,423,1,9.3616,0,0.6411,0.8571,1,100,1
dat1-pair-0830,mock-reco-v1,20260902,1,1,train,4,dat1,product-106,cat-pets,shop-06,Sat Jun 27 2026 14:54:00 GMT+0700 (Indochina Time),0,synthetic-preference-rule,0.2,0.1,1,1,0,0,1,0,409,1,8.9096,1,0.663,0.5257,1,100,1
dat1-pair-0831,mock-reco-v1,20260902,1,1,heldout,0,dat1,product-053,cat-fashion-men,shop-01,Sun Jun 28 2026 20:32:00 GMT+0700 (Indochina Time),1,synthetic-preference-rule,0.2,1,5,1,1,0,1,0,400,1,9.237,0,0.8192,0.5543,1,100,1
dat1-pair-0832,mock-reco-v1,20260902,1,1,train,1,dat1,product-042,cat-fashion-women,shop-05,Mon Jun 29 2026 23:31:00 GMT+0700 (Indochina Time),0,synthetic-preference-rule,0.2,0.1,2,0,0,0,1,0,446,0.306,5.8693,0,0.7315,0.5829,1,100,1
dat1-pair-0833,mock-reco-v1,20260902,1,1,train,2,dat1,product-099,cat-books,shop-07,Wed Jul 01 2026 02:30:00 GMT+0700 (Indochina Time),1,synthetic-preference-rule,1,0.1,5,1,0,0,0.7818,0,406,0.16,8.58,0,0.989,0.9714,1,100,1
dat1-pair-0834,mock-reco-v1,20260902,1,1,train,3,dat1,product-071,cat-sports,shop-08,Thu Jul 02 2026 05:29:00 GMT+0700 (Indochina Time),0,synthetic-preference-rule,0.2,0.1,1,1,0,0,1,0,412,0.334,8.6978,1,0.5123,0.44,1,100,1
dat1-pair-0835,mock-reco-v1,20260902,1,1,train,4,dat1,product-011,cat-computers,shop-03,Thu Jul 02 2026 08:36:00 GMT+0700 (Indochina Time),1,synthetic-preference-rule,1,1,5,1,1,0,1,0,378,0.384,7.698,1,0.6603,0.8286,1,100,1
dat1-pair-0836,mock-reco-v1,20260902,1,1,heldout,0,dat1,product-111,cat-grocery,shop-08,Fri Jul 03 2026 11:35:00 GMT+0700 (Indochina Time),0,synthetic-preference-rule,0.2,0.1,2,0,0,0,1,0,381,1,7.8969,1,0.6356,0.4971,1,100,1
dat1-pair-0837,mock-reco-v1,20260902,1,1,train,1,dat1,product-030,cat-home,shop-04,Sat Jul 04 2026 14:34:00 GMT+0700 (Indochina Time),1,synthetic-preference-rule,1,0.1,5,1,0,0,1,0,452,1,9.3161,0,0.9123,0.8857,1,100,1
dat1-pair-0838,mock-reco-v1,20260902,1,1,train,2,dat1,product-048,cat-fashion-women,shop-11,Sun Jul 05 2026 17:33:00 GMT+0700 (Indochina Time),0,synthetic-preference-rule,0.2,0.1,2,0,0,0,1,0,476,1,7.8785,0,0.7151,0.5543,1,100,1
dat1-pair-0839,mock-reco-v1,20260902,1,1,train,3,dat1,product-086,cat-mother-baby,shop-01,Mon Jul 06 2026 20:24:00 GMT+0700 (Indochina Time),1,synthetic-preference-rule,0.2,1,5,0,1,1,1,0,378,1,9.3637,1,0.8959,0.5829,0,100,1
dat1-pair-0840,mock-reco-v1,20260902,1,1,train,4,dat1,product-075,cat-sports,shop-05,Tue Jul 07 2026 23:23:00 GMT+0700 (Indochina Time),0,synthetic-preference-rule,0.2,0.1,1,0,0,1,1,0,390,1,6.1442,0,0.5233,0.6114,1,100,1
dat1-pair-0841,mock-reco-v1,20260902,1,1,heldout,0,dat1,product-002,cat-electronics,shop-06,Wed Jul 08 2026 23:03:00 GMT+0700 (Indochina Time),1,synthetic-preference-rule,1,0.1,5,0,0,1,1,0,486,1,9.3408,0,0.5178,0.8,1,100,1
dat1-pair-0842,mock-reco-v1,20260902,1,1,train,1,dat1,product-115,cat-grocery,shop-04,Thu Jul 09 2026 20:04:00 GMT+0700 (Indochina Time),0,synthetic-preference-rule,0.2,0.1,2,0,0,0,1,0,485,0.117,9.0135,0,0.6466,0.4686,1,100,1
dat1-pair-0843,mock-reco-v1,20260902,1,1,train,2,dat1,product-021,cat-home,shop-06,Sat Jul 11 2026 05:01:00 GMT+0700 (Indochina Time),1,synthetic-preference-rule,1,0.1,5,0,0,1,1,0,371,0.539,9.0531,1,0.8932,0.8571,1,100,1
dat1-pair-0844,mock-reco-v1,20260902,1,1,train,3,dat1,product-054,cat-fashion-men,shop-06,Sun Jul 12 2026 02:02:00 GMT+0700 (Indochina Time),0,synthetic-preference-rule,0.2,0.1,1,0,0,1,1,0,489,1,9.0654,0,0.8219,0.5257,1,100,1
dat1-pair-0845,mock-reco-v1,20260902,1,1,train,4,dat1,product-058,cat-fashion-men,shop-02,Sun Jul 12 2026 10:59:00 GMT+0700 (Indochina Time),1,synthetic-preference-rule,0.2,1,5,0,1,1,1,0,385,0.449,8.2509,0,0.811,0.5543,1,100,1
dat1-pair-0846,mock-reco-v1,20260902,1,1,heldout,0,dat1,product-081,cat-mother-baby,shop-11,Mon Jul 13 2026 08:00:00 GMT+0700 (Indochina Time),0,synthetic-preference-rule,0.2,0.1,2,0,0,0,1,0,445,0.017,8.1784,1,0.8877,0.5829,1,100,1
dat1-pair-0847,mock-reco-v1,20260902,1,1,train,1,dat1,product-100,cat-books,shop-12,Tue Jul 14 2026 16:57:00 GMT+0700 (Indochina Time),1,synthetic-preference-rule,1,0.1,6,0,0,1,1,0,495,1,8.2174,1,0.9918,0.9714,1,100,1
dat1-pair-0848,mock-reco-v1,20260902,1,1,train,2,dat1,product-119,cat-grocery,shop-12,Wed Jul 15 2026 13:58:00 GMT+0700 (Indochina Time),0,synthetic-preference-rule,0.2,0.1,1,1,0,0,0.9091,0,425,0.345,8.2,0,0.6137,0.44,1,100,1
dat1-pair-0849,mock-reco-v1,20260902,1,1,train,3,dat1,product-012,cat-computers,shop-08,Thu Jul 16 2026 22:55:00 GMT+0700 (Indochina Time),1,synthetic-preference-rule,1,0.1,6,0,0,1,0.6545,0,467,1,6.3716,1,0.663,0.8286,1,100,1
dat1-pair-0850,mock-reco-v1,20260902,1,1,train,4,dat1,product-057,cat-fashion-men,shop-09,Fri Jul 17 2026 19:56:00 GMT+0700 (Indochina Time),0,synthetic-preference-rule,0.2,0.1,2,0,0,0,1,0,422,1,8.6034,0,0.8082,0.4971,1,100,1
dat1-pair-0851,mock-reco-v1,20260902,1,1,heldout,0,dat1,product-032,cat-kitchen,shop-02,Sun Jul 19 2026 03:10:00 GMT+0700 (Indochina Time),1,synthetic-preference-rule,0.2,1,6,0,1,1,1,0,377,1,9.3026,0,0.9973,0.5257,1,100,1
dat1-pair-0852,mock-reco-v1,20260902,1,1,train,1,dat1,product-085,cat-mother-baby,shop-08,Mon Jul 20 2026 06:09:00 GMT+0700 (Indochina Time),0,synthetic-preference-rule,0.2,0.1,1,1,0,0,0.9818,0,467,0.741,9.2142,0,0.8986,0.5543,1,100,1
dat1-pair-0853,mock-reco-v1,20260902,1,1,train,2,dat1,product-091,cat-books,shop-02,Mon Jul 20 2026 21:12:00 GMT+0700 (Indochina Time),1,synthetic-preference-rule,1,1,6,0,1,1,1,0,488,1,8.383,1,0.9671,0.9429,1,100,1
dat1-pair-0854,mock-reco-v1,20260902,1,1,train,3,dat1,product-033,cat-kitchen,shop-07,Wed Jul 22 2026 00:11:00 GMT+0700 (Indochina Time),0,synthetic-preference-rule,0.2,0.1,2,0,0,0,1,0,466,1,9.1429,0,0.989,0.6114,1,100,1
dat1-pair-0855,mock-reco-v1,20260902,1,1,train,4,dat1,product-003,cat-electronics,shop-11,Wed Jul 22 2026 15:14:00 GMT+0700 (Indochina Time),1,synthetic-preference-rule,1,0.1,6,0,0,1,0.8364,0,397,1,8.7852,0,0.526,0.8,1,100,1
dat1-pair-0856,mock-reco-v1,20260902,1,1,heldout,0,dat1,product-061,cat-beauty,shop-06,Thu Jul 23 2026 18:13:00 GMT+0700 (Indochina Time),0,synthetic-preference-rule,0.2,0.1,1,1,0,0,1,0,495,1,8.5528,1,0.926,0.4686,1,100,1
dat1-pair-0857,mock-reco-v1,20260902,1,1,train,1,dat1,product-022,cat-home,shop-11,Fri Jul 24 2026 09:16:00 GMT+0700 (Indochina Time),1,synthetic-preference-rule,1,0.1,5,1,0,0,1,0,408,1,9.2266,0,0.8904,0.8571,1,100,1
dat1-pair-0858,mock-reco-v1,20260902,1,1,train,2,dat1,product-089,cat-mother-baby,shop-04,Sat Jul 25 2026 12:15:00 GMT+0700 (Indochina Time),0,synthetic-preference-rule,0.2,0.1,2,0,0,0,1,0,489,0.969,8.4152,1,0.9096,0.5257,1,100,1
dat1-pair-0859,mock-reco-v1,20260902,1,1,train,3,dat1,product-065,cat-beauty,shop-02,Mon Jul 27 2026 03:18:00 GMT+0700 (Indochina Time),1,synthetic-preference-rule,0.2,1,5,1,1,0,1,0,473,0.419,9.3637,0,0.9151,0.5543,1,100,1
dat1-pair-0860,mock-reco-v1,20260902,1,1,train,4,dat1,product-037,cat-kitchen,shop-04,Tue Jul 28 2026 06:17:00 GMT+0700 (Indochina Time),0,synthetic-preference-rule,0.2,0.1,1,1,0,0,1,0,488,1,7.9628,0,0.9781,0.5829,1,100,1
dat1-pair-0861,mock-reco-v1,20260902,1,1,heldout,0,dat1,product-102,cat-pets,shop-10,Wed Jul 29 2026 05:41:00 GMT+0700 (Indochina Time),1,synthetic-preference-rule,0.2,1,5,1,1,0,1,0,387,1,7.5385,0,0.6521,0.6114,1,100,1
dat1-pair-0862,mock-reco-v1,20260902,1,1,train,1,dat1,product-064,cat-beauty,shop-09,Thu Jul 30 2026 02:42:00 GMT+0700 (Indochina Time),0,synthetic-preference-rule,0.2,0.1,2,0,0,0,1,0,480,0.362,9.2141,0,0.9288,0.44,1,100,1
dat1-pair-0863,mock-reco-v1,20260902,1,1,train,2,dat1,product-013,cat-computers,shop-02,Thu Jul 30 2026 23:43:00 GMT+0700 (Indochina Time),1,synthetic-preference-rule,1,1,5,1,1,0,1,0,452,1,8.6019,0,0.6658,0.8286,1,100,1
dat1-pair-0864,mock-reco-v1,20260902,1,1,train,3,dat1,product-104,cat-pets,shop-08,Fri Jul 31 2026 20:44:00 GMT+0700 (Indochina Time),0,synthetic-preference-rule,0.2,0.1,2,0,0,0,0.4727,1,461,1,9.2725,0,0.6575,0.4971,1,100,1
dat1-pair-0865,mock-reco-v1,20260902,1,1,train,4,dat1,product-036,cat-kitchen,shop-10,Sat Aug 01 2026 17:37:00 GMT+0700 (Indochina Time),1,synthetic-preference-rule,0.2,1,5,1,1,0,1,0,399,1,8.4098,1,0.9863,0.5257,1,100,1
dat1-pair-0866,mock-reco-v1,20260902,1,1,heldout,0,dat1,product-041,cat-fashion-women,shop-12,Sun Aug 02 2026 14:38:00 GMT+0700 (Indochina Time),0,synthetic-preference-rule,0.2,0.1,2,0,0,1,1,0,409,1,9.2813,1,0.7342,0.5543,1,100,1
dat1-pair-0867,mock-reco-v1,20260902,1,1,train,1,dat1,product-092,cat-books,shop-07,Mon Aug 03 2026 11:39:00 GMT+0700 (Indochina Time),1,synthetic-preference-rule,1,0.1,5,1,0,0,1,0,451,0.827,7.9204,0,0.9699,0.9429,1,100,1
dat1-pair-0868,mock-reco-v1,20260902,1,1,train,2,dat1,product-068,cat-beauty,shop-05,Tue Aug 04 2026 08:40:00 GMT+0700 (Indochina Time),0,synthetic-preference-rule,0.2,0.1,2,0,0,0,1,0,458,1,8.4149,0,0.9178,0.6114,1,100,1
dat1-pair-0869,mock-reco-v1,20260902,1,1,train,3,dat1,product-004,cat-electronics,shop-04,Thu Aug 06 2026 05:49:00 GMT+0700 (Indochina Time),1,synthetic-preference-rule,1,0.1,5,1,0,0,1,0,434,0.254,9.0065,0,0.5233,0.8,1,100,1
dat1-pair-0870,mock-reco-v1,20260902,1,1,train,4,dat1,product-108,cat-pets,shop-04,Fri Aug 07 2026 02:50:00 GMT+0700 (Indochina Time),0,synthetic-preference-rule,0.2,0.1,1,0,0,1,0.0364,1,483,0.229,8.3345,0,0.6685,0.4686,1,100,1
dat1-pair-0871,mock-reco-v1,20260902,1,1,heldout,0,dat1,product-023,cat-home,shop-04,Fri Aug 07 2026 08:12:00 GMT+0700 (Indochina Time),1,synthetic-preference-rule,1,0.1,5,1,0,0,1,0,445,1,9.3744,1,0.8986,0.8571,1,100,1
dat1-pair-0872,mock-reco-v1,20260902,1,1,train,1,dat1,product-047,cat-fashion-women,shop-06,Sat Aug 08 2026 11:11:00 GMT+0700 (Indochina Time),0,synthetic-preference-rule,0.2,0.1,2,0,0,0,1,0,439,0.363,6.9285,0,0.7178,0.5257,1,100,1
dat1-pair-0873,mock-reco-v1,20260902,1,1,train,2,dat1,product-069,cat-beauty,shop-10,Sun Aug 09 2026 14:10:00 GMT+0700 (Indochina Time),1,synthetic-preference-rule,0.2,1,6,1,1,0,1,0,451,0.191,8.3497,0,0.9041,0.5543,0,100,1
dat1-pair-0874,mock-reco-v1,20260902,1,1,train,3,dat1,product-074,cat-sports,shop-12,Mon Aug 10 2026 17:09:00 GMT+0700 (Indochina Time),0,synthetic-preference-rule,0.2,0.1,1,1,0,0,1,0,427,1,7.0326,0,0.5096,0.5829,1,100,1
dat1-pair-0875,mock-reco-v1,20260902,1,1,train,4,dat1,product-103,cat-pets,shop-03,Tue Aug 11 2026 20:08:00 GMT+0700 (Indochina Time),1,synthetic-preference-rule,0.2,1,6,1,1,0,1,0,372,0.286,5.5607,0,0.6548,0.6114,0,100,1
dat1-pair-0876,mock-reco-v1,20260902,1,1,heldout,0,dat1,product-114,cat-grocery,shop-11,Wed Aug 12 2026 23:07:00 GMT+0700 (Indochina Time),0,synthetic-preference-rule,0.2,0.1,2,0,0,0,0.3818,1,470,1,8.9288,0,0.6274,0.44,1,100,1
dat1-pair-0877,mock-reco-v1,20260902,1,1,train,1,dat1,product-014,cat-computers,shop-07,Fri Aug 14 2026 02:06:00 GMT+0700 (Indochina Time),1,synthetic-preference-rule,1,0.1,6,1,0,0,1,0,415,0.441,8.2488,0,0.6685,0.8286,1,100,1
dat1-pair-0878,mock-reco-v1,20260902,1,1,train,2,dat1,product-052,cat-fashion-men,shop-08,Sat Aug 15 2026 05:05:00 GMT+0700 (Indochina Time),0,synthetic-preference-rule,0.2,0.1,1,1,0,0,1,0,415,0.335,8.5966,0,0.8164,0.4971,0,100,1
dat1-pair-0879,mock-reco-v1,20260902,1,1,train,3,dat1,product-039,cat-kitchen,shop-02,Sat Aug 15 2026 08:20:00 GMT+0700 (Indochina Time),1,synthetic-preference-rule,0.2,1,6,1,1,0,1,0,458,1,7.3382,0,0.9726,0.5257,1,100,1
dat1-pair-0880,mock-reco-v1,20260902,1,1,train,4,dat1,product-080,cat-sports,shop-06,Sun Aug 16 2026 11:19:00 GMT+0700 (Indochina Time),0,synthetic-preference-rule,0.2,0.1,2,0,0,0,1,0,457,0.505,8.1371,0,0.9863,0.5543,1,100,1
dat1-pair-0881,mock-reco-v1,20260902,1,1,heldout,0,dat1,product-093,cat-books,shop-12,Mon Aug 17 2026 17:07:00 GMT+0700 (Indochina Time),1,synthetic-preference-rule,1,0.1,6,1,0,0,1,0,436,0.046,8.9372,0,0.9726,0.9429,1,100,1
dat1-pair-0882,mock-reco-v1,20260902,1,1,train,1,dat1,product-118,cat-grocery,shop-07,Tue Aug 18 2026 14:08:00 GMT+0700 (Indochina Time),0,synthetic-preference-rule,0.2,0.1,1,1,0,0,0.0545,1,448,0.06,6.9754,0,0.6384,0.6114,1,100,1
dat1-pair-0883,mock-reco-v1,20260902,1,1,train,2,dat1,product-005,cat-electronics,shop-09,Wed Aug 19 2026 23:05:00 GMT+0700 (Indochina Time),1,synthetic-preference-rule,1,0.1,5,1,0,0,1,0,471,1,8.1014,0,0.5315,0.8,1,100,1
dat1-pair-0884,mock-reco-v1,20260902,1,1,train,3,dat1,product-056,cat-fashion-men,shop-04,Thu Aug 20 2026 20:06:00 GMT+0700 (Indochina Time),0,synthetic-preference-rule,0.2,0.1,2,0,0,0,1,0,437,1,9.3834,1,0.8055,0.4686,1,100,1
dat1-pair-0885,mock-reco-v1,20260902,1,1,train,4,dat1,product-024,cat-home,shop-09,Sat Aug 22 2026 05:11:00 GMT+0700 (Indochina Time),1,synthetic-preference-rule,1,0.1,5,1,0,0,0.2364,1,482,1,7.2457,0,0.8959,0.8571,1,100,1
dat1-pair-0886,mock-reco-v1,20260902,1,1,heldout,0,dat1,product-083,cat-mother-baby,shop-09,Sun Aug 23 2026 02:12:00 GMT+0700 (Indochina Time),0,synthetic-preference-rule,0.2,0.1,1,1,0,0,1,0,371,1,5.7838,0,0.8822,0.5257,1,100,1
dat1-pair-0887,mock-reco-v1,20260902,1,1,train,1,dat1,product-070,cat-beauty,shop-03,Sun Aug 23 2026 11:09:00 GMT+0700 (Indochina Time),1,synthetic-preference-rule,0.2,1,5,1,1,0,0.0909,1,488,0.972,8.6739,0,0.9014,0.5543,1,100,1
dat1-pair-0888,mock-reco-v1,20260902,1,1,train,2,dat1,product-031,cat-kitchen,shop-09,Mon Aug 24 2026 08:10:00 GMT+0700 (Indochina Time),0,synthetic-preference-rule,0.2,0.1,2,0,0,0,0.6364,0,414,0.594,6.3733,1,0.9945,0.5829,1,100,1
dat1-pair-0889,mock-reco-v1,20260902,1,1,train,3,dat1,product-105,cat-pets,shop-01,Tue Aug 25 2026 16:59:00 GMT+0700 (Indochina Time),1,synthetic-preference-rule,0.2,1,5,1,1,0,1,0,446,0.172,9.1074,0,0.6603,0.6114,1,100,1
dat1-pair-0890,mock-reco-v1,20260902,1,1,train,4,dat1,product-060,cat-fashion-men,shop-12,Wed Aug 26 2026 14:00:00 GMT+0700 (Indochina Time),0,synthetic-preference-rule,0.2,0.1,1,1,0,0,1,0,371,1,8.8635,0,0.8384,0.44,1,100,1
dat1-pair-0891,mock-reco-v1,20260902,1,1,heldout,0,dat1,product-015,cat-computers,shop-12,Thu Aug 27 2026 19:38:00 GMT+0700 (Indochina Time),1,synthetic-preference-rule,1,0.1,5,1,0,0,1,0,482,1,8.9526,0,0.6712,0.8286,1,100,1
dat1-pair-0892,mock-reco-v1,20260902,1,1,train,1,dat1,product-088,cat-mother-baby,shop-11,Fri Aug 28 2026 22:37:00 GMT+0700 (Indochina Time),0,synthetic-preference-rule,0.2,0.1,2,0,0,1,1,0,430,0.684,9.0384,0,0.8904,0.4971,1,100,1
dat1-pair-0893,mock-reco-v1,20260902,1,1,train,2,dat1,product-043,cat-fashion-women,shop-10,Sat Aug 29 2026 13:40:00 GMT+0700 (Indochina Time),1,synthetic-preference-rule,0.2,1,5,1,1,1,1,0,461,1,8.9223,0,0.7288,0.5257,1,100,1
dat1-pair-0894,mock-reco-v1,20260902,1,1,train,3,dat1,product-035,cat-kitchen,shop-05,Mon Jun 01 2026 16:39:00 GMT+0700 (Indochina Time),0,synthetic-preference-rule,0.2,0.1,2,0,0,0,1,0,436,1,8.7177,0,0.9836,0.5543,0,100,1
dat1-pair-0895,mock-reco-v1,20260902,1,1,train,4,dat1,product-094,cat-books,shop-05,Tue Jun 02 2026 07:34:00 GMT+0700 (Indochina Time),1,synthetic-preference-rule,1,0.1,5,1,0,1,0.1091,1,399,1,8.698,0,0.9753,0.9429,1,100,1
dat1-pair-0896,mock-reco-v1,20260902,1,1,heldout,0,dat1,product-063,cat-beauty,shop-04,Wed Jun 03 2026 10:33:00 GMT+0700 (Indochina Time),0,synthetic-preference-rule,0.2,0.1,1,0,0,1,1,0,443,1,9.0382,0,0.9315,0.6114,1,100,1
dat1-pair-0897,mock-reco-v1,20260902,1,1,train,1,dat1,product-006,cat-electronics,shop-02,Fri Jun 05 2026 01:36:00 GMT+0700 (Indochina Time),1,synthetic-preference-rule,1,1,5,1,1,1,1,0,382,0.14,8.5007,1,0.5288,0.8,1,100,1
dat1-pair-0898,mock-reco-v1,20260902,1,1,train,2,dat1,product-101,cat-pets,shop-05,Sat Jun 06 2026 04:35:00 GMT+0700 (Indochina Time),0,synthetic-preference-rule,0.2,0.1,2,0,0,0,1,0,424,1,8.1599,1,0.6493,0.4686,1,100,1
dat1-pair-0899,mock-reco-v1,20260902,1,1,train,3,dat1,product-025,cat-home,shop-03,Sat Jun 06 2026 19:30:00 GMT+0700 (Indochina Time),1,synthetic-preference-rule,1,1,6,1,1,1,1,0,393,1,7.2189,0,0.9041,0.8571,1,100,1
dat1-pair-0900,mock-reco-v1,20260902,1,1,train,4,dat1,product-040,cat-kitchen,shop-07,Sun Jun 07 2026 22:29:00 GMT+0700 (Indochina Time),0,synthetic-preference-rule,0.2,0.1,1,1,0,0,1,0,421,0.765,9.3859,0,0.9753,0.5257,1,100,1
dat1-pair-0901,mock-reco-v1,20260902,1,1,heldout,0,dat1,product-072,cat-sports,shop-01,Mon Jun 08 2026 17:04:00 GMT+0700 (Indochina Time),1,synthetic-preference-rule,0.2,1,6,1,1,1,0.3273,1,375,1,8.3827,0,0.5151,0.5543,1,100,1
dat1-pair-0902,mock-reco-v1,20260902,1,1,train,1,dat1,product-067,cat-beauty,shop-12,Tue Jun 09 2026 20:03:00 GMT+0700 (Indochina Time),0,synthetic-preference-rule,0.2,0.1,2,0,0,0,1,0,421,1,7.9707,1,0.9205,0.5829,1,100,1
dat1-pair-0903,mock-reco-v1,20260902,1,1,train,2,dat1,product-109,cat-pets,shop-10,Wed Jun 10 2026 23:02:00 GMT+0700 (Indochina Time),1,synthetic-preference-rule,0.2,1,6,1,1,1,0.8182,0,380,0.4,8.4007,0,0.6274,0.6114,1,100,1
dat1-pair-0904,mock-reco-v1,20260902,1,1,train,3,dat1,product-107,cat-pets,shop-11,Fri Jun 12 2026 02:01:00 GMT+0700 (Indochina Time),0,synthetic-preference-rule,0.2,0.1,1,1,0,0,1,0,394,1,8.6629,0,0.6658,0.44,1,100,1
dat1-pair-0905,mock-reco-v1,20260902,1,1,train,4,dat1,product-016,cat-computers,shop-05,Sat Jun 13 2026 05:08:00 GMT+0700 (Indochina Time),1,synthetic-preference-rule,1,0.1,6,1,0,1,1,0,445,0.327,8.7175,1,0.674,0.8286,1,100,1
dat1-pair-0906,mock-reco-v1,20260902,1,1,heldout,0,dat1,product-045,cat-fashion-women,shop-08,Sat Jun 13 2026 08:07:00 GMT+0700 (Indochina Time),0,synthetic-preference-rule,0.2,0.1,2,0,0,0,0.5455,0,387,1,8.3568,1,0.7233,0.4971,1,100,1
dat1-pair-0907,mock-reco-v1,20260902,1,1,train,1,dat1,product-044,cat-fashion-women,shop-03,Sun Jun 14 2026 11:06:00 GMT+0700 (Indochina Time),1,synthetic-preference-rule,0.2,1,6,1,1,1,1,0,372,1,9.1178,0,0.726,0.5257,1,100,1
dat1-pair-0908,mock-reco-v1,20260902,1,1,train,2,dat1,product-073,cat-sports,shop-07,Mon Jun 15 2026 14:05:00 GMT+0700 (Indochina Time),0,synthetic-preference-rule,0.2,0.1,1,1,0,0,1,0,464,1,7.9201,0,1,0.5543,1,100,1
dat1-pair-0909,mock-reco-v1,20260902,1,1,train,3,dat1,product-095,cat-books,shop-10,Tue Jun 16 2026 16:56:00 GMT+0700 (Indochina Time),1,synthetic-preference-rule,1,1,5,1,1,1,1,0,466,1,9.1999,0,0.9781,0.9429,1,100,1
dat1-pair-0910,mock-reco-v1,20260902,1,1,train,4,dat1,product-113,cat-grocery,shop-06,Wed Jun 17 2026 19:55:00 GMT+0700 (Indochina Time),0,synthetic-preference-rule,0.2,0.1,2,0,0,0,1,0,433,0.955,8.6873,0,0.6301,0.6114,1,100,1
dat1-pair-0911,mock-reco-v1,20260902,1,1,heldout,0,dat1,product-007,cat-electronics,shop-07,Thu Jun 18 2026 14:33:00 GMT+0700 (Indochina Time),1,synthetic-preference-rule,1,0.1,5,1,0,0,1,0,419,0.197,4.1109,0,0.537,0.8,1,100,1
dat1-pair-0912,mock-reco-v1,20260902,1,1,train,1,dat1,product-049,cat-fashion-women,shop-05,Fri Jun 19 2026 11:34:00 GMT+0700 (Indochina Time),0,synthetic-preference-rule,0.2,0.1,1,1,0,0,1,0,453,0.477,9.1884,0,0.7562,0.4686,1,100,1
dat1-pair-0913,mock-reco-v1,20260902,1,1,train,2,dat1,product-026,cat-home,shop-08,Sat Jun 20 2026 08:35:00 GMT+0700 (Indochina Time),1,synthetic-preference-rule,1,0.1,5,1,0,0,1,0,430,1,8.001,1,0.9014,0.8571,1,100,1
dat1-pair-0914,mock-reco-v1,20260902,1,1,train,3,dat1,product-078,cat-sports,shop-08,Mon Jun 22 2026 05:36:00 GMT+0700 (Indochina Time),0,synthetic-preference-rule,0.2,0.1,2,0,0,0,1,0,405,1,8.9371,1,0.5205,0.5257,1,100,1
dat1-pair-0915,mock-reco-v1,20260902,1,1,train,4,dat1,product-076,cat-sports,shop-10,Tue Jun 23 2026 02:37:00 GMT+0700 (Indochina Time),1,synthetic-preference-rule,0.2,1,5,1,1,0,0.7636,0,479,0.277,9.2916,1,0.526,0.5543,1,100,1
dat1-pair-0916,mock-reco-v1,20260902,1,1,heldout,0,dat1,product-116,cat-grocery,shop-09,Tue Jun 23 2026 23:38:00 GMT+0700 (Indochina Time),0,synthetic-preference-rule,0.2,0.1,1,1,0,0,1,0,396,0.898,9.1934,1,0.6438,0.5829,1,100,1
dat1-pair-0917,mock-reco-v1,20260902,1,1,train,1,dat1,product-110,cat-pets,shop-03,Wed Jun 24 2026 20:39:00 GMT+0700 (Indochina Time),1,synthetic-preference-rule,0.2,1,5,1,1,0,1,0,469,1,7.9484,0,0.6301,0.6114,1,100,1
dat1-pair-0918,mock-reco-v1,20260902,1,1,train,2,dat1,product-055,cat-fashion-men,shop-11,Thu Jun 25 2026 17:40:00 GMT+0700 (Indochina Time),0,synthetic-preference-rule,0.2,0.1,2,0,0,1,0.0909,1,474,0.392,7.7017,0,0.8027,0.44,1,100,1
dat1-pair-0919,mock-reco-v1,20260902,1,1,train,3,dat1,product-017,cat-computers,shop-10,Fri Jun 26 2026 14:25:00 GMT+0700 (Indochina Time),1,synthetic-preference-rule,1,1,5,1,1,1,1,0,430,1,9.3026,0,0.6767,0.8286,1,100,1
dat1-pair-0920,mock-reco-v1,20260902,1,1,train,4,dat1,product-082,cat-mother-baby,shop-04,Sat Jun 27 2026 11:26:00 GMT+0700 (Indochina Time),0,synthetic-preference-rule,0.2,0.1,2,0,0,0,1,0,482,0.798,8.5529,0,0.8849,0.4971,1,100,1
dat1-pair-0921,mock-reco-v1,20260902,1,1,heldout,0,dat1,product-046,cat-fashion-women,shop-01,Sun Jun 28 2026 12:02:00 GMT+0700 (Indochina Time),1,synthetic-preference-rule,0.2,1,5,1,1,1,1,0,424,1,8.679,1,0.7205,0.5257,1,100,1
dat1-pair-0922,mock-reco-v1,20260902,1,1,train,1,dat1,product-120,cat-grocery,shop-05,Mon Jun 29 2026 15:01:00 GMT+0700 (Indochina Time),0,synthetic-preference-rule,0.2,0.1,1,0,0,1,1,0,462,1,8.5679,0,0.611,0.5543,0,100,1
dat1-pair-0923,mock-reco-v1,20260902,1,1,train,2,dat1,product-096,cat-books,shop-03,Wed Jul 01 2026 06:04:00 GMT+0700 (Indochina Time),1,synthetic-preference-rule,1,1,5,1,1,1,1,0,429,1,9.0212,1,0.9808,0.9429,1,100,1
dat1-pair-0924,mock-reco-v1,20260902,1,1,train,3,dat1,product-059,cat-fashion-men,shop-07,Wed Jul 01 2026 09:03:00 GMT+0700 (Indochina Time),0,synthetic-preference-rule,0.2,0.1,2,0,0,0,1,0,408,1,9.0697,0,0.8356,0.6114,1,100,1
dat1-pair-0925,mock-reco-v1,20260902,1,1,train,4,dat1,product-008,cat-electronics,shop-12,Thu Jul 02 2026 23:58:00 GMT+0700 (Indochina Time),1,synthetic-preference-rule,1,0.1,5,1,0,1,0.8909,0,456,0.978,7.4265,0,0.5342,0.8,1,100,1
dat1-pair-0926,mock-reco-v1,20260902,1,1,heldout,0,dat1,product-087,cat-mother-baby,shop-06,Sat Jul 04 2026 02:57:00 GMT+0700 (Indochina Time),0,synthetic-preference-rule,0.2,0.1,1,0,0,1,1,0,393,1,8.8248,0,0.8932,0.4686,1,100,1
dat1-pair-0927,mock-reco-v1,20260902,1,1,train,1,dat1,product-027,cat-home,shop-01,Sat Jul 04 2026 18:00:00 GMT+0700 (Indochina Time),1,synthetic-preference-rule,1,1,5,1,1,1,1,0,467,1,8.5768,0,0.9096,0.8571,1,100,1
dat1-pair-0928,mock-reco-v1,20260902,1,1,train,2,dat1,product-034,cat-kitchen,shop-12,Sun Jul 05 2026 20:59:00 GMT+0700 (Indochina Time),0,synthetic-preference-rule,0.2,0.1,2,0,0,0,1,0,429,1,8.9527,1,0.9918,0.5257,1,100,1
dat1-pair-0929,mock-reco-v1,20260902,1,1,train,3,dat1,product-077,cat-sports,shop-03,Mon Jul 06 2026 12:10:00 GMT+0700 (Indochina Time),1,synthetic-preference-rule,0.2,1,5,1,1,1,1,0,442,0.22,9.13,0,0.5178,0.5543,1,100,1
dat1-pair-0930,mock-reco-v1,20260902,1,1,train,4,dat1,product-062,cat-beauty,shop-11,Tue Jul 07 2026 15:09:00 GMT+0700 (Indochina Time),0,synthetic-preference-rule,0.2,0.1,1,1,0,0,0.9636,0,406,1,8.8247,0,0.9233,0.5829,1,100,1
dat1-pair-0931,mock-reco-v1,20260902,1,1,heldout,0,dat1,product-112,cat-grocery,shop-01,Wed Jul 08 2026 09:31:00 GMT+0700 (Indochina Time),1,synthetic-preference-rule,0.2,1,5,1,1,1,1,0,418,0.174,8.3682,0,0.6329,0.6114,1,100,1
dat1-pair-0932,mock-reco-v1,20260902,1,1,train,1,dat1,product-090,cat-mother-baby,shop-09,Fri Jul 10 2026 06:32:00 GMT+0700 (Indochina Time),0,synthetic-preference-rule,0.2,0.1,2,0,0,0,1,0,400,1,8.7216,0,0.9068,0.44,1,100,1
dat1-pair-0933,mock-reco-v1,20260902,1,1,train,2,dat1,product-018,cat-computers,shop-03,Fri Jul 10 2026 15:29:00 GMT+0700 (Indochina Time),1,synthetic-preference-rule,1,1,5,1,1,1,1,0,393,1,9.1428,0,0.6795,0.8286,0,100,1
dat1-pair-0934,mock-reco-v1,20260902,1,1,train,3,dat1,product-038,cat-kitchen,shop-09,Sat Jul 11 2026 12:30:00 GMT+0700 (Indochina Time),0,synthetic-preference-rule,0.2,0.1,1,1,0,0,1,0,451,0.651,7.1333,0,0.9808,0.4971,1,100,1
dat1-pair-0935,mock-reco-v1,20260902,1,1,train,4,dat1,product-050,cat-fashion-women,shop-10,Sun Jul 12 2026 21:35:00 GMT+0700 (Indochina Time),1,synthetic-preference-rule,0.2,1,4,1,1,1,1,0,490,1,9.3415,0,0.7534,0.5257,1,100,1
dat1-pair-0936,mock-reco-v1,20260902,1,1,heldout,0,dat1,product-066,cat-beauty,shop-07,Mon Jul 13 2026 18:36:00 GMT+0700 (Indochina Time),0,synthetic-preference-rule,0.2,0.1,2,0,0,0,0.5273,0,384,1,7.1515,1,0.9123,0.5543,1,100,1
dat1-pair-0937,mock-reco-v1,20260902,1,1,train,1,dat1,product-097,cat-books,shop-09,Wed Jul 15 2026 03:33:00 GMT+0700 (Indochina Time),1,synthetic-preference-rule,1,0.1,4,1,0,0,1,0,414,0.77,7.0335,0,0.9836,0.9429,1,100,1
dat1-pair-0938,mock-reco-v1,20260902,1,1,train,2,dat1,product-106,cat-pets,shop-06,Thu Jul 16 2026 00:34:00 GMT+0700 (Indochina Time),0,synthetic-preference-rule,0.2,0.1,1,1,0,0,1,0,409,1,8.9096,1,0.663,0.6114,1,100,1
dat1-pair-0939,mock-reco-v1,20260902,1,1,train,3,dat1,product-009,cat-electronics,shop-05,Thu Jul 16 2026 09:39:00 GMT+0700 (Indochina Time),1,synthetic-preference-rule,1,0.1,4,1,0,0,1,0,405,1,9.0851,0,0.9918,0.8,1,100,1
dat1-pair-0940,mock-reco-v1,20260902,1,1,train,4,dat1,product-042,cat-fashion-women,shop-05,Sat Jul 18 2026 06:40:00 GMT+0700 (Indochina Time),0,synthetic-preference-rule,0.2,0.1,2,0,0,0,1,0,446,0.306,5.8693,0,0.7315,0.4686,1,100,1
dat1-pair-0941,mock-reco-v1,20260902,1,1,heldout,0,dat1,product-028,cat-home,shop-06,Sat Jul 18 2026 11:08:00 GMT+0700 (Indochina Time),1,synthetic-preference-rule,1,0.1,4,1,0,0,0.2,1,378,0.482,8.843,0,0.9068,0.8571,1,100,1
dat1-pair-0942,mock-reco-v1,20260902,1,1,train,1,dat1,product-071,cat-sports,shop-08,Sun Jul 19 2026 14:07:00 GMT+0700 (Indochina Time),0,synthetic-preference-rule,0.2,0.1,1,1,0,0,1,0,412,0.334,8.6978,1,0.5123,0.5257,1,100,1
dat1-pair-0943,mock-reco-v1,20260902,1,1,train,2,dat1,product-079,cat-sports,shop-01,Mon Jul 20 2026 17:06:00 GMT+0700 (Indochina Time),1,synthetic-preference-rule,0.2,1,4,1,1,0,1,0,494,1,8.5248,0,0.9836,0.5543,1,100,1
dat1-pair-0944,mock-reco-v1,20260902,1,1,train,3,dat1,product-111,cat-grocery,shop-08,Tue Jul 21 2026 20:05:00 GMT+0700 (Indochina Time),0,synthetic-preference-rule,0.2,0.1,2,0,0,0,1,0,381,1,7.8969,1,0.6356,0.5829,1,100,1
dat1-pair-0945,mock-reco-v1,20260902,1,1,train,4,dat1,product-117,cat-grocery,shop-02,Wed Jul 22 2026 23:04:00 GMT+0700 (Indochina Time),1,synthetic-preference-rule,0.2,1,4,1,1,1,1,0,411,1,9.3458,0,0.6411,0.6114,1,100,1
dat1-pair-0946,mock-reco-v1,20260902,1,1,heldout,0,dat1,product-048,cat-fashion-women,shop-11,Fri Jul 24 2026 02:03:00 GMT+0700 (Indochina Time),0,synthetic-preference-rule,0.2,0.1,2,0,0,0,1,0,476,1,7.8785,0,0.7151,0.44,1,100,1
dat1-pair-0947,mock-reco-v1,20260902,1,1,train,1,dat1,product-019,cat-computers,shop-08,Sat Jul 25 2026 05:02:00 GMT+0700 (Indochina Time),1,synthetic-preference-rule,1,0.1,4,1,0,1,1,0,460,1,7.1325,0,0.6384,0.8286,1,100,1
dat1-pair-0948,mock-reco-v1,20260902,1,1,train,2,dat1,product-075,cat-sports,shop-05,Sat Jul 25 2026 08:01:00 GMT+0700 (Indochina Time),0,synthetic-preference-rule,0.2,0.1,1,0,0,1,1,0,390,1,6.1442,0,0.5233,0.4971,1,100,1
dat1-pair-0949,mock-reco-v1,20260902,1,1,train,3,dat1,product-051,cat-fashion-men,shop-03,Sun Jul 26 2026 11:16:00 GMT+0700 (Indochina Time),1,synthetic-preference-rule,0.2,1,4,1,1,1,0.3455,1,452,1,8.8582,1,0.8137,0.5257,1,100,1
dat1-pair-0950,mock-reco-v1,20260902,1,1,train,4,dat1,product-115,cat-grocery,shop-04,Mon Jul 27 2026 14:15:00 GMT+0700 (Indochina Time),0,synthetic-preference-rule,0.2,0.1,2,0,0,0,1,0,485,0.117,9.0135,0,0.6466,0.5543,1,100,1
dat1-pair-0951,mock-reco-v1,20260902,1,1,heldout,0,dat1,product-098,cat-books,shop-02,Wed Jul 29 2026 02:13:00 GMT+0700 (Indochina Time),1,synthetic-preference-rule,1,1,4,1,1,1,0.5455,0,377,1,9.3514,0,0.9863,0.9429,1,100,1
dat1-pair-0952,mock-reco-v1,20260902,1,1,train,1,dat1,product-054,cat-fashion-men,shop-06,Wed Jul 29 2026 23:14:00 GMT+0700 (Indochina Time),0,synthetic-preference-rule,0.2,0.1,1,0,0,1,1,0,489,1,9.0654,0,0.8219,0.6114,1,100,1
dat1-pair-0953,mock-reco-v1,20260902,1,1,train,2,dat1,product-010,cat-electronics,shop-10,Thu Jul 30 2026 20:15:00 GMT+0700 (Indochina Time),1,synthetic-preference-rule,1,1,5,1,1,1,1,0,442,0.368,9.2536,0,0.989,0.8,1,100,1
dat1-pair-0954,mock-reco-v1,20260902,1,1,train,3,dat1,product-081,cat-mother-baby,shop-11,Fri Jul 31 2026 17:16:00 GMT+0700 (Indochina Time),0,synthetic-preference-rule,0.2,0.1,2,0,0,0,1,0,445,0.017,8.1784,1,0.8877,0.4686,1,100,1
dat1-pair-0955,mock-reco-v1,20260902,1,1,train,4,dat1,product-029,cat-home,shop-11,Sat Aug 01 2026 14:09:00 GMT+0700 (Indochina Time),1,synthetic-preference-rule,1,0.1,5,1,0,1,1,0,415,1,9.1587,0,0.9151,0.8571,1,100,1
dat1-pair-0956,mock-reco-v1,20260902,1,1,heldout,0,dat1,product-119,cat-grocery,shop-12,Sun Aug 02 2026 11:10:00 GMT+0700 (Indochina Time),0,synthetic-preference-rule,0.2,0.1,1,1,0,0,0.9091,0,425,0.345,8.2,0,0.6137,0.5257,1,100,1
dat1-pair-0957,mock-reco-v1,20260902,1,1,train,1,dat1,product-084,cat-mother-baby,shop-02,Mon Aug 03 2026 08:11:00 GMT+0700 (Indochina Time),1,synthetic-preference-rule,0.2,1,5,1,1,1,0.7455,0,408,1,7.5725,0,0.8795,0.5543,1,100,1
dat1-pair-0958,mock-reco-v1,20260902,1,1,train,2,dat1,product-057,cat-fashion-men,shop-09,Wed Aug 05 2026 05:12:00 GMT+0700 (Indochina Time),0,synthetic-preference-rule,0.2,0.1,2,0,0,0,1,0,422,1,8.6034,0,0.8082,0.5829,1,100,1
dat1-pair-0959,mock-reco-v1,20260902,1,1,train,3,dat1,product-001,cat-electronics,shop-01,Thu Aug 06 2026 02:21:00 GMT+0700 (Indochina Time),1,synthetic-preference-rule,1,1,5,1,1,1,1,0,449,1,9.1876,1,0.5205,0.9714,0,100,1
dat1-pair-0960,mock-reco-v1,20260902,1,1,train,4,dat1,product-085,cat-mother-baby,shop-08,Thu Aug 06 2026 23:22:00 GMT+0700 (Indochina Time),0,synthetic-preference-rule,0.2,0.1,1,1,0,0,0.9818,0,467,0.741,9.2142,0,0.8986,0.44,1,100,1
dat1-pair-0961,mock-reco-v1,20260902,1,1,heldout,0,dat1,product-020,cat-computers,shop-01,Fri Aug 07 2026 23:42:00 GMT+0700 (Indochina Time),1,synthetic-preference-rule,1,1,5,1,1,1,1,0,423,1,9.3616,0,0.6411,0.8286,1,100,1
dat1-pair-0962,mock-reco-v1,20260902,1,1,train,1,dat1,product-033,cat-kitchen,shop-07,Sun Aug 09 2026 02:41:00 GMT+0700 (Indochina Time),0,synthetic-preference-rule,0.2,0.1,2,0,0,0,1,0,466,1,9.1429,0,0.989,0.4971,1,100,1
dat1-pair-0963,mock-reco-v1,20260902,1,1,train,2,dat1,product-053,cat-fashion-men,shop-01,Sun Aug 09 2026 17:44:00 GMT+0700 (Indochina Time),1,synthetic-preference-rule,0.2,1,5,1,1,0,1,0,400,1,9.237,0,0.8192,0.5257,1,100,1
dat1-pair-0964,mock-reco-v1,20260902,1,1,train,3,dat1,product-061,cat-beauty,shop-06,Mon Aug 10 2026 20:43:00 GMT+0700 (Indochina Time),0,synthetic-preference-rule,0.2,0.1,1,1,0,0,1,0,495,1,8.5528,1,0.926,0.5543,1,100,1
dat1-pair-0965,mock-reco-v1,20260902,1,1,train,4,dat1,product-099,cat-books,shop-07,Tue Aug 11 2026 11:46:00 GMT+0700 (Indochina Time),1,synthetic-preference-rule,1,0.1,5,1,0,0,0.7818,0,406,0.16,8.58,0,0.989,0.9429,1,100,1
dat1-pair-0966,mock-reco-v1,20260902,1,1,heldout,0,dat1,product-089,cat-mother-baby,shop-04,Wed Aug 12 2026 14:45:00 GMT+0700 (Indochina Time),0,synthetic-preference-rule,0.2,0.1,2,0,0,0,1,0,489,0.969,8.4152,1,0.9096,0.6114,1,100,1
dat1-pair-0967,mock-reco-v1,20260902,1,1,train,1,dat1,product-011,cat-computers,shop-03,Fri Aug 14 2026 05:48:00 GMT+0700 (Indochina Time),1,synthetic-preference-rule,1,1,5,1,1,0,1,0,378,0.384,7.698,1,0.6603,0.8,1,100,1
dat1-pair-0968,mock-reco-v1,20260902,1,1,train,2,dat1,product-037,cat-kitchen,shop-04,Fri Aug 14 2026 08:47:00 GMT+0700 (Indochina Time),0,synthetic-preference-rule,0.2,0.1,1,1,0,0,1,0,488,1,7.9628,0,0.9781,0.4686,1,100,1
dat1-pair-0969,mock-reco-v1,20260902,1,1,train,3,dat1,product-030,cat-home,shop-04,Sat Aug 15 2026 23:50:00 GMT+0700 (Indochina Time),1,synthetic-preference-rule,1,0.1,5,1,0,0,1,0,452,1,9.3161,0,0.9123,0.8571,1,100,1
dat1-pair-0970,mock-reco-v1,20260902,1,1,train,4,dat1,product-064,cat-beauty,shop-09,Mon Aug 17 2026 02:49:00 GMT+0700 (Indochina Time),0,synthetic-preference-rule,0.2,0.1,2,0,0,0,1,0,480,0.362,9.2141,0,0.9288,0.5257,1,100,1
dat1-pair-0971,mock-reco-v1,20260902,1,1,heldout,0,dat1,product-086,cat-mother-baby,shop-01,Mon Aug 17 2026 21:43:00 GMT+0700 (Indochina Time),1,synthetic-preference-rule,0.2,1,5,0,1,1,1,0,378,1,9.3637,1,0.8959,0.5543,0,100,1
dat1-pair-0972,mock-reco-v1,20260902,1,1,train,1,dat1,product-104,cat-pets,shop-08,Tue Aug 18 2026 18:44:00 GMT+0700 (Indochina Time),0,synthetic-preference-rule,0.2,0.1,2,0,0,0,0.4727,1,461,1,9.2725,0,0.6575,0.5829,1,100,1
dat1-pair-0973,mock-reco-v1,20260902,1,1,train,2,dat1,product-002,cat-electronics,shop-06,Thu Aug 20 2026 03:41:00 GMT+0700 (Indochina Time),1,synthetic-preference-rule,1,0.1,5,0,0,1,1,0,486,1,9.3408,0,0.5178,0.9714,1,100,1
dat1-pair-0974,mock-reco-v1,20260902,1,1,train,3,dat1,product-041,cat-fashion-women,shop-12,Fri Aug 21 2026 00:42:00 GMT+0700 (Indochina Time),0,synthetic-preference-rule,0.2,0.1,2,0,0,1,1,0,409,1,9.2813,1,0.7342,0.44,1,100,1
dat1-pair-0975,mock-reco-v1,20260902,1,1,train,4,dat1,product-021,cat-home,shop-06,Fri Aug 21 2026 09:39:00 GMT+0700 (Indochina Time),1,synthetic-preference-rule,1,0.1,5,0,0,1,1,0,371,0.539,9.0531,1,0.8932,0.8286,1,100,1
dat1-pair-0976,mock-reco-v1,20260902,1,1,heldout,0,dat1,product-068,cat-beauty,shop-05,Sun Aug 23 2026 06:40:00 GMT+0700 (Indochina Time),0,synthetic-preference-rule,0.2,0.1,2,0,0,0,1,0,458,1,8.4149,0,0.9178,0.4971,1,100,1
dat1-pair-0977,mock-reco-v1,20260902,1,1,train,1,dat1,product-058,cat-fashion-men,shop-02,Sun Aug 23 2026 15:37:00 GMT+0700 (Indochina Time),1,synthetic-preference-rule,0.2,1,5,0,1,1,1,0,385,0.449,8.2509,0,0.811,0.5257,1,100,1
dat1-pair-0978,mock-reco-v1,20260902,1,1,train,2,dat1,product-108,cat-pets,shop-04,Mon Aug 24 2026 12:38:00 GMT+0700 (Indochina Time),0,synthetic-preference-rule,0.2,0.1,1,0,0,1,0.0364,1,483,0.229,8.3345,0,0.6685,0.5543,1,100,1
dat1-pair-0979,mock-reco-v1,20260902,1,1,train,3,dat1,product-100,cat-books,shop-12,Tue Aug 25 2026 21:35:00 GMT+0700 (Indochina Time),1,synthetic-preference-rule,1,0.1,6,0,0,1,1,0,495,1,8.2174,1,0.9918,0.9429,1,100,1
dat1-pair-0980,mock-reco-v1,20260902,1,1,train,4,dat1,product-047,cat-fashion-women,shop-06,Wed Aug 26 2026 18:36:00 GMT+0700 (Indochina Time),0,synthetic-preference-rule,0.2,0.1,2,0,0,0,1,0,439,0.363,6.9285,0,0.7178,0.6114,1,100,1
dat1-pair-0981,mock-reco-v1,20260902,1,1,heldout,0,dat1,product-012,cat-computers,shop-08,Thu Aug 27 2026 22:48:00 GMT+0700 (Indochina Time),1,synthetic-preference-rule,1,0.1,6,0,0,1,0.6545,0,467,1,6.3716,1,0.663,0.8,1,100,1
dat1-pair-0982,mock-reco-v1,20260902,1,1,train,1,dat1,product-074,cat-sports,shop-12,Sat Aug 29 2026 01:47:00 GMT+0700 (Indochina Time),0,synthetic-preference-rule,0.2,0.1,1,1,0,0,1,0,427,1,7.0326,0,0.5096,0.4686,1,100,1
dat1-pair-0983,mock-reco-v1,20260902,1,1,train,2,dat1,product-032,cat-kitchen,shop-02,Sun Aug 30 2026 04:46:00 GMT+0700 (Indochina Time),1,synthetic-preference-rule,0.2,1,6,0,1,1,1,0,377,1,9.3026,0,0.9973,0.4971,1,100,1
dat1-pair-0984,mock-reco-v1,20260902,1,1,train,3,dat1,product-114,cat-grocery,shop-11,Mon Jun 01 2026 07:45:00 GMT+0700 (Indochina Time),0,synthetic-preference-rule,0.2,0.1,2,0,0,0,0.3818,1,470,1,8.9288,0,0.6274,0.5257,1,100,1
dat1-pair-0985,mock-reco-v1,20260902,1,1,train,4,dat1,product-091,cat-books,shop-02,Tue Jun 02 2026 10:52:00 GMT+0700 (Indochina Time),1,synthetic-preference-rule,1,1,6,0,1,1,1,0,488,1,8.383,1,0.9671,0.9143,1,100,1
dat1-pair-0986,mock-reco-v1,20260902,1,1,heldout,0,dat1,product-052,cat-fashion-men,shop-08,Wed Jun 03 2026 13:51:00 GMT+0700 (Indochina Time),0,synthetic-preference-rule,0.2,0.1,1,1,0,0,1,0,415,0.335,8.5966,0,0.8164,0.5829,0,100,1
dat1-pair-0987,mock-reco-v1,20260902,1,1,train,1,dat1,product-003,cat-electronics,shop-11,Thu Jun 04 2026 16:50:00 GMT+0700 (Indochina Time),1,synthetic-preference-rule,1,0.1,6,0,0,1,0.8364,0,397,1,8.7852,0,0.526,0.9714,1,100,1
dat1-pair-0988,mock-reco-v1,20260902,1,1,train,2,dat1,product-080,cat-sports,shop-06,Fri Jun 05 2026 19:49:00 GMT+0700 (Indochina Time),0,synthetic-preference-rule,0.2,0.1,2,0,0,0,1,0,457,0.505,8.1371,0,0.9863,0.44,1,100,1
dat1-pair-0989,mock-reco-v1,20260902,1,1,train,3,dat1,product-022,cat-home,shop-11,Sat Jun 06 2026 22:56:00 GMT+0700 (Indochina Time),1,synthetic-preference-rule,1,0.1,5,1,0,0,1,0,408,1,9.2266,0,0.8904,0.8286,1,100,1
dat1-pair-0990,mock-reco-v1,20260902,1,1,train,4,dat1,product-118,cat-grocery,shop-07,Mon Jun 08 2026 01:55:00 GMT+0700 (Indochina Time),0,synthetic-preference-rule,0.2,0.1,1,1,0,0,0.0545,1,448,0.06,6.9754,0,0.6384,0.4971,1,100,1
dat1-pair-0991,mock-reco-v1,20260902,1,1,heldout,0,dat1,product-065,cat-beauty,shop-02,Mon Jun 08 2026 20:17:00 GMT+0700 (Indochina Time),1,synthetic-preference-rule,0.2,1,5,1,1,0,1,0,473,0.419,9.3637,0,0.9151,0.5257,1,100,1
dat1-pair-0992,mock-reco-v1,20260902,1,1,train,1,dat1,product-056,cat-fashion-men,shop-04,Tue Jun 09 2026 17:18:00 GMT+0700 (Indochina Time),0,synthetic-preference-rule,0.2,0.1,2,0,0,0,1,0,437,1,9.3834,1,0.8055,0.5543,1,100,1
dat1-pair-0993,mock-reco-v1,20260902,1,1,train,2,dat1,product-102,cat-pets,shop-10,Wed Jun 10 2026 14:19:00 GMT+0700 (Indochina Time),1,synthetic-preference-rule,0.2,1,5,1,1,0,1,0,387,1,7.5385,0,0.6521,0.5829,1,100,1
dat1-pair-0994,mock-reco-v1,20260902,1,1,train,3,dat1,product-083,cat-mother-baby,shop-09,Thu Jun 11 2026 11:20:00 GMT+0700 (Indochina Time),0,synthetic-preference-rule,0.2,0.1,1,1,0,0,1,0,371,1,5.7838,0,0.8822,0.6114,1,100,1
dat1-pair-0995,mock-reco-v1,20260902,1,1,train,4,dat1,product-013,cat-computers,shop-02,Fri Jun 12 2026 08:21:00 GMT+0700 (Indochina Time),1,synthetic-preference-rule,1,1,5,1,1,0,1,0,452,1,8.6019,0,0.6658,0.8,1,100,1
dat1-pair-0996,mock-reco-v1,20260902,1,1,heldout,0,dat1,product-031,cat-kitchen,shop-09,Sun Jun 14 2026 05:22:00 GMT+0700 (Indochina Time),0,synthetic-preference-rule,0.2,0.1,2,0,0,0,0.6364,0,414,0.594,6.3733,1,0.9945,0.4686,1,100,1
dat1-pair-0997,mock-reco-v1,20260902,1,1,train,1,dat1,product-036,cat-kitchen,shop-10,Mon Jun 15 2026 02:23:00 GMT+0700 (Indochina Time),1,synthetic-preference-rule,0.2,1,5,1,1,0,1,0,399,1,8.4098,1,0.9863,0.4971,1,100,1
dat1-pair-0998,mock-reco-v1,20260902,1,1,train,2,dat1,product-060,cat-fashion-men,shop-12,Mon Jun 15 2026 23:24:00 GMT+0700 (Indochina Time),0,synthetic-preference-rule,0.2,0.1,1,1,0,0,1,0,371,1,8.8635,0,0.8384,0.5257,1,100,1
dat1-pair-0999,mock-reco-v1,20260902,1,1,train,3,dat1,product-092,cat-books,shop-07,Tue Jun 16 2026 20:25:00 GMT+0700 (Indochina Time),1,synthetic-preference-rule,1,0.1,5,1,0,0,1,0,451,0.827,7.9204,0,0.9699,0.9143,1,100,1
dat1-pair-1000,mock-reco-v1,20260902,1,1,train,4,dat1,product-088,cat-mother-baby,shop-11,Wed Jun 17 2026 17:26:00 GMT+0700 (Indochina Time),0,synthetic-preference-rule,0.2,0.1,2,0,0,1,1,0,430,0.684,9.0384,0,0.8904,0.5829,1,100,1
dat1-pair-1001,mock-reco-v1,20260902,1,1,heldout,0,dat1,product-004,cat-electronics,shop-04,Fri Jun 19 2026 05:36:00 GMT+0700 (Indochina Time),1,synthetic-preference-rule,1,0.1,5,1,0,0,1,0,434,0.254,9.0065,0,0.5233,0.9714,1,100,1
dat1-pair-1002,mock-reco-v1,20260902,1,1,train,1,dat1,product-035,cat-kitchen,shop-05,Fri Jun 19 2026 08:35:00 GMT+0700 (Indochina Time),0,synthetic-preference-rule,0.2,0.1,2,0,0,0,1,0,436,1,8.7177,0,0.9836,0.44,0,100,1
dat1-pair-1003,mock-reco-v1,20260902,1,1,train,2,dat1,product-023,cat-home,shop-04,Sat Jun 20 2026 11:34:00 GMT+0700 (Indochina Time),1,synthetic-preference-rule,1,0.1,5,1,0,0,1,0,445,1,9.3744,1,0.8986,0.8286,1,100,1
dat1-pair-1004,mock-reco-v1,20260902,1,1,train,3,dat1,product-063,cat-beauty,shop-04,Sun Jun 21 2026 14:33:00 GMT+0700 (Indochina Time),0,synthetic-preference-rule,0.2,0.1,1,0,0,1,1,0,443,1,9.0382,0,0.9315,0.4971,1,100,1
dat1-pair-1005,mock-reco-v1,20260902,1,1,train,4,dat1,product-069,cat-beauty,shop-10,Mon Jun 22 2026 17:40:00 GMT+0700 (Indochina Time),1,synthetic-preference-rule,0.2,1,6,1,1,0,1,0,451,0.191,8.3497,0,0.9041,0.5257,0,100,1
dat1-pair-1006,mock-reco-v1,20260902,1,1,heldout,0,dat1,product-101,cat-pets,shop-05,Tue Jun 23 2026 20:39:00 GMT+0700 (Indochina Time),0,synthetic-preference-rule,0.2,0.1,2,0,0,0,1,0,424,1,8.1599,1,0.6493,0.5543,1,100,1
dat1-pair-1007,mock-reco-v1,20260902,1,1,train,1,dat1,product-103,cat-pets,shop-03,Wed Jun 24 2026 23:38:00 GMT+0700 (Indochina Time),1,synthetic-preference-rule,0.2,1,6,1,1,0,1,0,372,0.286,5.5607,0,0.6548,0.5829,0,100,1
dat1-pair-1008,mock-reco-v1,20260902,1,1,train,2,dat1,product-040,cat-kitchen,shop-07,Fri Jun 26 2026 02:37:00 GMT+0700 (Indochina Time),0,synthetic-preference-rule,0.2,0.1,1,1,0,0,1,0,421,0.765,9.3859,0,0.9753,0.6114,1,100,1
dat1-pair-1009,mock-reco-v1,20260902,1,1,train,3,dat1,product-014,cat-computers,shop-07,Sat Jun 27 2026 05:28:00 GMT+0700 (Indochina Time),1,synthetic-preference-rule,1,0.1,6,1,0,0,1,0,415,0.441,8.2488,0,0.6685,0.8,1,100,1
dat1-pair-1010,mock-reco-v1,20260902,1,1,train,4,dat1,product-067,cat-beauty,shop-12,Sat Jun 27 2026 08:27:00 GMT+0700 (Indochina Time),0,synthetic-preference-rule,0.2,0.1,2,0,0,0,1,0,421,1,7.9707,1,0.9205,0.4686,1,100,1
dat1-pair-1011,mock-reco-v1,20260902,1,1,heldout,0,dat1,product-039,cat-kitchen,shop-02,Mon Jun 29 2026 00:57:00 GMT+0700 (Indochina Time),1,synthetic-preference-rule,0.2,1,6,1,1,0,1,0,458,1,7.3382,0,0.9726,0.4971,1,100,1
dat1-pair-1012,mock-reco-v1,20260902,1,1,train,1,dat1,product-107,cat-pets,shop-11,Mon Jun 29 2026 21:58:00 GMT+0700 (Indochina Time),0,synthetic-preference-rule,0.2,0.1,1,1,0,0,1,0,394,1,8.6629,0,0.6658,0.5257,1,100,1
dat1-pair-1013,mock-reco-v1,20260902,1,1,train,2,dat1,product-093,cat-books,shop-12,Tue Jun 30 2026 18:59:00 GMT+0700 (Indochina Time),1,synthetic-preference-rule,1,0.1,6,1,0,0,1,0,436,0.046,8.9372,0,0.9726,0.9143,1,100,1
dat1-pair-1014,mock-reco-v1,20260902,1,1,train,3,dat1,product-045,cat-fashion-women,shop-08,Wed Jul 01 2026 16:00:00 GMT+0700 (Indochina Time),0,synthetic-preference-rule,0.2,0.1,2,0,0,0,0.5455,0,387,1,8.3568,1,0.7233,0.5829,1,100,1
dat1-pair-1015,mock-reco-v1,20260902,1,1,train,4,dat1,product-005,cat-electronics,shop-09,Thu Jul 02 2026 13:01:00 GMT+0700 (Indochina Time),1,synthetic-preference-rule,1,0.1,5,1,0,0,1,0,471,1,8.1014,0,0.5315,0.9714,1,100,1
dat1-pair-1016,mock-reco-v1,20260902,1,1,heldout,0,dat1,product-073,cat-sports,shop-07,Fri Jul 03 2026 10:02:00 GMT+0700 (Indochina Time),0,synthetic-preference-rule,0.2,0.1,1,1,0,0,1,0,464,1,7.9201,0,1,0.44,1,100,1
dat1-pair-1017,mock-reco-v1,20260902,1,1,train,1,dat1,product-024,cat-home,shop-09,Sat Jul 04 2026 07:03:00 GMT+0700 (Indochina Time),1,synthetic-preference-rule,1,0.1,5,1,0,0,0.2364,1,482,1,7.2457,0,0.8959,0.8286,1,100,1
dat1-pair-1018,mock-reco-v1,20260902,1,1,train,2,dat1,product-113,cat-grocery,shop-06,Mon Jul 06 2026 04:04:00 GMT+0700 (Indochina Time),0,synthetic-preference-rule,0.2,0.1,2,0,0,0,1,0,433,0.955,8.6873,0,0.6301,0.4971,1,100,1
dat1-pair-1019,mock-reco-v1,20260902,1,1,train,3,dat1,product-070,cat-beauty,shop-03,Tue Jul 07 2026 00:49:00 GMT+0700 (Indochina Time),1,synthetic-preference-rule,0.2,1,5,1,1,0,0.0909,1,488,0.972,8.6739,0,0.9014,0.5257,1,100,1
dat1-pair-1020,mock-reco-v1,20260902,1,1,train,4,dat1,product-049,cat-fashion-women,shop-05,Tue Jul 07 2026 21:50:00 GMT+0700 (Indochina Time),0,synthetic-preference-rule,0.2,0.1,1,1,0,0,1,0,453,0.477,9.1884,0,0.7562,0.5543,1,100,1
dat1-pair-1021,mock-reco-v1,20260902,1,1,heldout,0,dat1,product-105,cat-pets,shop-01,Wed Jul 08 2026 22:26:00 GMT+0700 (Indochina Time),1,synthetic-preference-rule,0.2,1,5,1,1,0,1,0,446,0.172,9.1074,0,0.6603,0.5829,1,100,1
dat1-pair-1022,mock-reco-v1,20260902,1,1,train,1,dat1,product-078,cat-sports,shop-08,Fri Jul 10 2026 01:25:00 GMT+0700 (Indochina Time),0,synthetic-preference-rule,0.2,0.1,2,0,0,0,1,0,405,1,8.9371,1,0.5205,0.6114,1,100,1
dat1-pair-1023,mock-reco-v1,20260902,1,1,train,2,dat1,product-015,cat-computers,shop-12,Fri Jul 10 2026 16:28:00 GMT+0700 (Indochina Time),1,synthetic-preference-rule,1,0.1,5,1,0,0,1,0,482,1,8.9526,0,0.6712,0.8,1,100,1
dat1-pair-1024,mock-reco-v1,20260902,1,1,train,3,dat1,product-116,cat-grocery,shop-09,Sat Jul 11 2026 19:27:00 GMT+0700 (Indochina Time),0,synthetic-preference-rule,0.2,0.1,1,1,0,0,1,0,396,0.898,9.1934,1,0.6438,0.4686,1,100,1
dat1-pair-1025,mock-reco-v1,20260902,1,1,train,4,dat1,product-043,cat-fashion-women,shop-10,Sun Jul 12 2026 10:22:00 GMT+0700 (Indochina Time),1,synthetic-preference-rule,0.2,1,5,1,1,1,1,0,461,1,8.9223,0,0.7288,0.4971,1,100,1
dat1-pair-1026,mock-reco-v1,20260902,1,1,heldout,0,dat1,product-055,cat-fashion-men,shop-11,Mon Jul 13 2026 13:21:00 GMT+0700 (Indochina Time),0,synthetic-preference-rule,0.2,0.1,2,0,0,1,0.0909,1,474,0.392,7.7017,0,0.8027,0.5257,1,100,1
dat1-pair-1027,mock-reco-v1,20260902,1,1,train,1,dat1,product-094,cat-books,shop-05,Wed Jul 15 2026 04:24:00 GMT+0700 (Indochina Time),1,synthetic-preference-rule,1,0.1,5,1,0,1,0.1091,1,399,1,8.698,0,0.9753,0.9143,1,100,1
dat1-pair-1028,mock-reco-v1,20260902,1,1,train,2,dat1,product-082,cat-mother-baby,shop-04,Wed Jul 15 2026 07:23:00 GMT+0700 (Indochina Time),0,synthetic-preference-rule,0.2,0.1,2,0,0,0,1,0,482,0.798,8.5529,0,0.8849,0.5829,1,100,1
dat1-pair-1029,mock-reco-v1,20260902,1,1,train,3,dat1,product-006,cat-electronics,shop-02,Thu Jul 16 2026 22:34:00 GMT+0700 (Indochina Time),1,synthetic-preference-rule,1,1,5,1,1,1,1,0,382,0.14,8.5007,1,0.5288,0.9714,1,100,1
dat1-pair-1030,mock-reco-v1,20260902,1,1,train,4,dat1,product-120,cat-grocery,shop-05,Sat Jul 18 2026 01:33:00 GMT+0700 (Indochina Time),0,synthetic-preference-rule,0.2,0.1,1,0,0,1,1,0,462,1,8.5679,0,0.611,0.44,0,100,1
dat1-pair-1031,mock-reco-v1,20260902,1,1,heldout,0,dat1,product-025,cat-home,shop-03,Sat Jul 18 2026 19:55:00 GMT+0700 (Indochina Time),1,synthetic-preference-rule,1,1,6,1,1,1,1,0,393,1,7.2189,0,0.9041,0.8286,1,100,1
dat1-pair-1032,mock-reco-v1,20260902,1,1,train,1,dat1,product-059,cat-fashion-men,shop-07,Sun Jul 19 2026 16:56:00 GMT+0700 (Indochina Time),0,synthetic-preference-rule,0.2,0.1,2,0,0,0,1,0,408,1,9.0697,0,0.8356,0.4971,1,100,1
dat1-pair-1033,mock-reco-v1,20260902,1,1,train,2,dat1,product-072,cat-sports,shop-01,Tue Jul 21 2026 01:53:00 GMT+0700 (Indochina Time),1,synthetic-preference-rule,0.2,1,6,1,1,1,0.3273,1,375,1,8.3827,0,0.5151,0.5257,1,100,1
dat1-pair-1034,mock-reco-v1,20260902,1,1,train,3,dat1,product-087,cat-mother-baby,shop-06,Tue Jul 21 2026 22:54:00 GMT+0700 (Indochina Time),0,synthetic-preference-rule,0.2,0.1,1,0,0,1,1,0,393,1,8.8248,0,0.8932,0.5543,1,100,1
dat1-pair-1035,mock-reco-v1,20260902,1,1,train,4,dat1,product-109,cat-pets,shop-10,Wed Jul 22 2026 07:59:00 GMT+0700 (Indochina Time),1,synthetic-preference-rule,0.2,1,6,1,1,1,0.8182,0,380,0.4,8.4007,0,0.6274,0.5829,1,100,1
dat1-pair-1036,mock-reco-v1,20260902,1,1,heldout,0,dat1,product-034,cat-kitchen,shop-12,Fri Jul 24 2026 05:00:00 GMT+0700 (Indochina Time),0,synthetic-preference-rule,0.2,0.1,2,0,0,0,1,0,429,1,8.9527,1,0.9918,0.6114,1,100,1
dat1-pair-1037,mock-reco-v1,20260902,1,1,train,1,dat1,product-016,cat-computers,shop-05,Fri Jul 24 2026 13:57:00 GMT+0700 (Indochina Time),1,synthetic-preference-rule,1,0.1,6,1,0,1,1,0,445,0.327,8.7175,1,0.674,0.8,1,100,1
dat1-pair-1038,mock-reco-v1,20260902,1,1,train,2,dat1,product-062,cat-beauty,shop-11,Sat Jul 25 2026 10:58:00 GMT+0700 (Indochina Time),0,synthetic-preference-rule,0.2,0.1,1,1,0,0,0.9636,0,406,1,8.8247,0,0.9233,0.4686,1,100,1
dat1-pair-1039,mock-reco-v1,20260902,1,1,train,3,dat1,product-044,cat-fashion-women,shop-03,Sun Jul 26 2026 20:03:00 GMT+0700 (Indochina Time),1,synthetic-preference-rule,0.2,1,6,1,1,1,1,0,372,1,9.1178,0,0.726,0.4971,1,100,1
dat1-pair-1040,mock-reco-v1,20260902,1,1,train,4,dat1,product-090,cat-mother-baby,shop-09,Mon Jul 27 2026 17:04:00 GMT+0700 (Indochina Time),0,synthetic-preference-rule,0.2,0.1,2,0,0,0,1,0,400,1,8.7216,0,0.9068,0.5257,1,100,1
dat1-pair-1041,mock-reco-v1,20260902,1,1,heldout,0,dat1,product-095,cat-books,shop-10,Tue Jul 28 2026 21:32:00 GMT+0700 (Indochina Time),1,synthetic-preference-rule,1,1,5,1,1,1,1,0,466,1,9.1999,0,0.9781,0.9143,1,100,1
dat1-pair-1042,mock-reco-v1,20260902,1,1,train,1,dat1,product-038,cat-kitchen,shop-09,Thu Jul 30 2026 00:31:00 GMT+0700 (Indochina Time),0,synthetic-preference-rule,0.2,0.1,1,1,0,0,1,0,451,0.651,7.1333,0,0.9808,0.5829,1,100,1
dat1-pair-1043,mock-reco-v1,20260902,1,1,train,2,dat1,product-007,cat-electronics,shop-07,Fri Jul 31 2026 03:30:00 GMT+0700 (Indochina Time),1,synthetic-preference-rule,1,0.1,5,1,0,0,1,0,419,0.197,4.1109,0,0.537,0.9714,1,100,1
dat1-pair-1044,mock-reco-v1,20260902,1,1,train,3,dat1,product-066,cat-beauty,shop-07,Sat Aug 01 2026 06:29:00 GMT+0700 (Indochina Time),0,synthetic-preference-rule,0.2,0.1,2,0,0,0,0.5273,0,384,1,7.1515,1,0.9123,0.44,1,100,1
dat1-pair-1045,mock-reco-v1,20260902,1,1,train,4,dat1,product-026,cat-home,shop-08,Sat Aug 01 2026 09:28:00 GMT+0700 (Indochina Time),1,synthetic-preference-rule,1,0.1,5,1,0,0,1,0,430,1,8.001,1,0.9014,0.8286,1,100,1
dat1-pair-1046,mock-reco-v1,20260902,1,1,heldout,0,dat1,product-106,cat-pets,shop-06,Sun Aug 02 2026 12:27:00 GMT+0700 (Indochina Time),0,synthetic-preference-rule,0.2,0.1,1,1,0,0,1,0,409,1,8.9096,1,0.663,0.4971,1,100,1
dat1-pair-1047,mock-reco-v1,20260902,1,1,train,1,dat1,product-076,cat-sports,shop-10,Mon Aug 03 2026 15:26:00 GMT+0700 (Indochina Time),1,synthetic-preference-rule,0.2,1,5,1,1,0,0.7636,0,479,0.277,9.2916,1,0.526,0.5257,1,100,1
dat1-pair-1048,mock-reco-v1,20260902,1,1,train,2,dat1,product-042,cat-fashion-women,shop-05,Tue Aug 04 2026 18:25:00 GMT+0700 (Indochina Time),0,synthetic-preference-rule,0.2,0.1,2,0,0,0,1,0,446,0.306,5.8693,0,0.7315,0.5543,1,100,1
dat1-pair-1049,mock-reco-v1,20260902,1,1,train,3,dat1,product-110,cat-pets,shop-03,Wed Aug 05 2026 21:40:00 GMT+0700 (Indochina Time),1,synthetic-preference-rule,0.2,1,5,1,1,0,1,0,469,1,7.9484,0,0.6301,0.5829,1,100,1
dat1-pair-1050,mock-reco-v1,20260902,1,1,train,4,dat1,product-071,cat-sports,shop-08,Fri Aug 07 2026 00:39:00 GMT+0700 (Indochina Time),0,synthetic-preference-rule,0.2,0.1,1,1,0,0,1,0,412,0.334,8.6978,1,0.5123,0.6114,1,100,1
dat1-pair-1051,mock-reco-v1,20260902,1,1,heldout,0,dat1,product-017,cat-computers,shop-10,Fri Aug 07 2026 19:01:00 GMT+0700 (Indochina Time),1,synthetic-preference-rule,1,1,5,1,1,1,1,0,430,1,9.3026,0,0.6767,0.8,1,100,1
dat1-pair-1052,mock-reco-v1,20260902,1,1,train,1,dat1,product-111,cat-grocery,shop-08,Sat Aug 08 2026 16:02:00 GMT+0700 (Indochina Time),0,synthetic-preference-rule,0.2,0.1,2,0,0,0,1,0,381,1,7.8969,1,0.6356,0.4686,1,100,1
dat1-pair-1053,mock-reco-v1,20260902,1,1,train,2,dat1,product-046,cat-fashion-women,shop-01,Sun Aug 09 2026 13:03:00 GMT+0700 (Indochina Time),1,synthetic-preference-rule,0.2,1,5,1,1,1,1,0,424,1,8.679,1,0.7205,0.4971,1,100,1
dat1-pair-1054,mock-reco-v1,20260902,1,1,train,3,dat1,product-048,cat-fashion-women,shop-11,Mon Aug 10 2026 10:04:00 GMT+0700 (Indochina Time),0,synthetic-preference-rule,0.2,0.1,2,0,0,0,1,0,476,1,7.8785,0,0.7151,0.5257,1,100,1
dat1-pair-1055,mock-reco-v1,20260902,1,1,train,4,dat1,product-096,cat-books,shop-03,Wed Aug 12 2026 06:57:00 GMT+0700 (Indochina Time),1,synthetic-preference-rule,1,1,5,1,1,1,1,0,429,1,9.0212,1,0.9808,0.9143,1,100,1
dat1-pair-1056,mock-reco-v1,20260902,1,1,heldout,0,dat1,product-075,cat-sports,shop-05,Thu Aug 13 2026 03:58:00 GMT+0700 (Indochina Time),0,synthetic-preference-rule,0.2,0.1,1,0,0,1,1,0,390,1,6.1442,0,0.5233,0.5829,1,100,1
dat1-pair-1057,mock-reco-v1,20260902,1,1,train,1,dat1,product-008,cat-electronics,shop-12,Fri Aug 14 2026 00:59:00 GMT+0700 (Indochina Time),1,synthetic-preference-rule,1,0.1,5,1,0,1,0.8909,0,456,0.978,7.4265,0,0.5342,0.9714,1,100,1
dat1-pair-1058,mock-reco-v1,20260902,1,1,train,2,dat1,product-115,cat-grocery,shop-04,Fri Aug 14 2026 22:00:00 GMT+0700 (Indochina Time),0,synthetic-preference-rule,0.2,0.1,2,0,0,0,1,0,485,0.117,9.0135,0,0.6466,0.44,1,100,1
dat1-pair-1059,mock-reco-v1,20260902,1,1,train,3,dat1,product-027,cat-home,shop-01,Sat Aug 15 2026 19:09:00 GMT+0700 (Indochina Time),1,synthetic-preference-rule,1,1,5,1,1,1,1,0,467,1,8.5768,0,0.9096,0.8286,1,100,1
dat1-pair-1060,mock-reco-v1,20260902,1,1,train,4,dat1,product-054,cat-fashion-men,shop-06,Sun Aug 16 2026 16:10:00 GMT+0700 (Indochina Time),0,synthetic-preference-rule,0.2,0.1,1,0,0,1,1,0,489,1,9.0654,0,0.8219,0.4971,1,100,1
dat1-pair-1061,mock-reco-v1,20260902,1,1,heldout,0,dat1,product-077,cat-sports,shop-03,Mon Aug 17 2026 10:06:00 GMT+0700 (Indochina Time),1,synthetic-preference-rule,0.2,1,5,1,1,1,1,0,442,0.22,9.13,0,0.5178,0.5257,1,100,1
dat1-pair-1062,mock-reco-v1,20260902,1,1,train,1,dat1,product-081,cat-mother-baby,shop-11,Tue Aug 18 2026 13:05:00 GMT+0700 (Indochina Time),0,synthetic-preference-rule,0.2,0.1,2,0,0,0,1,0,445,0.017,8.1784,1,0.8877,0.5543,1,100,1
dat1-pair-1063,mock-reco-v1,20260902,1,1,train,2,dat1,product-112,cat-grocery,shop-01,Thu Aug 20 2026 04:08:00 GMT+0700 (Indochina Time),1,synthetic-preference-rule,0.2,1,5,1,1,1,1,0,418,0.174,8.3682,0,0.6329,0.5829,1,100,1
dat1-pair-1064,mock-reco-v1,20260902,1,1,train,3,dat1,product-119,cat-grocery,shop-12,Thu Aug 20 2026 07:07:00 GMT+0700 (Indochina Time),0,synthetic-preference-rule,0.2,0.1,1,1,0,0,0.9091,0,425,0.345,8.2,0,0.6137,0.6114,1,100,1
dat1-pair-1065,mock-reco-v1,20260902,1,1,train,4,dat1,product-018,cat-computers,shop-03,Fri Aug 21 2026 22:10:00 GMT+0700 (Indochina Time),1,synthetic-preference-rule,1,1,5,1,1,1,1,0,393,1,9.1428,0,0.6795,0.8,0,100,1
dat1-pair-1066,mock-reco-v1,20260902,1,1,heldout,0,dat1,product-057,cat-fashion-men,shop-09,Sun Aug 23 2026 01:09:00 GMT+0700 (Indochina Time),0,synthetic-preference-rule,0.2,0.1,2,0,0,0,1,0,422,1,8.6034,0,0.8082,0.4686,1,100,1
dat1-pair-1067,mock-reco-v1,20260902,1,1,train,1,dat1,product-050,cat-fashion-women,shop-10,Sun Aug 23 2026 16:12:00 GMT+0700 (Indochina Time),1,synthetic-preference-rule,0.2,1,4,1,1,1,1,0,490,1,9.3415,0,0.7534,0.4971,1,100,1
dat1-pair-1068,mock-reco-v1,20260902,1,1,train,2,dat1,product-085,cat-mother-baby,shop-08,Mon Aug 24 2026 19:11:00 GMT+0700 (Indochina Time),0,synthetic-preference-rule,0.2,0.1,1,1,0,0,0.9818,0,467,0.741,9.2142,0,0.8986,0.5257,1,100,1
dat1-pair-1069,mock-reco-v1,20260902,1,1,train,3,dat1,product-097,cat-books,shop-09,Tue Aug 25 2026 10:14:00 GMT+0700 (Indochina Time),1,synthetic-preference-rule,1,0.1,4,1,0,0,1,0,414,0.77,7.0335,0,0.9836,0.9143,1,100,1
dat1-pair-1070,mock-reco-v1,20260902,1,1,train,4,dat1,product-033,cat-kitchen,shop-07,Wed Aug 26 2026 13:13:00 GMT+0700 (Indochina Time),0,synthetic-preference-rule,0.2,0.1,2,0,0,0,1,0,466,1,9.1429,0,0.989,0.5829,1,100,1
dat1-pair-1071,mock-reco-v1,20260902,1,1,heldout,0,dat1,product-009,cat-electronics,shop-05,Thu Aug 27 2026 08:07:00 GMT+0700 (Indochina Time),1,synthetic-preference-rule,1,0.1,4,1,0,0,1,0,405,1,9.0851,0,0.9918,0.9714,1,100,1
dat1-pair-1072,mock-reco-v1,20260902,1,1,train,1,dat1,product-061,cat-beauty,shop-06,Sat Aug 29 2026 05:08:00 GMT+0700 (Indochina Time),0,synthetic-preference-rule,0.2,0.1,1,1,0,0,1,0,495,1,8.5528,1,0.926,0.44,1,100,1
dat1-pair-1073,mock-reco-v1,20260902,1,1,train,2,dat1,product-028,cat-home,shop-06,Sat Aug 29 2026 14:05:00 GMT+0700 (Indochina Time),1,synthetic-preference-rule,1,0.1,4,1,0,0,0.2,1,378,0.482,8.843,0,0.9068,0.8286,1,100,1
dat1-pair-1074,mock-reco-v1,20260902,1,1,train,3,dat1,product-089,cat-mother-baby,shop-04,Mon Jun 01 2026 11:06:00 GMT+0700 (Indochina Time),0,synthetic-preference-rule,0.2,0.1,2,0,0,0,1,0,489,0.969,8.4152,1,0.9096,0.4971,1,100,1
dat1-pair-1075,mock-reco-v1,20260902,1,1,train,4,dat1,product-079,cat-sports,shop-01,Tue Jun 02 2026 20:03:00 GMT+0700 (Indochina Time),1,synthetic-preference-rule,0.2,1,4,1,1,0,1,0,494,1,8.5248,0,0.9836,0.5257,1,100,1
dat1-pair-1076,mock-reco-v1,20260902,1,1,heldout,0,dat1,product-037,cat-kitchen,shop-04,Wed Jun 03 2026 17:04:00 GMT+0700 (Indochina Time),0,synthetic-preference-rule,0.2,0.1,1,1,0,0,1,0,488,1,7.9628,0,0.9781,0.5543,1,100,1
dat1-pair-1077,mock-reco-v1,20260902,1,1,train,1,dat1,product-117,cat-grocery,shop-02,Fri Jun 05 2026 02:01:00 GMT+0700 (Indochina Time),1,synthetic-preference-rule,0.2,1,4,1,1,1,1,0,411,1,9.3458,0,0.6411,0.5829,1,100,1
dat1-pair-1078,mock-reco-v1,20260902,1,1,train,2,dat1,product-064,cat-beauty,shop-09,Fri Jun 05 2026 23:02:00 GMT+0700 (Indochina Time),0,synthetic-preference-rule,0.2,0.1,2,0,0,0,1,0,480,0.362,9.2141,0,0.9288,0.6114,1,100,1
dat1-pair-1079,mock-reco-v1,20260902,1,1,train,3,dat1,product-019,cat-computers,shop-08,Sat Jun 06 2026 07:59:00 GMT+0700 (Indochina Time),1,synthetic-preference-rule,1,0.1,4,1,0,1,1,0,460,1,7.1325,0,0.6384,0.8,1,100,1
dat1-pair-1080,mock-reco-v1,20260902,1,1,train,4,dat1,product-104,cat-pets,shop-08,Mon Jun 08 2026 05:00:00 GMT+0700 (Indochina Time),0,synthetic-preference-rule,0.2,0.1,2,0,0,0,0.4727,1,461,1,9.2725,0,0.6575,0.4686,1,100,1
dat1-pair-1081,mock-reco-v1,20260902,1,1,heldout,0,dat1,product-051,cat-fashion-men,shop-03,Mon Jun 08 2026 09:12:00 GMT+0700 (Indochina Time),1,synthetic-preference-rule,0.2,1,4,1,1,1,0.3455,1,452,1,8.8582,1,0.8137,0.4971,1,100,1
dat1-pair-1082,mock-reco-v1,20260902,1,1,train,1,dat1,product-041,cat-fashion-women,shop-12,Tue Jun 09 2026 12:11:00 GMT+0700 (Indochina Time),0,synthetic-preference-rule,0.2,0.1,2,0,0,1,1,0,409,1,9.2813,1,0.7342,0.5257,1,100,1
dat1-pair-1083,mock-reco-v1,20260902,1,1,train,2,dat1,product-098,cat-books,shop-02,Wed Jun 10 2026 15:10:00 GMT+0700 (Indochina Time),1,synthetic-preference-rule,1,1,4,1,1,1,0.5455,0,377,1,9.3514,0,0.9863,0.9143,1,100,1
dat1-pair-1084,mock-reco-v1,20260902,1,1,train,3,dat1,product-068,cat-beauty,shop-05,Thu Jun 11 2026 18:09:00 GMT+0700 (Indochina Time),0,synthetic-preference-rule,0.2,0.1,2,0,0,0,1,0,458,1,8.4149,0,0.9178,0.5829,1,100,1
dat1-pair-1085,mock-reco-v1,20260902,1,1,train,4,dat1,product-010,cat-electronics,shop-10,Fri Jun 12 2026 21:16:00 GMT+0700 (Indochina Time),1,synthetic-preference-rule,1,1,5,1,1,1,1,0,442,0.368,9.2536,0,0.989,0.9714,1,100,1
dat1-pair-1086,mock-reco-v1,20260902,1,1,heldout,0,dat1,product-108,cat-pets,shop-04,Sun Jun 14 2026 00:15:00 GMT+0700 (Indochina Time),0,synthetic-preference-rule,0.2,0.1,1,0,0,1,0.0364,1,483,0.229,8.3345,0,0.6685,0.44,1,100,1
dat1-pair-1087,mock-reco-v1,20260902,1,1,train,1,dat1,product-029,cat-home,shop-11,Mon Jun 15 2026 03:14:00 GMT+0700 (Indochina Time),1,synthetic-preference-rule,1,0.1,5,1,0,1,1,0,415,1,9.1587,0,0.9151,0.8286,1,100,1
dat1-pair-1088,mock-reco-v1,20260902,1,1,train,2,dat1,product-047,cat-fashion-women,shop-06,Tue Jun 16 2026 06:13:00 GMT+0700 (Indochina Time),0,synthetic-preference-rule,0.2,0.1,2,0,0,0,1,0,439,0.363,6.9285,0,0.7178,0.4971,1,100,1
dat1-pair-1089,mock-reco-v1,20260902,1,1,train,3,dat1,product-084,cat-mother-baby,shop-02,Tue Jun 16 2026 09:20:00 GMT+0700 (Indochina Time),1,synthetic-preference-rule,0.2,1,5,1,1,1,0.7455,0,408,1,7.5725,0,0.8795,0.5257,1,100,1
dat1-pair-1090,mock-reco-v1,20260902,1,1,train,4,dat1,product-074,cat-sports,shop-12,Wed Jun 17 2026 12:19:00 GMT+0700 (Indochina Time),0,synthetic-preference-rule,0.2,0.1,1,1,0,0,1,0,427,1,7.0326,0,0.5096,0.5543,1,100,1
dat1-pair-1091,mock-reco-v1,20260902,1,1,heldout,0,dat1,product-001,cat-electronics,shop-01,Fri Jun 19 2026 06:41:00 GMT+0700 (Indochina Time),1,synthetic-preference-rule,1,1,5,1,1,1,1,0,449,1,9.1876,1,0.5205,0.9429,0,100,1
dat1-pair-1092,mock-reco-v1,20260902,1,1,train,1,dat1,product-114,cat-grocery,shop-11,Sat Jun 20 2026 03:42:00 GMT+0700 (Indochina Time),0,synthetic-preference-rule,0.2,0.1,2,0,0,0,0.3818,1,470,1,8.9288,0,0.6274,0.6114,1,100,1
dat1-pair-1093,mock-reco-v1,20260902,1,1,train,2,dat1,product-020,cat-computers,shop-01,Sun Jun 21 2026 00:43:00 GMT+0700 (Indochina Time),1,synthetic-preference-rule,1,1,5,1,1,1,1,0,423,1,9.3616,0,0.6411,0.8,1,100,1
dat1-pair-1094,mock-reco-v1,20260902,1,1,train,3,dat1,product-052,cat-fashion-men,shop-08,Sun Jun 21 2026 21:44:00 GMT+0700 (Indochina Time),0,synthetic-preference-rule,0.2,0.1,1,1,0,0,1,0,415,0.335,8.5966,0,0.8164,0.4686,0,100,1
dat1-pair-1095,mock-reco-v1,20260902,1,1,train,4,dat1,product-053,cat-fashion-men,shop-01,Mon Jun 22 2026 18:45:00 GMT+0700 (Indochina Time),1,synthetic-preference-rule,0.2,1,5,1,1,0,1,0,400,1,9.237,0,0.8192,0.4971,1,100,1
dat1-pair-1096,mock-reco-v1,20260902,1,1,heldout,0,dat1,product-080,cat-sports,shop-06,Tue Jun 23 2026 15:46:00 GMT+0700 (Indochina Time),0,synthetic-preference-rule,0.2,0.1,2,0,0,0,1,0,457,0.505,8.1371,0,0.9863,0.5257,1,100,1
dat1-pair-1097,mock-reco-v1,20260902,1,1,train,1,dat1,product-099,cat-books,shop-07,Wed Jun 24 2026 12:47:00 GMT+0700 (Indochina Time),1,synthetic-preference-rule,1,0.1,5,1,0,0,0.7818,0,406,0.16,8.58,0,0.989,0.9143,1,100,1
dat1-pair-1098,mock-reco-v1,20260902,1,1,train,2,dat1,product-118,cat-grocery,shop-07,Thu Jun 25 2026 09:48:00 GMT+0700 (Indochina Time),0,synthetic-preference-rule,0.2,0.1,1,1,0,0,0.0545,1,448,0.06,6.9754,0,0.6384,0.5829,1,100,1
dat1-pair-1099,mock-reco-v1,20260902,1,1,train,3,dat1,product-011,cat-computers,shop-03,Sat Jun 27 2026 06:49:00 GMT+0700 (Indochina Time),1,synthetic-preference-rule,1,1,5,1,1,0,1,0,378,0.384,7.698,1,0.6603,0.9714,1,100,1
dat1-pair-1100,mock-reco-v1,20260902,1,1,train,4,dat1,product-056,cat-fashion-men,shop-04,Sun Jun 28 2026 03:50:00 GMT+0700 (Indochina Time),0,synthetic-preference-rule,0.2,0.1,2,0,0,0,1,0,437,1,9.3834,1,0.8055,0.44,1,100,1
dat1-pair-1101,mock-reco-v1,20260902,1,1,heldout,0,dat1,product-030,cat-home,shop-04,Sun Jun 28 2026 23:23:00 GMT+0700 (Indochina Time),1,synthetic-preference-rule,1,0.1,5,1,0,0,1,0,452,1,9.3161,0,0.9123,0.8286,1,100,1
dat1-pair-1102,mock-reco-v1,20260902,1,1,train,1,dat1,product-083,cat-mother-baby,shop-09,Mon Jun 29 2026 20:24:00 GMT+0700 (Indochina Time),0,synthetic-preference-rule,0.2,0.1,1,1,0,0,1,0,371,1,5.7838,0,0.8822,0.4971,1,100,1
dat1-pair-1103,mock-reco-v1,20260902,1,1,train,2,dat1,product-086,cat-mother-baby,shop-01,Wed Jul 01 2026 05:21:00 GMT+0700 (Indochina Time),1,synthetic-preference-rule,0.2,1,5,0,1,1,1,0,378,1,9.3637,1,0.8959,0.5257,0,100,1
dat1-pair-1104,mock-reco-v1,20260902,1,1,train,3,dat1,product-031,cat-kitchen,shop-09,Thu Jul 02 2026 02:22:00 GMT+0700 (Indochina Time),0,synthetic-preference-rule,0.2,0.1,2,0,0,0,0.6364,0,414,0.594,6.3733,1,0.9945,0.5543,1,100,1
dat1-pair-1105,mock-reco-v1,20260902,1,1,train,4,dat1,product-002,cat-electronics,shop-06,Thu Jul 02 2026 11:27:00 GMT+0700 (Indochina Time),1,synthetic-preference-rule,1,0.1,5,0,0,1,1,0,486,1,9.3408,0,0.5178,0.9429,1,100,1
dat1-pair-1106,mock-reco-v1,20260902,1,1,heldout,0,dat1,product-060,cat-fashion-men,shop-12,Fri Jul 03 2026 08:28:00 GMT+0700 (Indochina Time),0,synthetic-preference-rule,0.2,0.1,1,1,0,0,1,0,371,1,8.8635,0,0.8384,0.6114,1,100,1
dat1-pair-1107,mock-reco-v1,20260902,1,1,train,1,dat1,product-021,cat-home,shop-06,Sat Jul 04 2026 17:25:00 GMT+0700 (Indochina Time),1,synthetic-preference-rule,1,0.1,5,0,0,1,1,0,371,0.539,9.0531,1,0.8932,0.8,1,100,1
dat1-pair-1108,mock-reco-v1,20260902,1,1,train,2,dat1,product-088,cat-mother-baby,shop-11,Sun Jul 05 2026 14:26:00 GMT+0700 (Indochina Time),0,synthetic-preference-rule,0.2,0.1,2,0,0,1,1,0,430,0.684,9.0384,0,0.8904,0.4686,1,100,1
dat1-pair-1109,mock-reco-v1,20260902,1,1,train,3,dat1,product-058,cat-fashion-men,shop-02,Mon Jul 06 2026 23:31:00 GMT+0700 (Indochina Time),1,synthetic-preference-rule,0.2,1,5,0,1,1,1,0,385,0.449,8.2509,0,0.811,0.4971,1,100,1
dat1-pair-1110,mock-reco-v1,20260902,1,1,train,4,dat1,product-035,cat-kitchen,shop-05,Tue Jul 07 2026 20:32:00 GMT+0700 (Indochina Time),0,synthetic-preference-rule,0.2,0.1,2,0,0,0,1,0,436,1,8.7177,0,0.9836,0.5257,0,100,1
dat1-pair-1111,mock-reco-v1,20260902,1,1,heldout,0,dat1,product-100,cat-books,shop-12,Thu Jul 09 2026 01:54:00 GMT+0700 (Indochina Time),1,synthetic-preference-rule,1,0.1,6,0,0,1,1,0,495,1,8.2174,1,0.9918,0.9143,1,100,1
dat1-pair-1112,mock-reco-v1,20260902,1,1,train,1,dat1,product-063,cat-beauty,shop-04,Fri Jul 10 2026 04:53:00 GMT+0700 (Indochina Time),0,synthetic-preference-rule,0.2,0.1,1,0,0,1,1,0,443,1,9.0382,0,0.9315,0.5829,1,100,1
dat1-pair-1113,mock-reco-v1,20260902,1,1,train,2,dat1,product-012,cat-computers,shop-08,Fri Jul 10 2026 19:56:00 GMT+0700 (Indochina Time),1,synthetic-preference-rule,1,0.1,6,0,0,1,0.6545,0,467,1,6.3716,1,0.663,0.9714,1,100,1
dat1-pair-1114,mock-reco-v1,20260902,1,1,train,3,dat1,product-101,cat-pets,shop-05,Sat Jul 11 2026 22:55:00 GMT+0700 (Indochina Time),0,synthetic-preference-rule,0.2,0.1,2,0,0,0,1,0,424,1,8.1599,1,0.6493,0.44,1,100,1
dat1-pair-1115,mock-reco-v1,20260902,1,1,train,4,dat1,product-032,cat-kitchen,shop-02,Sun Jul 12 2026 13:50:00 GMT+0700 (Indochina Time),1,synthetic-preference-rule,0.2,1,6,0,1,1,1,0,377,1,9.3026,0,0.9973,0.4686,1,100,1
dat1-pair-1116,mock-reco-v1,20260902,1,1,heldout,0,dat1,product-040,cat-kitchen,shop-07,Mon Jul 13 2026 16:49:00 GMT+0700 (Indochina Time),0,synthetic-preference-rule,0.2,0.1,1,1,0,0,1,0,421,0.765,9.3859,0,0.9753,0.4971,1,100,1
dat1-pair-1117,mock-reco-v1,20260902,1,1,train,1,dat1,product-091,cat-books,shop-02,Tue Jul 14 2026 07:52:00 GMT+0700 (Indochina Time),1,synthetic-preference-rule,1,1,6,0,1,1,1,0,488,1,8.383,1,0.9671,0.8857,1,100,1
dat1-pair-1118,mock-reco-v1,20260902,1,1,train,2,dat1,product-067,cat-beauty,shop-12,Wed Jul 15 2026 10:51:00 GMT+0700 (Indochina Time),0,synthetic-preference-rule,0.2,0.1,2,0,0,0,1,0,421,1,7.9707,1,0.9205,0.5543,1,100,1
dat1-pair-1119,mock-reco-v1,20260902,1,1,train,3,dat1,product-003,cat-electronics,shop-11,Fri Jul 17 2026 02:02:00 GMT+0700 (Indochina Time),1,synthetic-preference-rule,1,0.1,6,0,0,1,0.8364,0,397,1,8.7852,0,0.526,0.9429,1,100,1
dat1-pair-1120,mock-reco-v1,20260902,1,1,train,4,dat1,product-107,cat-pets,shop-11,Sat Jul 18 2026 05:01:00 GMT+0700 (Indochina Time),0,synthetic-preference-rule,0.2,0.1,1,1,0,0,1,0,394,1,8.6629,0,0.6658,0.6114,1,100,1
dat1-pair-1121,mock-reco-v1,20260902,1,1,heldout,0,dat1,product-022,cat-home,shop-11,Sun Jul 19 2026 04:25:00 GMT+0700 (Indochina Time),1,synthetic-preference-rule,1,0.1,5,1,0,0,1,0,408,1,9.2266,0,0.8904,0.8,1,100,1
dat1-pair-1122,mock-reco-v1,20260902,1,1,train,1,dat1,product-045,cat-fashion-women,shop-08,Mon Jul 20 2026 01:26:00 GMT+0700 (Indochina Time),0,synthetic-preference-rule,0.2,0.1,2,0,0,0,0.5455,0,387,1,8.3568,1,0.7233,0.4686,1,100,1
dat1-pair-1123,mock-reco-v1,20260902,1,1,train,2,dat1,product-065,cat-beauty,shop-02,Mon Jul 20 2026 22:27:00 GMT+0700 (Indochina Time),1,synthetic-preference-rule,0.2,1,5,1,1,0,1,0,473,0.419,9.3637,0,0.9151,0.4971,1,100,1
dat1-pair-1124,mock-reco-v1,20260902,1,1,train,3,dat1,product-073,cat-sports,shop-07,Tue Jul 21 2026 19:28:00 GMT+0700 (Indochina Time),0,synthetic-preference-rule,0.2,0.1,1,1,0,0,1,0,464,1,7.9201,0,1,0.5257,1,100,1
dat1-pair-1125,mock-reco-v1,20260902,1,1,train,4,dat1,product-102,cat-pets,shop-10,Wed Jul 22 2026 16:29:00 GMT+0700 (Indochina Time),1,synthetic-preference-rule,0.2,1,5,1,1,0,1,0,387,1,7.5385,0,0.6521,0.5543,1,100,1
dat1-pair-1126,mock-reco-v1,20260902,1,1,heldout,0,dat1,product-113,cat-grocery,shop-06,Thu Jul 23 2026 13:30:00 GMT+0700 (Indochina Time),0,synthetic-preference-rule,0.2,0.1,2,0,0,0,1,0,433,0.955,8.6873,0,0.6301,0.5829,1,100,1
dat1-pair-1127,mock-reco-v1,20260902,1,1,train,1,dat1,product-013,cat-computers,shop-02,Fri Jul 24 2026 10:31:00 GMT+0700 (Indochina Time),1,synthetic-preference-rule,1,1,5,1,1,0,1,0,452,1,8.6019,0,0.6658,0.9714,1,100,1
dat1-pair-1128,mock-reco-v1,20260902,1,1,train,2,dat1,product-049,cat-fashion-women,shop-05,Sat Jul 25 2026 07:32:00 GMT+0700 (Indochina Time),0,synthetic-preference-rule,0.2,0.1,1,1,0,0,1,0,453,0.477,9.1884,0,0.7562,0.44,1,100,1
dat1-pair-1129,mock-reco-v1,20260902,1,1,train,3,dat1,product-036,cat-kitchen,shop-10,Mon Jul 27 2026 04:17:00 GMT+0700 (Indochina Time),1,synthetic-preference-rule,0.2,1,5,1,1,0,1,0,399,1,8.4098,1,0.9863,0.4686,1,100,1
dat1-pair-1130,mock-reco-v1,20260902,1,1,train,4,dat1,product-078,cat-sports,shop-08,Tue Jul 28 2026 01:18:00 GMT+0700 (Indochina Time),0,synthetic-preference-rule,0.2,0.1,2,0,0,0,1,0,405,1,8.9371,1,0.5205,0.4971,1,100,1
dat1-pair-1131,mock-reco-v1,20260902,1,1,heldout,0,dat1,product-092,cat-books,shop-07,Wed Jul 29 2026 06:56:00 GMT+0700 (Indochina Time),1,synthetic-preference-rule,1,0.1,5,1,0,0,1,0,451,0.827,7.9204,0,0.9699,0.8857,1,100,1
dat1-pair-1132,mock-reco-v1,20260902,1,1,train,1,dat1,product-116,cat-grocery,shop-09,Wed Jul 29 2026 09:55:00 GMT+0700 (Indochina Time),0,synthetic-preference-rule,0.2,0.1,1,1,0,0,1,0,396,0.898,9.1934,1,0.6438,0.5543,1,100,1
dat1-pair-1133,mock-reco-v1,20260902,1,1,train,2,dat1,product-004,cat-electronics,shop-04,Thu Jul 30 2026 12:54:00 GMT+0700 (Indochina Time),1,synthetic-preference-rule,1,0.1,5,1,0,0,1,0,434,0.254,9.0065,0,0.5233,0.9429,1,100,1
dat1-pair-1134,mock-reco-v1,20260902,1,1,train,3,dat1,product-055,cat-fashion-men,shop-11,Fri Jul 31 2026 15:53:00 GMT+0700 (Indochina Time),0,synthetic-preference-rule,0.2,0.1,2,0,0,1,0.0909,1,474,0.392,7.7017,0,0.8027,0.6114,1,100,1
dat1-pair-1135,mock-reco-v1,20260902,1,1,train,4,dat1,product-023,cat-home,shop-04,Sat Aug 01 2026 19:00:00 GMT+0700 (Indochina Time),1,synthetic-preference-rule,1,0.1,5,1,0,0,1,0,445,1,9.3744,1,0.8986,0.8,1,100,1
dat1-pair-1136,mock-reco-v1,20260902,1,1,heldout,0,dat1,product-082,cat-mother-baby,shop-04,Sun Aug 02 2026 21:59:00 GMT+0700 (Indochina Time),0,synthetic-preference-rule,0.2,0.1,2,0,0,0,1,0,482,0.798,8.5529,0,0.8849,0.4686,1,100,1
dat1-pair-1137,mock-reco-v1,20260902,1,1,train,1,dat1,product-069,cat-beauty,shop-10,Tue Aug 04 2026 00:58:00 GMT+0700 (Indochina Time),1,synthetic-preference-rule,0.2,1,6,1,1,0,1,0,451,0.191,8.3497,0,0.9041,0.4971,0,100,1
dat1-pair-1138,mock-reco-v1,20260902,1,1,train,2,dat1,product-120,cat-grocery,shop-05,Wed Aug 05 2026 03:57:00 GMT+0700 (Indochina Time),0,synthetic-preference-rule,0.2,0.1,1,0,0,1,1,0,462,1,8.5679,0,0.611,0.5257,0,100,1
dat1-pair-1139,mock-reco-v1,20260902,1,1,train,3,dat1,product-103,cat-pets,shop-03,Thu Aug 06 2026 06:48:00 GMT+0700 (Indochina Time),1,synthetic-preference-rule,0.2,1,6,1,1,0,1,0,372,0.286,5.5607,0,0.6548,0.5543,0,100,1
dat1-pair-1140,mock-reco-v1,20260902,1,1,train,4,dat1,product-059,cat-fashion-men,shop-07,Thu Aug 06 2026 09:47:00 GMT+0700 (Indochina Time),0,synthetic-preference-rule,0.2,0.1,2,0,0,0,1,0,408,1,9.0697,0,0.8356,0.5829,1,100,1
dat1-pair-1141,mock-reco-v1,20260902,1,1,heldout,0,dat1,product-014,cat-computers,shop-07,Fri Aug 07 2026 11:35:00 GMT+0700 (Indochina Time),1,synthetic-preference-rule,1,0.1,6,1,0,0,1,0,415,0.441,8.2488,0,0.6685,0.9714,1,100,1
dat1-pair-1142,mock-reco-v1,20260902,1,1,train,1,dat1,product-087,cat-mother-baby,shop-06,Sat Aug 08 2026 08:36:00 GMT+0700 (Indochina Time),0,synthetic-preference-rule,0.2,0.1,1,0,0,1,1,0,393,1,8.8248,0,0.8932,0.44,1,100,1
dat1-pair-1143,mock-reco-v1,20260902,1,1,train,2,dat1,product-039,cat-kitchen,shop-02,Sun Aug 09 2026 17:33:00 GMT+0700 (Indochina Time),1,synthetic-preference-rule,0.2,1,6,1,1,0,1,0,458,1,7.3382,0,0.9726,0.4686,1,100,1
dat1-pair-1144,mock-reco-v1,20260902,1,1,train,3,dat1,product-034,cat-kitchen,shop-12,Mon Aug 10 2026 14:34:00 GMT+0700 (Indochina Time),0,synthetic-preference-rule,0.2,0.1,2,0,0,0,1,0,429,1,8.9527,1,0.9918,0.4971,1,100,1
dat1-pair-1145,mock-reco-v1,20260902,1,1,train,4,dat1,product-093,cat-books,shop-12,Tue Aug 11 2026 23:31:00 GMT+0700 (Indochina Time),1,synthetic-preference-rule,1,0.1,6,1,0,0,1,0,436,0.046,8.9372,0,0.9726,0.8857,1,100,1
dat1-pair-1146,mock-reco-v1,20260902,1,1,heldout,0,dat1,product-062,cat-beauty,shop-11,Wed Aug 12 2026 20:32:00 GMT+0700 (Indochina Time),0,synthetic-preference-rule,0.2,0.1,1,1,0,0,0.9636,0,406,1,8.8247,0,0.9233,0.5543,1,100,1
dat1-pair-1147,mock-reco-v1,20260902,1,1,train,1,dat1,product-005,cat-electronics,shop-09,Fri Aug 14 2026 05:29:00 GMT+0700 (Indochina Time),1,synthetic-preference-rule,1,0.1,5,1,0,0,1,0,471,1,8.1014,0,0.5315,0.9429,1,100,1
dat1-pair-1148,mock-reco-v1,20260902,1,1,train,2,dat1,product-090,cat-mother-baby,shop-09,Sat Aug 15 2026 02:30:00 GMT+0700 (Indochina Time),0,synthetic-preference-rule,0.2,0.1,2,0,0,0,1,0,400,1,8.7216,0,0.9068,0.6114,1,100,1
dat1-pair-1149,mock-reco-v1,20260902,1,1,train,3,dat1,product-024,cat-home,shop-09,Sat Aug 15 2026 11:27:00 GMT+0700 (Indochina Time),1,synthetic-preference-rule,1,0.1,5,1,0,0,0.2364,1,482,1,7.2457,0,0.8959,0.8,1,100,1
dat1-pair-1150,mock-reco-v1,20260902,1,1,train,4,dat1,product-038,cat-kitchen,shop-09,Sun Aug 16 2026 08:28:00 GMT+0700 (Indochina Time),0,synthetic-preference-rule,0.2,0.1,1,1,0,0,1,0,451,0.651,7.1333,0,0.9808,0.4686,1,100,1
dat1-pair-1151,mock-reco-v1,20260902,1,1,heldout,0,dat1,product-070,cat-beauty,shop-03,Mon Aug 17 2026 13:34:00 GMT+0700 (Indochina Time),1,synthetic-preference-rule,0.2,1,5,1,1,0,0.0909,1,488,0.972,8.6739,0,0.9014,0.4971,1,100,1
dat1-pair-1152,mock-reco-v1,20260902,1,1,train,1,dat1,product-066,cat-beauty,shop-07,Tue Aug 18 2026 16:33:00 GMT+0700 (Indochina Time),0,synthetic-preference-rule,0.2,0.1,2,0,0,0,0.5273,0,384,1,7.1515,1,0.9123,0.5257,1,100,1
dat1-pair-1153,mock-reco-v1,20260902,1,1,train,2,dat1,product-105,cat-pets,shop-01,Wed Aug 19 2026 07:36:00 GMT+0700 (Indochina Time),1,synthetic-preference-rule,0.2,1,5,1,1,0,1,0,446,0.172,9.1074,0,0.6603,0.5543,1,100,1
dat1-pair-1154,mock-reco-v1,20260902,1,1,train,3,dat1,product-106,cat-pets,shop-06,Thu Aug 20 2026 10:35:00 GMT+0700 (Indochina Time),0,synthetic-preference-rule,0.2,0.1,1,1,0,0,1,0,409,1,8.9096,1,0.663,0.5829,1,100,1
dat1-pair-1155,mock-reco-v1,20260902,1,1,train,4,dat1,product-015,cat-computers,shop-12,Sat Aug 22 2026 01:38:00 GMT+0700 (Indochina Time),1,synthetic-preference-rule,1,0.1,5,1,0,0,1,0,482,1,8.9526,0,0.6712,0.9714,1,100,1
dat1-pair-1156,mock-reco-v1,20260902,1,1,heldout,0,dat1,product-042,cat-fashion-women,shop-05,Sun Aug 23 2026 04:37:00 GMT+0700 (Indochina Time),0,synthetic-preference-rule,0.2,0.1,2,0,0,0,1,0,446,0.306,5.8693,0,0.7315,0.44,1,100,1
dat1-pair-1157,mock-reco-v1,20260902,1,1,train,1,dat1,product-043,cat-fashion-women,shop-10,Sun Aug 23 2026 19:40:00 GMT+0700 (Indochina Time),1,synthetic-preference-rule,0.2,1,5,1,1,1,1,0,461,1,8.9223,0,0.7288,0.4686,1,100,1
dat1-pair-1158,mock-reco-v1,20260902,1,1,train,2,dat1,product-071,cat-sports,shop-08,Mon Aug 24 2026 22:39:00 GMT+0700 (Indochina Time),0,synthetic-preference-rule,0.2,0.1,1,1,0,0,1,0,412,0.334,8.6978,1,0.5123,0.4971,1,100,1
dat1-pair-1159,mock-reco-v1,20260902,1,1,train,3,dat1,product-094,cat-books,shop-05,Tue Aug 25 2026 13:42:00 GMT+0700 (Indochina Time),1,synthetic-preference-rule,1,0.1,5,1,0,1,0.1091,1,399,1,8.698,0,0.9753,0.8857,1,100,1
dat1-pair-1160,mock-reco-v1,20260902,1,1,train,4,dat1,product-111,cat-grocery,shop-08,Wed Aug 26 2026 16:41:00 GMT+0700 (Indochina Time),0,synthetic-preference-rule,0.2,0.1,2,0,0,0,1,0,381,1,7.8969,1,0.6356,0.5543,1,100,1
dat1-pair-1161,mock-reco-v1,20260902,1,1,heldout,0,dat1,product-006,cat-electronics,shop-02,Thu Aug 27 2026 16:05:00 GMT+0700 (Indochina Time),1,synthetic-preference-rule,1,1,5,1,1,1,1,0,382,0.14,8.5007,1,0.5288,0.9429,1,100,1
dat1-pair-1162,mock-reco-v1,20260902,1,1,train,1,dat1,product-048,cat-fashion-women,shop-11,Fri Aug 28 2026 13:06:00 GMT+0700 (Indochina Time),0,synthetic-preference-rule,0.2,0.1,2,0,0,0,1,0,476,1,7.8785,0,0.7151,0.6114,1,100,1
dat1-pair-1163,mock-reco-v1,20260902,1,1,train,2,dat1,product-025,cat-home,shop-03,Sat Aug 29 2026 10:07:00 GMT+0700 (Indochina Time),1,synthetic-preference-rule,1,1,6,1,1,1,1,0,393,1,7.2189,0,0.9041,0.8,1,100,1
dat1-pair-1164,mock-reco-v1,20260902,1,1,train,3,dat1,product-075,cat-sports,shop-05,Mon Jun 01 2026 07:08:00 GMT+0700 (Indochina Time),0,synthetic-preference-rule,0.2,0.1,1,0,0,1,1,0,390,1,6.1442,0,0.5233,0.4686,1,100,1
dat1-pair-1165,mock-reco-v1,20260902,1,1,train,4,dat1,product-072,cat-sports,shop-01,Wed Jun 03 2026 04:01:00 GMT+0700 (Indochina Time),1,synthetic-preference-rule,0.2,1,6,1,1,1,0.3273,1,375,1,8.3827,0,0.5151,0.4971,1,100,1
dat1-pair-1166,mock-reco-v1,20260902,1,1,heldout,0,dat1,product-115,cat-grocery,shop-04,Thu Jun 04 2026 01:02:00 GMT+0700 (Indochina Time),0,synthetic-preference-rule,0.2,0.1,2,0,0,0,1,0,485,0.117,9.0135,0,0.6466,0.5257,1,100,1
dat1-pair-1167,mock-reco-v1,20260902,1,1,train,1,dat1,product-109,cat-pets,shop-10,Thu Jun 04 2026 22:03:00 GMT+0700 (Indochina Time),1,synthetic-preference-rule,0.2,1,6,1,1,1,0.8182,0,380,0.4,8.4007,0,0.6274,0.5543,1,100,1
dat1-pair-1168,mock-reco-v1,20260902,1,1,train,2,dat1,product-054,cat-fashion-men,shop-06,Fri Jun 05 2026 19:04:00 GMT+0700 (Indochina Time),0,synthetic-preference-rule,0.2,0.1,1,0,0,1,1,0,489,1,9.0654,0,0.8219,0.5829,1,100,1
dat1-pair-1169,mock-reco-v1,20260902,1,1,train,3,dat1,product-016,cat-computers,shop-05,Sat Jun 06 2026 16:13:00 GMT+0700 (Indochina Time),1,synthetic-preference-rule,1,0.1,6,1,0,1,1,0,445,0.327,8.7175,1,0.674,0.9714,1,100,1
dat1-pair-1170,mock-reco-v1,20260902,1,1,train,4,dat1,product-081,cat-mother-baby,shop-11,Sun Jun 07 2026 13:14:00 GMT+0700 (Indochina Time),0,synthetic-preference-rule,0.2,0.1,2,0,0,0,1,0,445,0.017,8.1784,1,0.8877,0.44,1,100,1
dat1-pair-1171,mock-reco-v1,20260902,1,1,heldout,0,dat1,product-044,cat-fashion-women,shop-03,Tue Jun 09 2026 01:00:00 GMT+0700 (Indochina Time),1,synthetic-preference-rule,0.2,1,6,1,1,1,1,0,372,1,9.1178,0,0.726,0.4686,1,100,1
dat1-pair-1172,mock-reco-v1,20260902,1,1,train,1,dat1,product-119,cat-grocery,shop-12,Wed Jun 10 2026 03:59:00 GMT+0700 (Indochina Time),0,synthetic-preference-rule,0.2,0.1,1,1,0,0,0.9091,0,425,0.345,8.2,0,0.6137,0.4971,1,100,1
dat1-pair-1173,mock-reco-v1,20260902,1,1,train,2,dat1,product-095,cat-books,shop-10,Thu Jun 11 2026 06:58:00 GMT+0700 (Indochina Time),1,synthetic-preference-rule,1,1,5,1,1,1,1,0,466,1,9.1999,0,0.9781,0.8857,1,100,1
dat1-pair-1174,mock-reco-v1,20260902,1,1,train,3,dat1,product-057,cat-fashion-men,shop-09,Thu Jun 11 2026 09:57:00 GMT+0700 (Indochina Time),0,synthetic-preference-rule,0.2,0.1,2,0,0,0,1,0,422,1,8.6034,0,0.8082,0.5543,1,100,1
dat1-pair-1175,mock-reco-v1,20260902,1,1,train,4,dat1,product-007,cat-electronics,shop-07,Fri Jun 12 2026 12:56:00 GMT+0700 (Indochina Time),1,synthetic-preference-rule,1,0.1,5,1,0,0,1,0,419,0.197,4.1109,0,0.537,0.9429,1,100,1
dat1-pair-1176,mock-reco-v1,20260902,1,1,heldout,0,dat1,product-085,cat-mother-baby,shop-08,Sat Jun 13 2026 15:55:00 GMT+0700 (Indochina Time),0,synthetic-preference-rule,0.2,0.1,1,1,0,0,0.9818,0,467,0.741,9.2142,0,0.8986,0.6114,1,100,1
dat1-pair-1177,mock-reco-v1,20260902,1,1,train,1,dat1,product-026,cat-home,shop-08,Sun Jun 14 2026 18:54:00 GMT+0700 (Indochina Time),1,synthetic-preference-rule,1,0.1,5,1,0,0,1,0,430,1,8.001,1,0.9014,0.8,1,100,1
dat1-pair-1178,mock-reco-v1,20260902,1,1,train,2,dat1,product-033,cat-kitchen,shop-07,Mon Jun 15 2026 21:53:00 GMT+0700 (Indochina Time),0,synthetic-preference-rule,0.2,0.1,2,0,0,0,1,0,466,1,9.1429,0,0.989,0.4686,1,100,1
dat1-pair-1179,mock-reco-v1,20260902,1,1,train,3,dat1,product-076,cat-sports,shop-10,Wed Jun 17 2026 01:08:00 GMT+0700 (Indochina Time),1,synthetic-preference-rule,0.2,1,5,1,1,0,0.7636,0,479,0.277,9.2916,1,0.526,0.4971,1,100,1
dat1-pair-1180,mock-reco-v1,20260902,1,1,train,4,dat1,product-061,cat-beauty,shop-06,Thu Jun 18 2026 04:07:00 GMT+0700 (Indochina Time),0,synthetic-preference-rule,0.2,0.1,1,1,0,0,1,0,495,1,8.5528,1,0.926,0.5257,1,100,1
dat1-pair-1181,mock-reco-v1,20260902,1,1,heldout,0,dat1,product-110,cat-pets,shop-03,Fri Jun 19 2026 03:31:00 GMT+0700 (Indochina Time),1,synthetic-preference-rule,0.2,1,5,1,1,0,1,0,469,1,7.9484,0,0.6301,0.5543,1,100,1
dat1-pair-1182,mock-reco-v1,20260902,1,1,train,1,dat1,product-089,cat-mother-baby,shop-04,Sat Jun 20 2026 00:32:00 GMT+0700 (Indochina Time),0,synthetic-preference-rule,0.2,0.1,2,0,0,0,1,0,489,0.969,8.4152,1,0.9096,0.5829,1,100,1
dat1-pair-1183,mock-reco-v1,20260902,1,1,train,2,dat1,product-017,cat-computers,shop-10,Sat Jun 20 2026 09:29:00 GMT+0700 (Indochina Time),1,synthetic-preference-rule,1,1,5,1,1,1,1,0,430,1,9.3026,0,0.6767,0.9714,1,100,1
dat1-pair-1184,mock-reco-v1,20260902,1,1,train,3,dat1,product-037,cat-kitchen,shop-04,Mon Jun 22 2026 06:30:00 GMT+0700 (Indochina Time),0,synthetic-preference-rule,0.2,0.1,1,1,0,0,1,0,488,1,7.9628,0,0.9781,0.44,1,100,1
dat1-pair-1185,mock-reco-v1,20260902,1,1,train,4,dat1,product-046,cat-fashion-women,shop-01,Mon Jun 22 2026 15:35:00 GMT+0700 (Indochina Time),1,synthetic-preference-rule,0.2,1,5,1,1,1,1,0,424,1,8.679,1,0.7205,0.4686,1,100,1
dat1-pair-1186,mock-reco-v1,20260902,1,1,heldout,0,dat1,product-064,cat-beauty,shop-09,Tue Jun 23 2026 12:36:00 GMT+0700 (Indochina Time),0,synthetic-preference-rule,0.2,0.1,2,0,0,0,1,0,480,0.362,9.2141,0,0.9288,0.4971,1,100,1
dat1-pair-1187,mock-reco-v1,20260902,1,1,train,1,dat1,product-096,cat-books,shop-03,Wed Jun 24 2026 21:33:00 GMT+0700 (Indochina Time),1,synthetic-preference-rule,1,1,5,1,1,1,1,0,429,1,9.0212,1,0.9808,0.8857,1,100,1
dat1-pair-1188,mock-reco-v1,20260902,1,1,train,2,dat1,product-104,cat-pets,shop-08,Thu Jun 25 2026 18:34:00 GMT+0700 (Indochina Time),0,synthetic-preference-rule,0.2,0.1,2,0,0,0,0.4727,1,461,1,9.2725,0,0.6575,0.5543,1,100,1
dat1-pair-1189,mock-reco-v1,20260902,1,1,train,3,dat1,product-008,cat-electronics,shop-12,Sat Jun 27 2026 03:23:00 GMT+0700 (Indochina Time),1,synthetic-preference-rule,1,0.1,5,1,0,1,0.8909,0,456,0.978,7.4265,0,0.5342,0.9429,1,100,1
dat1-pair-1190,mock-reco-v1,20260902,1,1,train,4,dat1,product-041,cat-fashion-women,shop-12,Sun Jun 28 2026 00:24:00 GMT+0700 (Indochina Time),0,synthetic-preference-rule,0.2,0.1,2,0,0,1,1,0,409,1,9.2813,1,0.7342,0.6114,1,100,1
dat1-pair-1191,mock-reco-v1,20260902,1,1,heldout,0,dat1,product-027,cat-home,shop-01,Mon Jun 29 2026 06:02:00 GMT+0700 (Indochina Time),1,synthetic-preference-rule,1,1,5,1,1,1,1,0,467,1,8.5768,0,0.9096,0.8,1,100,1
dat1-pair-1192,mock-reco-v1,20260902,1,1,train,1,dat1,product-068,cat-beauty,shop-05,Mon Jun 29 2026 09:01:00 GMT+0700 (Indochina Time),0,synthetic-preference-rule,0.2,0.1,2,0,0,0,1,0,458,1,8.4149,0,0.9178,0.4686,1,100,1
dat1-pair-1193,mock-reco-v1,20260902,1,1,train,2,dat1,product-077,cat-sports,shop-03,Wed Jul 01 2026 00:04:00 GMT+0700 (Indochina Time),1,synthetic-preference-rule,0.2,1,5,1,1,1,1,0,442,0.22,9.13,0,0.5178,0.4971,1,100,1
dat1-pair-1194,mock-reco-v1,20260902,1,1,train,3,dat1,product-108,cat-pets,shop-04,Thu Jul 02 2026 03:03:00 GMT+0700 (Indochina Time),0,synthetic-preference-rule,0.2,0.1,1,0,0,1,0.0364,1,483,0.229,8.3345,0,0.6685,0.5257,1,100,1
dat1-pair-1195,mock-reco-v1,20260902,1,1,train,4,dat1,product-112,cat-grocery,shop-01,Thu Jul 02 2026 17:58:00 GMT+0700 (Indochina Time),1,synthetic-preference-rule,0.2,1,5,1,1,1,1,0,418,0.174,8.3682,0,0.6329,0.5543,1,100,1
dat1-pair-1196,mock-reco-v1,20260902,1,1,heldout,0,dat1,product-047,cat-fashion-women,shop-06,Fri Jul 03 2026 20:57:00 GMT+0700 (Indochina Time),0,synthetic-preference-rule,0.2,0.1,2,0,0,0,1,0,439,0.363,6.9285,0,0.7178,0.5829,1,100,1
dat1-pair-1197,mock-reco-v1,20260902,1,1,train,1,dat1,product-018,cat-computers,shop-03,Sat Jul 04 2026 12:00:00 GMT+0700 (Indochina Time),1,synthetic-preference-rule,1,1,5,1,1,1,1,0,393,1,9.1428,0,0.6795,0.9714,0,100,1
dat1-pair-1198,mock-reco-v1,20260902,1,1,train,2,dat1,product-074,cat-sports,shop-12,Sun Jul 05 2026 14:59:00 GMT+0700 (Indochina Time),0,synthetic-preference-rule,0.2,0.1,1,1,0,0,1,0,427,1,7.0326,0,0.5096,0.44,1,100,1
dat1-pair-1199,mock-reco-v1,20260902,1,1,train,3,dat1,product-050,cat-fashion-women,shop-10,Tue Jul 07 2026 05:54:00 GMT+0700 (Indochina Time),1,synthetic-preference-rule,0.2,1,4,1,1,1,1,0,490,1,9.3415,0,0.7534,0.4686,1,100,1
dat1-pair-1200,mock-reco-v1,20260902,1,1,train,4,dat1,product-114,cat-grocery,shop-11,Tue Jul 07 2026 08:53:00 GMT+0700 (Indochina Time),0,synthetic-preference-rule,0.2,0.1,2,0,0,0,0.3818,1,470,1,8.9288,0,0.6274,0.4971,1,100,1
dat1-pair-1201,mock-reco-v1,20260902,1,1,heldout,0,dat1,product-097,cat-books,shop-09,Wed Jul 08 2026 11:18:00 GMT+0700 (Indochina Time),1,synthetic-preference-rule,1,0.1,4,1,0,0,1,0,414,0.77,7.0335,0,0.9836,0.8857,1,100,1
dat1-pair-1202,mock-reco-v1,20260902,1,1,train,1,dat1,product-052,cat-fashion-men,shop-08,Thu Jul 09 2026 14:17:00 GMT+0700 (Indochina Time),0,synthetic-preference-rule,0.2,0.1,1,1,0,0,1,0,415,0.335,8.5966,0,0.8164,0.5543,0,100,1
dat1-pair-1203,mock-reco-v1,20260902,1,1,train,2,dat1,product-009,cat-electronics,shop-05,Sat Jul 11 2026 05:20:00 GMT+0700 (Indochina Time),1,synthetic-preference-rule,1,0.1,4,1,0,0,1,0,405,1,9.0851,0,0.9918,0.9429,1,100,1
dat1-pair-1204,mock-reco-v1,20260902,1,1,train,3,dat1,product-080,cat-sports,shop-06,Sat Jul 11 2026 08:19:00 GMT+0700 (Indochina Time),0,synthetic-preference-rule,0.2,0.1,2,0,0,0,1,0,457,0.505,8.1371,0,0.9863,0.6114,1,100,1
dat1-pair-1205,mock-reco-v1,20260902,1,1,train,4,dat1,product-028,cat-home,shop-06,Sun Jul 12 2026 23:22:00 GMT+0700 (Indochina Time),1,synthetic-preference-rule,1,0.1,4,1,0,0,0.2,1,378,0.482,8.843,0,0.9068,0.8,1,100,1
dat1-pair-1206,mock-reco-v1,20260902,1,1,heldout,0,dat1,product-118,cat-grocery,shop-07,Tue Jul 14 2026 02:21:00 GMT+0700 (Indochina Time),0,synthetic-preference-rule,0.2,0.1,1,1,0,0,0.0545,1,448,0.06,6.9754,0,0.6384,0.4686,1,100,1
dat1-pair-1207,mock-reco-v1,20260902,1,1,train,1,dat1,product-079,cat-sports,shop-01,Tue Jul 14 2026 17:24:00 GMT+0700 (Indochina Time),1,synthetic-preference-rule,0.2,1,4,1,1,0,1,0,494,1,8.5248,0,0.9836,0.4971,1,100,1
dat1-pair-1208,mock-reco-v1,20260902,1,1,train,2,dat1,product-056,cat-fashion-men,shop-04,Wed Jul 15 2026 20:23:00 GMT+0700 (Indochina Time),0,synthetic-preference-rule,0.2,0.1,2,0,0,0,1,0,437,1,9.3834,1,0.8055,0.5257,1,100,1
dat1-pair-1209,mock-reco-v1,20260902,1,1,train,3,dat1,product-117,cat-grocery,shop-02,Thu Jul 16 2026 11:10:00 GMT+0700 (Indochina Time),1,synthetic-preference-rule,0.2,1,4,1,1,1,1,0,411,1,9.3458,0,0.6411,0.5543,1,100,1
dat1-pair-1210,mock-reco-v1,20260902,1,1,train,4,dat1,product-083,cat-mother-baby,shop-09,Fri Jul 17 2026 14:09:00 GMT+0700 (Indochina Time),0,synthetic-preference-rule,0.2,0.1,1,1,0,0,1,0,371,1,5.7838,0,0.8822,0.5829,1,100,1
dat1-pair-1211,mock-reco-v1,20260902,1,1,heldout,0,dat1,product-019,cat-computers,shop-08,Sat Jul 18 2026 08:47:00 GMT+0700 (Indochina Time),1,synthetic-preference-rule,1,0.1,4,1,0,1,1,0,460,1,7.1325,0,0.6384,0.9714,1,100,1
dat1-pair-1212,mock-reco-v1,20260902,1,1,train,1,dat1,product-031,cat-kitchen,shop-09,Mon Jul 20 2026 05:48:00 GMT+0700 (Indochina Time),0,synthetic-preference-rule,0.2,0.1,2,0,0,0,0.6364,0,414,0.594,6.3733,1,0.9945,0.44,1,100,1
dat1-pair-1213,mock-reco-v1,20260902,1,1,train,2,dat1,product-051,cat-fashion-men,shop-03,Mon Jul 20 2026 14:45:00 GMT+0700 (Indochina Time),1,synthetic-preference-rule,0.2,1,4,1,1,1,0.3455,1,452,1,8.8582,1,0.8137,0.4686,1,100,1
dat1-pair-1214,mock-reco-v1,20260902,1,1,train,3,dat1,product-060,cat-fashion-men,shop-12,Tue Jul 21 2026 11:46:00 GMT+0700 (Indochina Time),0,synthetic-preference-rule,0.2,0.1,1,1,0,0,1,0,371,1,8.8635,0,0.8384,0.4971,1,100,1
dat1-pair-1215,mock-reco-v1,20260902,1,1,train,4,dat1,product-098,cat-books,shop-02,Wed Jul 22 2026 20:43:00 GMT+0700 (Indochina Time),1,synthetic-preference-rule,1,1,4,1,1,1,0.5455,0,377,1,9.3514,0,0.9863,0.8857,1,100,1
dat1-pair-1216,mock-reco-v1,20260902,1,1,heldout,0,dat1,product-088,cat-mother-baby,shop-11,Thu Jul 23 2026 17:44:00 GMT+0700 (Indochina Time),0,synthetic-preference-rule,0.2,0.1,2,0,0,1,1,0,430,0.684,9.0384,0,0.8904,0.5543,1,100,1
dat1-pair-1217,mock-reco-v1,20260902,1,1,train,1,dat1,product-010,cat-electronics,shop-10,Sat Jul 25 2026 02:41:00 GMT+0700 (Indochina Time),1,synthetic-preference-rule,1,1,5,1,1,1,1,0,442,0.368,9.2536,0,0.989,0.9429,1,100,1
dat1-pair-1218,mock-reco-v1,20260902,1,1,train,2,dat1,product-035,cat-kitchen,shop-05,Sat Jul 25 2026 23:42:00 GMT+0700 (Indochina Time),0,synthetic-preference-rule,0.2,0.1,2,0,0,0,1,0,436,1,8.7177,0,0.9836,0.6114,0,100,1
dat1-pair-1219,mock-reco-v1,20260902,1,1,train,3,dat1,product-029,cat-home,shop-11,Sun Jul 26 2026 08:55:00 GMT+0700 (Indochina Time),1,synthetic-preference-rule,1,0.1,5,1,0,1,1,0,415,1,9.1587,0,0.9151,0.8,1,100,1
dat1-pair-1220,mock-reco-v1,20260902,1,1,train,4,dat1,product-063,cat-beauty,shop-04,Tue Jul 28 2026 05:56:00 GMT+0700 (Indochina Time),0,synthetic-preference-rule,0.2,0.1,1,0,0,1,1,0,443,1,9.0382,0,0.9315,0.4686,1,100,1
dat1-pair-1221,mock-reco-v1,20260902,1,1,heldout,0,dat1,product-084,cat-mother-baby,shop-02,Tue Jul 28 2026 16:20:00 GMT+0700 (Indochina Time),1,synthetic-preference-rule,0.2,1,5,1,1,1,0.7455,0,408,1,7.5725,0,0.8795,0.4971,1,100,1
dat1-pair-1222,mock-reco-v1,20260902,1,1,train,1,dat1,product-101,cat-pets,shop-05,Wed Jul 29 2026 19:19:00 GMT+0700 (Indochina Time),0,synthetic-preference-rule,0.2,0.1,2,0,0,0,1,0,424,1,8.1599,1,0.6493,0.5257,1,100,1
dat1-pair-1223,mock-reco-v1,20260902,1,1,train,2,dat1,product-001,cat-electronics,shop-01,Thu Jul 30 2026 22:18:00 GMT+0700 (Indochina Time),1,synthetic-preference-rule,1,1,5,1,1,1,1,0,449,1,9.1876,1,0.5205,0.9143,0,100,1
dat1-pair-1224,mock-reco-v1,20260902,1,1,train,3,dat1,product-040,cat-kitchen,shop-07,Sat Aug 01 2026 01:17:00 GMT+0700 (Indochina Time),0,synthetic-preference-rule,0.2,0.1,1,1,0,0,1,0,421,0.765,9.3859,0,0.9753,0.5829,1,100,1
dat1-pair-1225,mock-reco-v1,20260902,1,1,train,4,dat1,product-020,cat-computers,shop-01,Sun Aug 02 2026 04:16:00 GMT+0700 (Indochina Time),1,synthetic-preference-rule,1,1,5,1,1,1,1,0,423,1,9.3616,0,0.6411,0.9714,1,100,1
dat1-pair-1226,mock-reco-v1,20260902,1,1,heldout,0,dat1,product-067,cat-beauty,shop-12,Sun Aug 02 2026 07:15:00 GMT+0700 (Indochina Time),0,synthetic-preference-rule,0.2,0.1,2,0,0,0,1,0,421,1,7.9707,1,0.9205,0.44,1,100,1
dat1-pair-1227,mock-reco-v1,20260902,1,1,train,1,dat1,product-053,cat-fashion-men,shop-01,Mon Aug 03 2026 10:14:00 GMT+0700 (Indochina Time),1,synthetic-preference-rule,0.2,1,5,1,1,0,1,0,400,1,9.237,0,0.8192,0.4686,1,100,1
dat1-pair-1228,mock-reco-v1,20260902,1,1,train,2,dat1,product-107,cat-pets,shop-11,Tue Aug 04 2026 13:13:00 GMT+0700 (Indochina Time),0,synthetic-preference-rule,0.2,0.1,1,1,0,0,1,0,394,1,8.6629,0,0.6658,0.4971,1,100,1
dat1-pair-1229,mock-reco-v1,20260902,1,1,train,3,dat1,product-099,cat-books,shop-07,Wed Aug 05 2026 16:12:00 GMT+0700 (Indochina Time),1,synthetic-preference-rule,1,0.1,5,1,0,0,0.7818,0,406,0.16,8.58,0,0.989,0.8857,1,100,1
dat1-pair-1230,mock-reco-v1,20260902,1,1,train,4,dat1,product-045,cat-fashion-women,shop-08,Thu Aug 06 2026 19:11:00 GMT+0700 (Indochina Time),0,synthetic-preference-rule,0.2,0.1,2,0,0,0,0.5455,0,387,1,8.3568,1,0.7233,0.5543,1,100,1
dat1-pair-1231,mock-reco-v1,20260902,1,1,heldout,0,dat1,product-011,cat-computers,shop-03,Fri Aug 07 2026 13:49:00 GMT+0700 (Indochina Time),1,synthetic-preference-rule,1,1,5,1,1,0,1,0,378,0.384,7.698,1,0.6603,0.9429,1,100,1
dat1-pair-1232,mock-reco-v1,20260902,1,1,train,1,dat1,product-073,cat-sports,shop-07,Sat Aug 08 2026 10:50:00 GMT+0700 (Indochina Time),0,synthetic-preference-rule,0.2,0.1,1,1,0,0,1,0,464,1,7.9201,0,1,0.6114,1,100,1
dat1-pair-1233,mock-reco-v1,20260902,1,1,train,2,dat1,product-030,cat-home,shop-04,Sun Aug 09 2026 07:51:00 GMT+0700 (Indochina Time),1,synthetic-preference-rule,1,0.1,5,1,0,0,1,0,452,1,9.3161,0,0.9123,0.8,1,100,1
dat1-pair-1234,mock-reco-v1,20260902,1,1,train,3,dat1,product-113,cat-grocery,shop-06,Tue Aug 11 2026 04:52:00 GMT+0700 (Indochina Time),0,synthetic-preference-rule,0.2,0.1,2,0,0,0,1,0,433,0.955,8.6873,0,0.6301,0.4686,1,100,1
dat1-pair-1235,mock-reco-v1,20260902,1,1,train,4,dat1,product-086,cat-mother-baby,shop-01,Wed Aug 12 2026 01:45:00 GMT+0700 (Indochina Time),1,synthetic-preference-rule,0.2,1,5,0,1,1,1,0,378,1,9.3637,1,0.8959,0.4971,0,100,1
dat1-pair-1236,mock-reco-v1,20260902,1,1,heldout,0,dat1,product-049,cat-fashion-women,shop-05,Wed Aug 12 2026 22:46:00 GMT+0700 (Indochina Time),0,synthetic-preference-rule,0.2,0.1,1,1,0,0,1,0,453,0.477,9.1884,0,0.7562,0.5257,1,100,1
dat1-pair-1237,mock-reco-v1,20260902,1,1,train,1,dat1,product-002,cat-electronics,shop-06,Thu Aug 13 2026 19:47:00 GMT+0700 (Indochina Time),1,synthetic-preference-rule,1,0.1,5,0,0,1,1,0,486,1,9.3408,0,0.5178,0.9143,1,100,1
dat1-pair-1238,mock-reco-v1,20260902,1,1,train,2,dat1,product-078,cat-sports,shop-08,Fri Aug 14 2026 16:48:00 GMT+0700 (Indochina Time),0,synthetic-preference-rule,0.2,0.1,2,0,0,0,1,0,405,1,8.9371,1,0.5205,0.5829,1,100,1
dat1-pair-1239,mock-reco-v1,20260902,1,1,train,3,dat1,product-021,cat-home,shop-06,Sat Aug 15 2026 13:41:00 GMT+0700 (Indochina Time),1,synthetic-preference-rule,1,0.1,5,0,0,1,1,0,371,0.539,9.0531,1,0.8932,0.9714,1,100,1
dat1-pair-1240,mock-reco-v1,20260902,1,1,train,4,dat1,product-116,cat-grocery,shop-09,Sun Aug 16 2026 10:42:00 GMT+0700 (Indochina Time),0,synthetic-preference-rule,0.2,0.1,1,1,0,0,1,0,396,0.898,9.1934,1,0.6438,0.44,1,100,1
dat1-pair-1241,mock-reco-v1,20260902,1,1,heldout,0,dat1,product-058,cat-fashion-men,shop-02,Mon Aug 17 2026 23:38:00 GMT+0700 (Indochina Time),1,synthetic-preference-rule,0.2,1,5,0,1,1,1,0,385,0.449,8.2509,0,0.811,0.4686,1,100,1
dat1-pair-1242,mock-reco-v1,20260902,1,1,train,1,dat1,product-055,cat-fashion-men,shop-11,Wed Aug 19 2026 02:37:00 GMT+0700 (Indochina Time),0,synthetic-preference-rule,0.2,0.1,2,0,0,1,0.0909,1,474,0.392,7.7017,0,0.8027,0.4971,1,100,1
dat1-pair-1243,mock-reco-v1,20260902,1,1,train,2,dat1,product-100,cat-books,shop-12,Wed Aug 19 2026 17:40:00 GMT+0700 (Indochina Time),1,synthetic-preference-rule,1,0.1,6,0,0,1,1,0,495,1,8.2174,1,0.9918,0.8857,1,100,1
dat1-pair-1244,mock-reco-v1,20260902,1,1,train,3,dat1,product-082,cat-mother-baby,shop-04,Thu Aug 20 2026 20:39:00 GMT+0700 (Indochina Time),0,synthetic-preference-rule,0.2,0.1,2,0,0,0,1,0,482,0.798,8.5529,0,0.8849,0.5543,1,100,1
dat1-pair-1245,mock-reco-v1,20260902,1,1,train,4,dat1,product-012,cat-computers,shop-08,Fri Aug 21 2026 11:34:00 GMT+0700 (Indochina Time),1,synthetic-preference-rule,1,0.1,6,0,0,1,0.6545,0,467,1,6.3716,1,0.663,0.9429,1,100,1
dat1-pair-1246,mock-reco-v1,20260902,1,1,heldout,0,dat1,product-120,cat-grocery,shop-05,Sat Aug 22 2026 14:33:00 GMT+0700 (Indochina Time),0,synthetic-preference-rule,0.2,0.1,1,0,0,1,1,0,462,1,8.5679,0,0.611,0.6114,0,100,1
dat1-pair-1247,mock-reco-v1,20260902,1,1,train,1,dat1,product-032,cat-kitchen,shop-02,Mon Aug 24 2026 05:36:00 GMT+0700 (Indochina Time),1,synthetic-preference-rule,0.2,1,6,0,1,1,1,0,377,1,9.3026,0,0.9973,0.44,1,100,1
dat1-pair-1248,mock-reco-v1,20260902,1,1,train,2,dat1,product-059,cat-fashion-men,shop-07,Mon Aug 24 2026 08:35:00 GMT+0700 (Indochina Time),0,synthetic-preference-rule,0.2,0.1,2,0,0,0,1,0,408,1,9.0697,0,0.8356,0.4686,1,100,1
dat1-pair-1249,mock-reco-v1,20260902,1,1,train,3,dat1,product-091,cat-books,shop-02,Tue Aug 25 2026 23:30:00 GMT+0700 (Indochina Time),1,synthetic-preference-rule,1,1,6,0,1,1,1,0,488,1,8.383,1,0.9671,0.8571,1,100,1
dat1-pair-1250,mock-reco-v1,20260902,1,1,train,4,dat1,product-087,cat-mother-baby,shop-06,Thu Aug 27 2026 02:29:00 GMT+0700 (Indochina Time),0,synthetic-preference-rule,0.2,0.1,1,0,0,1,1,0,393,1,8.8248,0,0.8932,0.5257,1,100,1
dat1-pair-1251,mock-reco-v1,20260902,1,1,heldout,0,dat1,product-003,cat-electronics,shop-11,Thu Aug 27 2026 14:43:00 GMT+0700 (Indochina Time),1,synthetic-preference-rule,1,0.1,6,0,0,1,0.8364,0,397,1,8.7852,0,0.526,0.9143,1,100,1
dat1-pair-1252,mock-reco-v1,20260902,1,1,train,1,dat1,product-034,cat-kitchen,shop-12,Fri Aug 28 2026 11:44:00 GMT+0700 (Indochina Time),0,synthetic-preference-rule,0.2,0.1,2,0,0,0,1,0,429,1,8.9527,1,0.9918,0.5829,1,100,1
dat1-pair-1253,mock-reco-v1,20260902,1,1,train,2,dat1,product-022,cat-home,shop-11,Sat Aug 29 2026 20:41:00 GMT+0700 (Indochina Time),1,synthetic-preference-rule,1,0.1,5,1,0,0,1,0,408,1,9.2266,0,0.8904,0.9714,1,100,1
dat1-pair-1254,mock-reco-v1,20260902,1,1,train,3,dat1,product-062,cat-beauty,shop-11,Mon Jun 01 2026 17:42:00 GMT+0700 (Indochina Time),0,synthetic-preference-rule,0.2,0.1,1,1,0,0,0.9636,0,406,1,8.8247,0,0.9233,0.44,1,100,1
dat1-pair-1255,mock-reco-v1,20260902,1,1,train,4,dat1,product-065,cat-beauty,shop-02,Wed Jun 03 2026 02:47:00 GMT+0700 (Indochina Time),1,synthetic-preference-rule,0.2,1,5,1,1,0,1,0,473,0.419,9.3637,0,0.9151,0.4686,1,100,1
dat1-pair-1256,mock-reco-v1,20260902,1,1,heldout,0,dat1,product-090,cat-mother-baby,shop-09,Wed Jun 03 2026 23:48:00 GMT+0700 (Indochina Time),0,synthetic-preference-rule,0.2,0.1,2,0,0,0,1,0,400,1,8.7216,0,0.9068,0.4971,1,100,1
dat1-pair-1257,mock-reco-v1,20260902,1,1,train,1,dat1,product-102,cat-pets,shop-10,Thu Jun 04 2026 08:45:00 GMT+0700 (Indochina Time),1,synthetic-preference-rule,0.2,1,5,1,1,0,1,0,387,1,7.5385,0,0.6521,0.5257,1,100,1
dat1-pair-1258,mock-reco-v1,20260902,1,1,train,2,dat1,product-038,cat-kitchen,shop-09,Sat Jun 06 2026 05:46:00 GMT+0700 (Indochina Time),0,synthetic-preference-rule,0.2,0.1,1,1,0,0,1,0,451,0.651,7.1333,0,0.9808,0.5543,1,100,1
dat1-pair-1259,mock-reco-v1,20260902,1,1,train,3,dat1,product-013,cat-computers,shop-02,Sat Jun 06 2026 14:35:00 GMT+0700 (Indochina Time),1,synthetic-preference-rule,1,1,5,1,1,0,1,0,452,1,8.6019,0,0.6658,0.9429,1,100,1
dat1-pair-1260,mock-reco-v1,20260902,1,1,train,4,dat1,product-066,cat-beauty,shop-07,Sun Jun 07 2026 11:36:00 GMT+0700 (Indochina Time),0,synthetic-preference-rule,0.2,0.1,2,0,0,0,0.5273,0,384,1,7.1515,1,0.9123,0.6114,1,100,1
dat1-pair-1261,mock-reco-v1,20260902,1,1,heldout,0,dat1,product-036,cat-kitchen,shop-10,Mon Jun 08 2026 23:52:00 GMT+0700 (Indochina Time),1,synthetic-preference-rule,0.2,1,5,1,1,0,1,0,399,1,8.4098,1,0.9863,0.44,1,100,1
dat1-pair-1262,mock-reco-v1,20260902,1,1,train,1,dat1,product-106,cat-pets,shop-06,Wed Jun 10 2026 02:51:00 GMT+0700 (Indochina Time),0,synthetic-preference-rule,0.2,0.1,1,1,0,0,1,0,409,1,8.9096,1,0.663,0.4686,1,100,1
dat1-pair-1263,mock-reco-v1,20260902,1,1,train,2,dat1,product-092,cat-books,shop-07,Thu Jun 11 2026 05:50:00 GMT+0700 (Indochina Time),1,synthetic-preference-rule,1,0.1,5,1,0,0,1,0,451,0.827,7.9204,0,0.9699,0.8571,1,100,1
dat1-pair-1264,mock-reco-v1,20260902,1,1,train,3,dat1,product-042,cat-fashion-women,shop-05,Thu Jun 11 2026 08:49:00 GMT+0700 (Indochina Time),0,synthetic-preference-rule,0.2,0.1,2,0,0,0,1,0,446,0.306,5.8693,0,0.7315,0.5257,1,100,1
dat1-pair-1265,mock-reco-v1,20260902,1,1,train,4,dat1,product-004,cat-electronics,shop-04,Fri Jun 12 2026 11:56:00 GMT+0700 (Indochina Time),1,synthetic-preference-rule,1,0.1,5,1,0,0,1,0,434,0.254,9.0065,0,0.5233,0.9143,1,100,1
dat1-pair-1266,mock-reco-v1,20260902,1,1,heldout,0,dat1,product-071,cat-sports,shop-08,Sat Jun 13 2026 14:55:00 GMT+0700 (Indochina Time),0,synthetic-preference-rule,0.2,0.1,1,1,0,0,1,0,412,0.334,8.6978,1,0.5123,0.5829,1,100,1
dat1-pair-1267,mock-reco-v1,20260902,1,1,train,1,dat1,product-023,cat-home,shop-04,Sun Jun 14 2026 17:54:00 GMT+0700 (Indochina Time),1,synthetic-preference-rule,1,0.1,5,1,0,0,1,0,445,1,9.3744,1,0.8986,0.9714,1,100,1
dat1-pair-1268,mock-reco-v1,20260902,1,1,train,2,dat1,product-111,cat-grocery,shop-08,Mon Jun 15 2026 20:53:00 GMT+0700 (Indochina Time),0,synthetic-preference-rule,0.2,0.1,2,0,0,0,1,0,381,1,7.8969,1,0.6356,0.44,1,100,1
dat1-pair-1269,mock-reco-v1,20260902,1,1,train,3,dat1,product-069,cat-beauty,shop-10,Wed Jun 17 2026 04:16:00 GMT+0700 (Indochina Time),1,synthetic-preference-rule,0.2,1,6,1,1,0,1,0,451,0.191,8.3497,0,0.9041,0.4686,0,100,1
dat1-pair-1270,mock-reco-v1,20260902,1,1,train,4,dat1,product-048,cat-fashion-women,shop-11,Thu Jun 18 2026 02:59:00 GMT+0700 (Indochina Time),0,synthetic-preference-rule,0.2,0.1,2,0,0,0,1,0,476,1,7.8785,0,0.7151,0.4971,1,100,1
dat1-pair-1271,mock-reco-v1,20260902,1,1,heldout,0,dat1,product-103,cat-pets,shop-03,Thu Jun 18 2026 21:21:00 GMT+0700 (Indochina Time),1,synthetic-preference-rule,0.2,1,6,1,1,0,1,0,372,0.286,5.5607,0,0.6548,0.5257,0,100,1
dat1-pair-1272,mock-reco-v1,20260902,1,1,train,1,dat1,product-075,cat-sports,shop-05,Fri Jun 19 2026 18:22:00 GMT+0700 (Indochina Time),0,synthetic-preference-rule,0.2,0.1,1,0,0,1,1,0,390,1,6.1442,0,0.5233,0.5543,1,100,1
dat1-pair-1273,mock-reco-v1,20260902,1,1,train,2,dat1,product-014,cat-computers,shop-07,Sat Jun 20 2026 15:23:00 GMT+0700 (Indochina Time),1,synthetic-preference-rule,1,0.1,6,1,0,0,1,0,415,0.441,8.2488,0,0.6685,0.9429,1,100,1
dat1-pair-1274,mock-reco-v1,20260902,1,1,train,3,dat1,product-115,cat-grocery,shop-04,Sun Jun 21 2026 12:24:00 GMT+0700 (Indochina Time),0,synthetic-preference-rule,0.2,0.1,2,0,0,0,1,0,485,0.117,9.0135,0,0.6466,0.6114,1,100,1
dat1-pair-1275,mock-reco-v1,20260902,1,1,train,4,dat1,product-039,cat-kitchen,shop-02,Mon Jun 22 2026 09:25:00 GMT+0700 (Indochina Time),1,synthetic-preference-rule,0.2,1,6,1,1,0,1,0,458,1,7.3382,0,0.9726,0.44,1,100,1
dat1-pair-1276,mock-reco-v1,20260902,1,1,heldout,0,dat1,product-054,cat-fashion-men,shop-06,Wed Jun 24 2026 06:26:00 GMT+0700 (Indochina Time),0,synthetic-preference-rule,0.2,0.1,1,0,0,1,1,0,489,1,9.0654,0,0.8219,0.4686,1,100,1
dat1-pair-1277,mock-reco-v1,20260902,1,1,train,1,dat1,product-093,cat-books,shop-12,Thu Jun 25 2026 03:27:00 GMT+0700 (Indochina Time),1,synthetic-preference-rule,1,0.1,6,1,0,0,1,0,436,0.046,8.9372,0,0.9726,0.8571,1,100,1
dat1-pair-1278,mock-reco-v1,20260902,1,1,train,2,dat1,product-081,cat-mother-baby,shop-11,Fri Jun 26 2026 00:28:00 GMT+0700 (Indochina Time),0,synthetic-preference-rule,0.2,0.1,2,0,0,0,1,0,445,0.017,8.1784,1,0.8877,0.5257,1,100,1
dat1-pair-1279,mock-reco-v1,20260902,1,1,train,3,dat1,product-005,cat-electronics,shop-09,Fri Jun 26 2026 21:29:00 GMT+0700 (Indochina Time),1,synthetic-preference-rule,1,0.1,5,1,0,0,1,0,471,1,8.1014,0,0.5315,0.9143,1,100,1
dat1-pair-1280,mock-reco-v1,20260902,1,1,train,4,dat1,product-119,cat-grocery,shop-12,Sat Jun 27 2026 18:30:00 GMT+0700 (Indochina Time),0,synthetic-preference-rule,0.2,0.1,1,1,0,0,0.9091,0,425,0.345,8.2,0,0.6137,0.5829,1,100,1
dat1-pair-1281,mock-reco-v1,20260902,1,1,heldout,0,dat1,product-024,cat-home,shop-09,Sun Jun 28 2026 07:10:00 GMT+0700 (Indochina Time),1,synthetic-preference-rule,1,0.1,5,1,0,0,0.2364,1,482,1,7.2457,0,0.8959,0.9714,1,100,1
dat1-pair-1282,mock-reco-v1,20260902,1,1,train,1,dat1,product-057,cat-fashion-men,shop-09,Mon Jun 29 2026 10:09:00 GMT+0700 (Indochina Time),0,synthetic-preference-rule,0.2,0.1,2,0,0,0,1,0,422,1,8.6034,0,0.8082,0.44,1,100,1
dat1-pair-1283,mock-reco-v1,20260902,1,1,train,2,dat1,product-070,cat-beauty,shop-03,Wed Jul 01 2026 01:12:00 GMT+0700 (Indochina Time),1,synthetic-preference-rule,0.2,1,5,1,1,0,0.0909,1,488,0.972,8.6739,0,0.9014,0.4686,1,100,1
dat1-pair-1284,mock-reco-v1,20260902,1,1,train,3,dat1,product-085,cat-mother-baby,shop-08,Thu Jul 02 2026 04:11:00 GMT+0700 (Indochina Time),0,synthetic-preference-rule,0.2,0.1,1,1,0,0,0.9818,0,467,0.741,9.2142,0,0.8986,0.4971,1,100,1
dat1-pair-1285,mock-reco-v1,20260902,1,1,train,4,dat1,product-105,cat-pets,shop-01,Thu Jul 02 2026 19:14:00 GMT+0700 (Indochina Time),1,synthetic-preference-rule,0.2,1,5,1,1,0,1,0,446,0.172,9.1074,0,0.6603,0.5257,1,100,1
dat1-pair-1286,mock-reco-v1,20260902,1,1,heldout,0,dat1,product-033,cat-kitchen,shop-07,Fri Jul 03 2026 22:13:00 GMT+0700 (Indochina Time),0,synthetic-preference-rule,0.2,0.1,2,0,0,0,1,0,466,1,9.1429,0,0.989,0.5543,1,100,1
dat1-pair-1287,mock-reco-v1,20260902,1,1,train,1,dat1,product-015,cat-computers,shop-12,Sat Jul 04 2026 13:16:00 GMT+0700 (Indochina Time),1,synthetic-preference-rule,1,0.1,5,1,0,0,1,0,482,1,8.9526,0,0.6712,0.9429,1,100,1
dat1-pair-1288,mock-reco-v1,20260902,1,1,train,2,dat1,product-061,cat-beauty,shop-06,Sun Jul 05 2026 16:15:00 GMT+0700 (Indochina Time),0,synthetic-preference-rule,0.2,0.1,1,1,0,0,1,0,495,1,8.5528,1,0.926,0.6114,1,100,1
dat1-pair-1289,mock-reco-v1,20260902,1,1,train,3,dat1,product-043,cat-fashion-women,shop-10,Mon Jul 06 2026 07:18:00 GMT+0700 (Indochina Time),1,synthetic-preference-rule,0.2,1,5,1,1,1,1,0,461,1,8.9223,0,0.7288,0.44,1,100,1
dat1-pair-1290,mock-reco-v1,20260902,1,1,train,4,dat1,product-089,cat-mother-baby,shop-04,Tue Jul 07 2026 10:17:00 GMT+0700 (Indochina Time),0,synthetic-preference-rule,0.2,0.1,2,0,0,0,1,0,489,0.969,8.4152,1,0.9096,0.4686,1,100,1
dat1-pair-1291,mock-reco-v1,20260902,1,1,heldout,0,dat1,product-094,cat-books,shop-05,Thu Jul 09 2026 03:03:00 GMT+0700 (Indochina Time),1,synthetic-preference-rule,1,0.1,5,1,0,1,0.1091,1,399,1,8.698,0,0.9753,0.8571,1,100,1
dat1-pair-1292,mock-reco-v1,20260902,1,1,train,1,dat1,product-037,cat-kitchen,shop-04,Fri Jul 10 2026 00:04:00 GMT+0700 (Indochina Time),0,synthetic-preference-rule,0.2,0.1,1,1,0,0,1,0,488,1,7.9628,0,0.9781,0.5257,1,100,1
dat1-pair-1293,mock-reco-v1,20260902,1,1,train,2,dat1,product-006,cat-electronics,shop-02,Fri Jul 10 2026 09:01:00 GMT+0700 (Indochina Time),1,synthetic-preference-rule,1,1,5,1,1,1,1,0,382,0.14,8.5007,1,0.5288,0.9143,1,100,1
dat1-pair-1294,mock-reco-v1,20260902,1,1,train,3,dat1,product-064,cat-beauty,shop-09,Sun Jul 12 2026 06:02:00 GMT+0700 (Indochina Time),0,synthetic-preference-rule,0.2,0.1,2,0,0,0,1,0,480,0.362,9.2141,0,0.9288,0.5829,1,100,1
dat1-pair-1295,mock-reco-v1,20260902,1,1,train,4,dat1,product-025,cat-home,shop-03,Sun Jul 12 2026 14:59:00 GMT+0700 (Indochina Time),1,synthetic-preference-rule,1,1,6,1,1,1,1,0,393,1,7.2189,0,0.9041,0.9714,1,100,1
dat1-pair-1296,mock-reco-v1,20260902,1,1,heldout,0,dat1,product-104,cat-pets,shop-08,Mon Jul 13 2026 12:00:00 GMT+0700 (Indochina Time),0,synthetic-preference-rule,0.2,0.1,2,0,0,0,0.4727,1,461,1,9.2725,0,0.6575,0.44,1,100,1
dat1-pair-1297,mock-reco-v1,20260902,1,1,train,1,dat1,product-072,cat-sports,shop-01,Tue Jul 14 2026 20:57:00 GMT+0700 (Indochina Time),1,synthetic-preference-rule,0.2,1,6,1,1,1,0.3273,1,375,1,8.3827,0,0.5151,0.4686,1,100,1
dat1-pair-1298,mock-reco-v1,20260902,1,1,train,2,dat1,product-041,cat-fashion-women,shop-12,Wed Jul 15 2026 17:58:00 GMT+0700 (Indochina Time),0,synthetic-preference-rule,0.2,0.1,2,0,0,1,1,0,409,1,9.2813,1,0.7342,0.4971,1,100,1
dat1-pair-1299,mock-reco-v1,20260902,1,1,train,3,dat1,product-109,cat-pets,shop-10,Fri Jul 17 2026 02:55:00 GMT+0700 (Indochina Time),1,synthetic-preference-rule,0.2,1,6,1,1,1,0.8182,0,380,0.4,8.4007,0,0.6274,0.5257,1,100,1
dat1-pair-1300,mock-reco-v1,20260902,1,1,train,4,dat1,product-068,cat-beauty,shop-05,Fri Jul 17 2026 23:56:00 GMT+0700 (Indochina Time),0,synthetic-preference-rule,0.2,0.1,2,0,0,0,1,0,458,1,8.4149,0,0.9178,0.5543,1,100,1
dat1-pair-1301,mock-reco-v1,20260902,1,1,heldout,0,dat1,product-016,cat-computers,shop-05,Sat Jul 18 2026 13:37:00 GMT+0700 (Indochina Time),1,synthetic-preference-rule,1,0.1,6,1,0,1,1,0,445,0.327,8.7175,1,0.674,0.9429,1,100,1
dat1-pair-1302,mock-reco-v1,20260902,1,1,train,1,dat1,product-108,cat-pets,shop-04,Sun Jul 19 2026 10:38:00 GMT+0700 (Indochina Time),0,synthetic-preference-rule,0.2,0.1,1,0,0,1,0.0364,1,483,0.229,8.3345,0,0.6685,0.6114,1,100,1
dat1-pair-1303,mock-reco-v1,20260902,1,1,train,2,dat1,product-044,cat-fashion-women,shop-03,Mon Jul 20 2026 07:39:00 GMT+0700 (Indochina Time),1,synthetic-preference-rule,0.2,1,6,1,1,1,1,0,372,1,9.1178,0,0.726,0.44,1,100,1
dat1-pair-1304,mock-reco-v1,20260902,1,1,train,3,dat1,product-047,cat-fashion-women,shop-06,Wed Jul 22 2026 04:40:00 GMT+0700 (Indochina Time),0,synthetic-preference-rule,0.2,0.1,2,0,0,0,1,0,439,0.363,6.9285,0,0.7178,0.4686,1,100,1
dat1-pair-1305,mock-reco-v1,20260902,1,1,train,4,dat1,product-095,cat-books,shop-10,Thu Jul 23 2026 01:41:00 GMT+0700 (Indochina Time),1,synthetic-preference-rule,1,1,5,1,1,1,1,0,466,1,9.1999,0,0.9781,0.8571,1,100,1
dat1-pair-1306,mock-reco-v1,20260902,1,1,heldout,0,dat1,product-074,cat-sports,shop-12,Thu Jul 23 2026 22:42:00 GMT+0700 (Indochina Time),0,synthetic-preference-rule,0.2,0.1,1,1,0,0,1,0,427,1,7.0326,0,0.5096,0.5257,1,100,1
dat1-pair-1307,mock-reco-v1,20260902,1,1,train,1,dat1,product-007,cat-electronics,shop-07,Fri Jul 24 2026 19:43:00 GMT+0700 (Indochina Time),1,synthetic-preference-rule,1,0.1,5,1,0,0,1,0,419,0.197,4.1109,0,0.537,0.9143,1,100,1
dat1-pair-1308,mock-reco-v1,20260902,1,1,train,2,dat1,product-114,cat-grocery,shop-11,Sat Jul 25 2026 16:44:00 GMT+0700 (Indochina Time),0,synthetic-preference-rule,0.2,0.1,2,0,0,0,0.3818,1,470,1,8.9288,0,0.6274,0.5829,1,100,1
dat1-pair-1309,mock-reco-v1,20260902,1,1,train,3,dat1,product-026,cat-home,shop-08,Sun Jul 26 2026 13:45:00 GMT+0700 (Indochina Time),1,synthetic-preference-rule,1,0.1,5,1,0,0,1,0,430,1,8.001,1,0.9014,0.9714,1,100,1
dat1-pair-1310,mock-reco-v1,20260902,1,1,train,4,dat1,product-052,cat-fashion-men,shop-08,Mon Jul 27 2026 10:46:00 GMT+0700 (Indochina Time),0,synthetic-preference-rule,0.2,0.1,1,1,0,0,1,0,415,0.335,8.5966,0,0.8164,0.44,0,100,1
dat1-pair-1311,mock-reco-v1,20260902,1,1,heldout,0,dat1,product-076,cat-sports,shop-10,Tue Jul 28 2026 16:08:00 GMT+0700 (Indochina Time),1,synthetic-preference-rule,0.2,1,5,1,1,0,0.7636,0,479,0.277,9.2916,1,0.526,0.4686,1,100,1
dat1-pair-1312,mock-reco-v1,20260902,1,1,train,1,dat1,product-080,cat-sports,shop-06,Wed Jul 29 2026 19:07:00 GMT+0700 (Indochina Time),0,synthetic-preference-rule,0.2,0.1,2,0,0,0,1,0,457,0.505,8.1371,0,0.9863,0.4971,1,100,1
dat1-pair-1313,mock-reco-v1,20260902,1,1,train,2,dat1,product-110,cat-pets,shop-03,Thu Jul 30 2026 22:06:00 GMT+0700 (Indochina Time),1,synthetic-preference-rule,0.2,1,5,1,1,0,1,0,469,1,7.9484,0,0.6301,0.5257,1,100,1
dat1-pair-1314,mock-reco-v1,20260902,1,1,train,3,dat1,product-118,cat-grocery,shop-07,Sat Aug 01 2026 01:05:00 GMT+0700 (Indochina Time),0,synthetic-preference-rule,0.2,0.1,1,1,0,0,0.0545,1,448,0.06,6.9754,0,0.6384,0.5543,1,100,1
dat1-pair-1315,mock-reco-v1,20260902,1,1,train,4,dat1,product-017,cat-computers,shop-10,Sun Aug 02 2026 04:12:00 GMT+0700 (Indochina Time),1,synthetic-preference-rule,1,1,5,1,1,1,1,0,430,1,9.3026,0,0.6767,0.9429,1,100,1
dat1-pair-1316,mock-reco-v1,20260902,1,1,heldout,0,dat1,product-056,cat-fashion-men,shop-04,Sun Aug 02 2026 07:11:00 GMT+0700 (Indochina Time),0,synthetic-preference-rule,0.2,0.1,2,0,0,0,1,0,437,1,9.3834,1,0.8055,0.6114,1,100,1
dat1-pair-1317,mock-reco-v1,20260902,1,1,train,1,dat1,product-046,cat-fashion-women,shop-01,Mon Aug 03 2026 10:10:00 GMT+0700 (Indochina Time),1,synthetic-preference-rule,0.2,1,5,1,1,1,1,0,424,1,8.679,1,0.7205,0.44,1,100,1
dat1-pair-1318,mock-reco-v1,20260902,1,1,train,2,dat1,product-083,cat-mother-baby,shop-09,Tue Aug 04 2026 13:09:00 GMT+0700 (Indochina Time),0,synthetic-preference-rule,0.2,0.1,1,1,0,0,1,0,371,1,5.7838,0,0.8822,0.4686,1,100,1
dat1-pair-1319,mock-reco-v1,20260902,1,1,train,3,dat1,product-096,cat-books,shop-03,Wed Aug 05 2026 16:16:00 GMT+0700 (Indochina Time),1,synthetic-preference-rule,1,1,5,1,1,1,1,0,429,1,9.0212,1,0.9808,0.8571,1,100,1
dat1-pair-1320,mock-reco-v1,20260902,1,1,train,4,dat1,product-031,cat-kitchen,shop-09,Thu Aug 06 2026 19:15:00 GMT+0700 (Indochina Time),0,synthetic-preference-rule,0.2,0.1,2,0,0,0,0.6364,0,414,0.594,6.3733,1,0.9945,0.5257,1,100,1
dat1-pair-1321,mock-reco-v1,20260902,1,1,heldout,0,dat1,product-008,cat-electronics,shop-12,Sat Aug 08 2026 02:43:00 GMT+0700 (Indochina Time),1,synthetic-preference-rule,1,0.1,5,1,0,1,0.8909,0,456,0.978,7.4265,0,0.5342,0.9143,1,100,1
dat1-pair-1322,mock-reco-v1,20260902,1,1,train,1,dat1,product-060,cat-fashion-men,shop-12,Sat Aug 08 2026 23:44:00 GMT+0700 (Indochina Time),0,synthetic-preference-rule,0.2,0.1,1,1,0,0,1,0,371,1,8.8635,0,0.8384,0.5829,1,100,1
dat1-pair-1323,mock-reco-v1,20260902,1,1,train,2,dat1,product-027,cat-home,shop-01,Sun Aug 09 2026 08:41:00 GMT+0700 (Indochina Time),1,synthetic-preference-rule,1,1,5,1,1,1,1,0,467,1,8.5768,0,0.9096,0.9714,1,100,1
dat1-pair-1324,mock-reco-v1,20260902,1,1,train,3,dat1,product-088,cat-mother-baby,shop-11,Tue Aug 11 2026 05:42:00 GMT+0700 (Indochina Time),0,synthetic-preference-rule,0.2,0.1,2,0,0,1,1,0,430,0.684,9.0384,0,0.8904,0.44,1,100,1
dat1-pair-1325,mock-reco-v1,20260902,1,1,train,4,dat1,product-077,cat-sports,shop-03,Tue Aug 11 2026 14:47:00 GMT+0700 (Indochina Time),1,synthetic-preference-rule,0.2,1,5,1,1,1,1,0,442,0.22,9.13,0,0.5178,0.4686,1,100,1
dat1-pair-1326,mock-reco-v1,20260902,1,1,heldout,0,dat1,product-035,cat-kitchen,shop-05,Wed Aug 12 2026 11:48:00 GMT+0700 (Indochina Time),0,synthetic-preference-rule,0.2,0.1,2,0,0,0,1,0,436,1,8.7177,0,0.9836,0.4971,0,100,1
dat1-pair-1327,mock-reco-v1,20260902,1,1,train,1,dat1,product-112,cat-grocery,shop-01,Thu Aug 13 2026 20:45:00 GMT+0700 (Indochina Time),1,synthetic-preference-rule,0.2,1,5,1,1,1,1,0,418,0.174,8.3682,0,0.6329,0.5257,1,100,1
dat1-pair-1328,mock-reco-v1,20260902,1,1,train,2,dat1,product-063,cat-beauty,shop-04,Fri Aug 14 2026 17:46:00 GMT+0700 (Indochina Time),0,synthetic-preference-rule,0.2,0.1,1,0,0,1,1,0,443,1,9.0382,0,0.9315,0.5543,1,100,1
dat1-pair-1329,mock-reco-v1,20260902,1,1,train,3,dat1,product-018,cat-computers,shop-03,Sun Aug 16 2026 02:35:00 GMT+0700 (Indochina Time),1,synthetic-preference-rule,1,1,5,1,1,1,1,0,393,1,9.1428,0,0.6795,0.9429,0,100,1
dat1-pair-1330,mock-reco-v1,20260902,1,1,train,4,dat1,product-101,cat-pets,shop-05,Sun Aug 16 2026 23:36:00 GMT+0700 (Indochina Time),0,synthetic-preference-rule,0.2,0.1,2,0,0,0,1,0,424,1,8.1599,1,0.6493,0.6114,1,100,1
dat1-pair-1331,mock-reco-v1,20260902,1,1,heldout,0,dat1,product-050,cat-fashion-women,shop-10,Tue Aug 18 2026 05:14:00 GMT+0700 (Indochina Time),1,synthetic-preference-rule,0.2,1,4,1,1,1,1,0,490,1,9.3415,0,0.7534,0.44,1,100,1
dat1-pair-1332,mock-reco-v1,20260902,1,1,train,1,dat1,product-040,cat-kitchen,shop-07,Tue Aug 18 2026 08:13:00 GMT+0700 (Indochina Time),0,synthetic-preference-rule,0.2,0.1,1,1,0,0,1,0,421,0.765,9.3859,0,0.9753,0.4686,1,100,1
dat1-pair-1333,mock-reco-v1,20260902,1,1,train,2,dat1,product-097,cat-books,shop-09,Wed Aug 19 2026 23:16:00 GMT+0700 (Indochina Time),1,synthetic-preference-rule,1,0.1,4,1,0,0,1,0,414,0.77,7.0335,0,0.9836,0.8571,1,100,1
dat1-pair-1334,mock-reco-v1,20260902,1,1,train,3,dat1,product-067,cat-beauty,shop-12,Fri Aug 21 2026 02:15:00 GMT+0700 (Indochina Time),0,synthetic-preference-rule,0.2,0.1,2,0,0,0,1,0,421,1,7.9707,1,0.9205,0.5257,1,100,1
dat1-pair-1335,mock-reco-v1,20260902,1,1,train,4,dat1,product-009,cat-electronics,shop-05,Fri Aug 21 2026 17:10:00 GMT+0700 (Indochina Time),1,synthetic-preference-rule,1,0.1,4,1,0,0,1,0,405,1,9.0851,0,0.9918,0.9143,1,100,1
dat1-pair-1336,mock-reco-v1,20260902,1,1,heldout,0,dat1,product-107,cat-pets,shop-11,Sat Aug 22 2026 20:09:00 GMT+0700 (Indochina Time),0,synthetic-preference-rule,0.2,0.1,1,1,0,0,1,0,394,1,8.6629,0,0.6658,0.5829,1,100,1
dat1-pair-1337,mock-reco-v1,20260902,1,1,train,1,dat1,product-028,cat-home,shop-06,Sun Aug 23 2026 11:12:00 GMT+0700 (Indochina Time),1,synthetic-preference-rule,1,0.1,4,1,0,0,0.2,1,378,0.482,8.843,0,0.9068,0.9714,1,100,1
dat1-pair-1338,mock-reco-v1,20260902,1,1,train,2,dat1,product-045,cat-fashion-women,shop-08,Mon Aug 24 2026 14:11:00 GMT+0700 (Indochina Time),0,synthetic-preference-rule,0.2,0.1,2,0,0,0,0.5455,0,387,1,8.3568,1,0.7233,0.44,1,100,1
dat1-pair-1339,mock-reco-v1,20260902,1,1,train,3,dat1,product-079,cat-sports,shop-01,Wed Aug 26 2026 05:06:00 GMT+0700 (Indochina Time),1,synthetic-preference-rule,0.2,1,4,1,1,0,1,0,494,1,8.5248,0,0.9836,0.4686,1,100,1
dat1-pair-1340,mock-reco-v1,20260902,1,1,train,4,dat1,product-073,cat-sports,shop-07,Wed Aug 26 2026 08:05:00 GMT+0700 (Indochina Time),0,synthetic-preference-rule,0.2,0.1,1,1,0,0,1,0,464,1,7.9201,0,1,0.4971,1,100,1
dat1-pair-1341,mock-reco-v1,20260902,1,1,heldout,0,dat1,product-117,cat-grocery,shop-02,Fri Aug 28 2026 01:49:00 GMT+0700 (Indochina Time),1,synthetic-preference-rule,0.2,1,4,1,1,1,1,0,411,1,9.3458,0,0.6411,0.5257,1,100,1
dat1-pair-1342,mock-reco-v1,20260902,1,1,train,1,dat1,product-113,cat-grocery,shop-06,Fri Aug 28 2026 22:50:00 GMT+0700 (Indochina Time),0,synthetic-preference-rule,0.2,0.1,2,0,0,0,1,0,433,0.955,8.6873,0,0.6301,0.5543,1,100,1
dat1-pair-1343,mock-reco-v1,20260902,1,1,train,2,dat1,product-019,cat-computers,shop-08,Sat Aug 29 2026 19:51:00 GMT+0700 (Indochina Time),1,synthetic-preference-rule,1,0.1,4,1,0,1,1,0,460,1,7.1325,0,0.6384,0.9429,1,100,1
dat1-pair-1344,mock-reco-v1,20260902,1,1,train,3,dat1,product-049,cat-fashion-women,shop-05,Mon Jun 01 2026 16:52:00 GMT+0700 (Indochina Time),0,synthetic-preference-rule,0.2,0.1,1,1,0,0,1,0,453,0.477,9.1884,0,0.7562,0.6114,1,100,1
dat1-pair-1345,mock-reco-v1,20260902,1,1,train,4,dat1,product-051,cat-fashion-men,shop-03,Tue Jun 02 2026 13:45:00 GMT+0700 (Indochina Time),1,synthetic-preference-rule,0.2,1,4,1,1,1,0.3455,1,452,1,8.8582,1,0.8137,0.44,1,100,1
dat1-pair-1346,mock-reco-v1,20260902,1,1,heldout,0,dat1,product-078,cat-sports,shop-08,Wed Jun 03 2026 10:46:00 GMT+0700 (Indochina Time),0,synthetic-preference-rule,0.2,0.1,2,0,0,0,1,0,405,1,8.9371,1,0.5205,0.4686,1,100,1
dat1-pair-1347,mock-reco-v1,20260902,1,1,train,1,dat1,product-098,cat-books,shop-02,Thu Jun 04 2026 07:47:00 GMT+0700 (Indochina Time),1,synthetic-preference-rule,1,1,4,1,1,1,0.5455,0,377,1,9.3514,0,0.9863,0.8571,1,100,1
dat1-pair-1348,mock-reco-v1,20260902,1,1,train,2,dat1,product-116,cat-grocery,shop-09,Sat Jun 06 2026 04:48:00 GMT+0700 (Indochina Time),0,synthetic-preference-rule,0.2,0.1,1,1,0,0,1,0,396,0.898,9.1934,1,0.6438,0.5257,1,100,1
dat1-pair-1349,mock-reco-v1,20260902,1,1,train,3,dat1,product-010,cat-electronics,shop-10,Sun Jun 07 2026 01:41:00 GMT+0700 (Indochina Time),1,synthetic-preference-rule,1,1,5,1,1,1,1,0,442,0.368,9.2536,0,0.989,0.9143,1,100,1
dat1-pair-1350,mock-reco-v1,20260902,1,1,train,4,dat1,product-055,cat-fashion-men,shop-11,Sun Jun 07 2026 22:42:00 GMT+0700 (Indochina Time),0,synthetic-preference-rule,0.2,0.1,2,0,0,1,0.0909,1,474,0.392,7.7017,0,0.8027,0.5829,1,100,1
dat1-pair-1351,mock-reco-v1,20260902,1,1,heldout,0,dat1,product-029,cat-home,shop-11,Tue Jun 09 2026 04:20:00 GMT+0700 (Indochina Time),1,synthetic-preference-rule,1,0.1,5,1,0,1,1,0,415,1,9.1587,0,0.9151,0.9714,1,100,1
dat1-pair-1352,mock-reco-v1,20260902,1,1,train,1,dat1,product-082,cat-mother-baby,shop-04,Tue Jun 09 2026 07:19:00 GMT+0700 (Indochina Time),0,synthetic-preference-rule,0.2,0.1,2,0,0,0,1,0,482,0.798,8.5529,0,0.8849,0.44,1,100,1
dat1-pair-1353,mock-reco-v1,20260902,1,1,train,2,dat1,product-084,cat-mother-baby,shop-02,Wed Jun 10 2026 10:18:00 GMT+0700 (Indochina Time),1,synthetic-preference-rule,0.2,1,5,1,1,1,0.7455,0,408,1,7.5725,0,0.8795,0.4686,1,100,1
dat1-pair-1354,mock-reco-v1,20260902,1,1,train,3,dat1,product-120,cat-grocery,shop-05,Thu Jun 11 2026 13:17:00 GMT+0700 (Indochina Time),0,synthetic-preference-rule,0.2,0.1,1,0,0,1,1,0,462,1,8.5679,0,0.611,0.4971,0,100,1
dat1-pair-1355,mock-reco-v1,20260902,1,1,train,4,dat1,product-001,cat-electronics,shop-01,Fri Jun 12 2026 16:16:00 GMT+0700 (Indochina Time),1,synthetic-preference-rule,1,1,5,1,1,1,1,0,449,1,9.1876,1,0.5205,0.8857,0,100,1
dat1-pair-1356,mock-reco-v1,20260902,1,1,heldout,0,dat1,product-059,cat-fashion-men,shop-07,Sat Jun 13 2026 19:15:00 GMT+0700 (Indochina Time),0,synthetic-preference-rule,0.2,0.1,2,0,0,0,1,0,408,1,9.0697,0,0.8356,0.5543,1,100,1
dat1-pair-1357,mock-reco-v1,20260902,1,1,train,1,dat1,product-020,cat-computers,shop-01,Sun Jun 14 2026 22:14:00 GMT+0700 (Indochina Time),1,synthetic-preference-rule,1,1,5,1,1,1,1,0,423,1,9.3616,0,0.6411,0.9429,1,100,1
dat1-pair-1358,mock-reco-v1,20260902,1,1,train,2,dat1,product-087,cat-mother-baby,shop-06,Tue Jun 16 2026 01:13:00 GMT+0700 (Indochina Time),0,synthetic-preference-rule,0.2,0.1,1,0,0,1,1,0,393,1,8.8248,0,0.8932,0.6114,1,100,1
dat1-pair-1359,mock-reco-v1,20260902,1,1,train,3,dat1,product-053,cat-fashion-men,shop-01,Wed Jun 17 2026 04:12:00 GMT+0700 (Indochina Time),1,synthetic-preference-rule,0.2,1,5,1,1,0,1,0,400,1,9.237,0,0.8192,0.44,1,100,1
dat1-pair-1360,mock-reco-v1,20260902,1,1,train,4,dat1,product-034,cat-kitchen,shop-12,Wed Jun 17 2026 07:11:00 GMT+0700 (Indochina Time),0,synthetic-preference-rule,0.2,0.1,2,0,0,0,1,0,429,1,8.9527,1,0.9918,0.4686,1,100,1
dat1-pair-1361,mock-reco-v1,20260902,1,1,heldout,0,dat1,product-099,cat-books,shop-07,Thu Jun 18 2026 18:39:00 GMT+0700 (Indochina Time),1,synthetic-preference-rule,1,0.1,5,1,0,0,0.7818,0,406,0.16,8.58,0,0.989,0.8571,1,100,1
dat1-pair-1362,mock-reco-v1,20260902,1,1,train,1,dat1,product-062,cat-beauty,shop-11,Fri Jun 19 2026 15:40:00 GMT+0700 (Indochina Time),0,synthetic-preference-rule,0.2,0.1,1,1,0,0,0.9636,0,406,1,8.8247,0,0.9233,0.5257,1,100,1
dat1-pair-1363,mock-reco-v1,20260902,1,1,train,2,dat1,product-011,cat-computers,shop-03,Sun Jun 21 2026 00:37:00 GMT+0700 (Indochina Time),1,synthetic-preference-rule,1,1,5,1,1,0,1,0,378,0.384,7.698,1,0.6603,0.9143,1,100,1
dat1-pair-1364,mock-reco-v1,20260902,1,1,train,3,dat1,product-090,cat-mother-baby,shop-09,Sun Jun 21 2026 21:38:00 GMT+0700 (Indochina Time),0,synthetic-preference-rule,0.2,0.1,2,0,0,0,1,0,400,1,8.7216,0,0.9068,0.5829,1,100,1
dat1-pair-1365,mock-reco-v1,20260902,1,1,train,4,dat1,product-030,cat-home,shop-04,Tue Jun 23 2026 06:35:00 GMT+0700 (Indochina Time),1,synthetic-preference-rule,1,0.1,5,1,0,0,1,0,452,1,9.3161,0,0.9123,0.9714,1,100,1
dat1-pair-1366,mock-reco-v1,20260902,1,1,heldout,0,dat1,product-038,cat-kitchen,shop-09,Wed Jun 24 2026 03:36:00 GMT+0700 (Indochina Time),0,synthetic-preference-rule,0.2,0.1,1,1,0,0,1,0,451,0.651,7.1333,0,0.9808,0.44,1,100,1
dat1-pair-1367,mock-reco-v1,20260902,1,1,train,1,dat1,product-086,cat-mother-baby,shop-01,Wed Jun 24 2026 12:33:00 GMT+0700 (Indochina Time),1,synthetic-preference-rule,0.2,1,5,0,1,1,1,0,378,1,9.3637,1,0.8959,0.4686,0,100,1
dat1-pair-1368,mock-reco-v1,20260902,1,1,train,2,dat1,product-066,cat-beauty,shop-07,Thu Jun 25 2026 09:34:00 GMT+0700 (Indochina Time),0,synthetic-preference-rule,0.2,0.1,2,0,0,0,0.5273,0,384,1,7.1515,1,0.9123,0.4971,1,100,1
dat1-pair-1369,mock-reco-v1,20260902,1,1,train,3,dat1,product-002,cat-electronics,shop-06,Fri Jun 26 2026 18:47:00 GMT+0700 (Indochina Time),1,synthetic-preference-rule,1,0.1,5,0,0,1,1,0,486,1,9.3408,0,0.5178,0.8857,1,100,1
dat1-pair-1370,mock-reco-v1,20260902,1,1,train,4,dat1,product-106,cat-pets,shop-06,Sat Jun 27 2026 15:48:00 GMT+0700 (Indochina Time),0,synthetic-preference-rule,0.2,0.1,1,1,0,0,1,0,409,1,8.9096,1,0.663,0.5543,1,100,1
dat1-pair-1371,mock-reco-v1,20260902,1,1,heldout,0,dat1,product-021,cat-home,shop-06,Sun Jun 28 2026 23:18:00 GMT+0700 (Indochina Time),1,synthetic-preference-rule,1,0.1,5,0,0,1,1,0,371,0.539,9.0531,1,0.8932,0.9429,1,100,1
dat1-pair-1372,mock-reco-v1,20260902,1,1,train,1,dat1,product-042,cat-fashion-women,shop-05,Tue Jun 30 2026 02:17:00 GMT+0700 (Indochina Time),0,synthetic-preference-rule,0.2,0.1,2,0,0,0,1,0,446,0.306,5.8693,0,0.7315,0.6114,1,100,1
dat1-pair-1373,mock-reco-v1,20260902,1,1,train,2,dat1,product-058,cat-fashion-men,shop-02,Tue Jun 30 2026 17:20:00 GMT+0700 (Indochina Time),1,synthetic-preference-rule,0.2,1,5,0,1,1,1,0,385,0.449,8.2509,0,0.811,0.44,1,100,1
dat1-pair-1374,mock-reco-v1,20260902,1,1,train,3,dat1,product-071,cat-sports,shop-08,Wed Jul 01 2026 20:19:00 GMT+0700 (Indochina Time),0,synthetic-preference-rule,0.2,0.1,1,1,0,0,1,0,412,0.334,8.6978,1,0.5123,0.4686,1,100,1
dat1-pair-1375,mock-reco-v1,20260902,1,1,train,4,dat1,product-100,cat-books,shop-12,Thu Jul 02 2026 11:22:00 GMT+0700 (Indochina Time),1,synthetic-preference-rule,1,0.1,6,0,0,1,1,0,495,1,8.2174,1,0.9918,0.8571,1,100,1
dat1-pair-1376,mock-reco-v1,20260902,1,1,heldout,0,dat1,product-111,cat-grocery,shop-08,Fri Jul 03 2026 14:21:00 GMT+0700 (Indochina Time),0,synthetic-preference-rule,0.2,0.1,2,0,0,0,1,0,381,1,7.8969,1,0.6356,0.5257,1,100,1
dat1-pair-1377,mock-reco-v1,20260902,1,1,train,1,dat1,product-012,cat-computers,shop-08,Sun Jul 05 2026 05:24:00 GMT+0700 (Indochina Time),1,synthetic-preference-rule,1,0.1,6,0,0,1,0.6545,0,467,1,6.3716,1,0.663,0.9143,1,100,1
dat1-pair-1378,mock-reco-v1,20260902,1,1,train,2,dat1,product-048,cat-fashion-women,shop-11,Sun Jul 05 2026 08:23:00 GMT+0700 (Indochina Time),0,synthetic-preference-rule,0.2,0.1,2,0,0,0,1,0,476,1,7.8785,0,0.7151,0.5829,1,100,1
dat1-pair-1379,mock-reco-v1,20260902,1,1,train,3,dat1,product-032,cat-kitchen,shop-02,Mon Jul 06 2026 23:10:00 GMT+0700 (Indochina Time),1,synthetic-preference-rule,0.2,1,6,0,1,1,1,0,377,1,9.3026,0,0.9973,0.6114,1,100,1
dat1-pair-1380,mock-reco-v1,20260902,1,1,train,4,dat1,product-075,cat-sports,shop-05,Wed Jul 08 2026 02:09:00 GMT+0700 (Indochina Time),0,synthetic-preference-rule,0.2,0.1,1,0,0,1,1,0,390,1,6.1442,0,0.5233,0.44,1,100,1
dat1-pair-1381,mock-reco-v1,20260902,1,1,heldout,0,dat1,product-091,cat-books,shop-02,Thu Jul 09 2026 03:37:00 GMT+0700 (Indochina Time),1,synthetic-preference-rule,1,1,6,0,1,1,1,0,488,1,8.383,1,0.9671,0.8286,1,100,1
dat1-pair-1382,mock-reco-v1,20260902,1,1,train,1,dat1,product-115,cat-grocery,shop-04,Fri Jul 10 2026 00:38:00 GMT+0700 (Indochina Time),0,synthetic-preference-rule,0.2,0.1,2,0,0,0,1,0,485,0.117,9.0135,0,0.6466,0.4971,1,100,1
dat1-pair-1383,mock-reco-v1,20260902,1,1,train,2,dat1,product-003,cat-electronics,shop-11,Fri Jul 10 2026 21:39:00 GMT+0700 (Indochina Time),1,synthetic-preference-rule,1,0.1,6,0,0,1,0.8364,0,397,1,8.7852,0,0.526,0.8857,1,100,1
dat1-pair-1384,mock-reco-v1,20260902,1,1,train,3,dat1,product-054,cat-fashion-men,shop-06,Sat Jul 11 2026 18:40:00 GMT+0700 (Indochina Time),0,synthetic-preference-rule,0.2,0.1,1,0,0,1,1,0,489,1,9.0654,0,0.8219,0.5543,1,100,1
dat1-pair-1385,mock-reco-v1,20260902,1,1,train,4,dat1,product-022,cat-home,shop-11,Sun Jul 12 2026 15:41:00 GMT+0700 (Indochina Time),1,synthetic-preference-rule,1,0.1,5,1,0,0,1,0,408,1,9.2266,0,0.8904,0.9429,1,100,1
dat1-pair-1386,mock-reco-v1,20260902,1,1,heldout,0,dat1,product-081,cat-mother-baby,shop-11,Mon Jul 13 2026 12:42:00 GMT+0700 (Indochina Time),0,synthetic-preference-rule,0.2,0.1,2,0,0,0,1,0,445,0.017,8.1784,1,0.8877,0.6114,1,100,1
dat1-pair-1387,mock-reco-v1,20260902,1,1,train,1,dat1,product-065,cat-beauty,shop-02,Tue Jul 14 2026 09:43:00 GMT+0700 (Indochina Time),1,synthetic-preference-rule,0.2,1,5,1,1,0,1,0,473,0.419,9.3637,0,0.9151,0.44,1,100,1
dat1-pair-1388,mock-reco-v1,20260902,1,1,train,2,dat1,product-119,cat-grocery,shop-12,Thu Jul 16 2026 06:44:00 GMT+0700 (Indochina Time),0,synthetic-preference-rule,0.2,0.1,1,1,0,0,0.9091,0,425,0.345,8.2,0,0.6137,0.4686,1,100,1
dat1-pair-1389,mock-reco-v1,20260902,1,1,train,3,dat1,product-102,cat-pets,shop-10,Fri Jul 17 2026 03:29:00 GMT+0700 (Indochina Time),1,synthetic-preference-rule,0.2,1,5,1,1,0,1,0,387,1,7.5385,0,0.6521,0.4971,1,100,1
dat1-pair-1390,mock-reco-v1,20260902,1,1,train,4,dat1,product-057,cat-fashion-men,shop-09,Sat Jul 18 2026 00:30:00 GMT+0700 (Indochina Time),0,synthetic-preference-rule,0.2,0.1,2,0,0,0,1,0,422,1,8.6034,0,0.8082,0.5257,1,100,1
dat1-pair-1391,mock-reco-v1,20260902,1,1,heldout,0,dat1,product-013,cat-computers,shop-02,Sat Jul 18 2026 12:32:00 GMT+0700 (Indochina Time),1,synthetic-preference-rule,1,1,5,1,1,0,1,0,452,1,8.6019,0,0.6658,0.9143,1,100,1
dat1-pair-1392,mock-reco-v1,20260902,1,1,train,1,dat1,product-085,cat-mother-baby,shop-08,Sun Jul 19 2026 15:31:00 GMT+0700 (Indochina Time),0,synthetic-preference-rule,0.2,0.1,1,1,0,0,0.9818,0,467,0.741,9.2142,0,0.8986,0.5829,1,100,1
dat1-pair-1393,mock-reco-v1,20260902,1,1,train,2,dat1,product-036,cat-kitchen,shop-10,Mon Jul 20 2026 18:30:00 GMT+0700 (Indochina Time),1,synthetic-preference-rule,0.2,1,5,1,1,0,1,0,399,1,8.4098,1,0.9863,0.6114,1,100,1
dat1-pair-1394,mock-reco-v1,20260902,1,1,train,3,dat1,product-033,cat-kitchen,shop-07,Tue Jul 21 2026 21:29:00 GMT+0700 (Indochina Time),0,synthetic-preference-rule,0.2,0.1,2,0,0,0,1,0,466,1,9.1429,0,0.989,0.44,1,100,1
dat1-pair-1395,mock-reco-v1,20260902,1,1,train,4,dat1,product-092,cat-books,shop-07,Thu Jul 23 2026 00:36:00 GMT+0700 (Indochina Time),1,synthetic-preference-rule,1,0.1,5,1,0,0,1,0,451,0.827,7.9204,0,0.9699,0.8286,1,100,1
dat1-pair-1396,mock-reco-v1,20260902,1,1,heldout,0,dat1,product-061,cat-beauty,shop-06,Fri Jul 24 2026 03:35:00 GMT+0700 (Indochina Time),0,synthetic-preference-rule,0.2,0.1,1,1,0,0,1,0,495,1,8.5528,1,0.926,0.4971,1,100,1
dat1-pair-1397,mock-reco-v1,20260902,1,1,train,1,dat1,product-004,cat-electronics,shop-04,Sat Jul 25 2026 06:34:00 GMT+0700 (Indochina Time),1,synthetic-preference-rule,1,0.1,5,1,0,0,1,0,434,0.254,9.0065,0,0.5233,0.8857,1,100,1
dat1-pair-1398,mock-reco-v1,20260902,1,1,train,2,dat1,product-089,cat-mother-baby,shop-04,Sat Jul 25 2026 09:33:00 GMT+0700 (Indochina Time),0,synthetic-preference-rule,0.2,0.1,2,0,0,0,1,0,489,0.969,8.4152,1,0.9096,0.5543,1,100,1
dat1-pair-1399,mock-reco-v1,20260902,1,1,train,3,dat1,product-023,cat-home,shop-04,Sun Jul 26 2026 12:24:00 GMT+0700 (Indochina Time),1,synthetic-preference-rule,1,0.1,5,1,0,0,1,0,445,1,9.3744,1,0.8986,0.9429,1,100,1
dat1-pair-1400,mock-reco-v1,20260902,1,1,train,4,dat1,product-037,cat-kitchen,shop-04,Mon Jul 27 2026 15:23:00 GMT+0700 (Indochina Time),0,synthetic-preference-rule,0.2,0.1,1,1,0,0,1,0,488,1,7.9628,0,0.9781,0.6114,1,100,1
dat1-pair-1401,mock-reco-v1,20260902,1,1,heldout,0,dat1,product-069,cat-beauty,shop-10,Wed Jul 29 2026 05:24:00 GMT+0700 (Indochina Time),1,synthetic-preference-rule,0.2,1,6,1,1,0,1,0,451,0.191,8.3497,0,0.9041,0.44,0,100,1
dat1-pair-1402,mock-reco-v1,20260902,1,1,train,1,dat1,product-064,cat-beauty,shop-09,Wed Jul 29 2026 08:23:00 GMT+0700 (Indochina Time),0,synthetic-preference-rule,0.2,0.1,2,0,0,0,1,0,480,0.362,9.2141,0,0.9288,0.4686,1,100,1
dat1-pair-1403,mock-reco-v1,20260902,1,1,train,2,dat1,product-103,cat-pets,shop-03,Thu Jul 30 2026 11:22:00 GMT+0700 (Indochina Time),1,synthetic-preference-rule,0.2,1,6,1,1,0,1,0,372,0.286,5.5607,0,0.6548,0.4971,0,100,1
dat1-pair-1404,mock-reco-v1,20260902,1,1,train,3,dat1,product-104,cat-pets,shop-08,Fri Jul 31 2026 14:21:00 GMT+0700 (Indochina Time),0,synthetic-preference-rule,0.2,0.1,2,0,0,0,0.4727,1,461,1,9.2725,0,0.6575,0.5257,1,100,1
dat1-pair-1405,mock-reco-v1,20260902,1,1,train,4,dat1,product-014,cat-computers,shop-07,Sat Aug 01 2026 17:20:00 GMT+0700 (Indochina Time),1,synthetic-preference-rule,1,0.1,6,1,0,0,1,0,415,0.441,8.2488,0,0.6685,0.9143,1,100,1
dat1-pair-1406,mock-reco-v1,20260902,1,1,heldout,0,dat1,product-041,cat-fashion-women,shop-12,Sun Aug 02 2026 20:19:00 GMT+0700 (Indochina Time),0,synthetic-preference-rule,0.2,0.1,2,0,0,1,1,0,409,1,9.2813,1,0.7342,0.5829,1,100,1
dat1-pair-1407,mock-reco-v1,20260902,1,1,train,1,dat1,product-039,cat-kitchen,shop-02,Mon Aug 03 2026 23:18:00 GMT+0700 (Indochina Time),1,synthetic-preference-rule,0.2,1,6,1,1,0,1,0,458,1,7.3382,0,0.9726,0.6114,1,100,1
dat1-pair-1408,mock-reco-v1,20260902,1,1,train,2,dat1,product-068,cat-beauty,shop-05,Wed Aug 05 2026 02:17:00 GMT+0700 (Indochina Time),0,synthetic-preference-rule,0.2,0.1,2,0,0,0,1,0,458,1,8.4149,0,0.9178,0.44,1,100,1
dat1-pair-1409,mock-reco-v1,20260902,1,1,train,3,dat1,product-093,cat-books,shop-12,Thu Aug 06 2026 05:16:00 GMT+0700 (Indochina Time),1,synthetic-preference-rule,1,0.1,6,1,0,0,1,0,436,0.046,8.9372,0,0.9726,0.8286,1,100,1
dat1-pair-1410,mock-reco-v1,20260902,1,1,train,4,dat1,product-108,cat-pets,shop-04,Thu Aug 06 2026 08:15:00 GMT+0700 (Indochina Time),0,synthetic-preference-rule,0.2,0.1,1,0,0,1,0.0364,1,483,0.229,8.3345,0,0.6685,0.4971,1,100,1
dat1-pair-1411,mock-reco-v1,20260902,1,1,heldout,0,dat1,product-005,cat-electronics,shop-09,Sat Aug 08 2026 02:53:00 GMT+0700 (Indochina Time),1,synthetic-preference-rule,1,0.1,5,1,0,0,1,0,471,1,8.1014,0,0.5315,0.8857,1,100,1
dat1-pair-1412,mock-reco-v1,20260902,1,1,train,1,dat1,product-047,cat-fashion-women,shop-06,Sat Aug 08 2026 23:54:00 GMT+0700 (Indochina Time),0,synthetic-preference-rule,0.2,0.1,2,0,0,0,1,0,439,0.363,6.9285,0,0.7178,0.5543,1,100,1
dat1-pair-1413,mock-reco-v1,20260902,1,1,train,2,dat1,product-024,cat-home,shop-09,Sun Aug 09 2026 20:55:00 GMT+0700 (Indochina Time),1,synthetic-preference-rule,1,0.1,5,1,0,0,0.2364,1,482,1,7.2457,0,0.8959,0.9429,1,100,1
dat1-pair-1414,mock-reco-v1,20260902,1,1,train,3,dat1,product-074,cat-sports,shop-12,Mon Aug 10 2026 17:56:00 GMT+0700 (Indochina Time),0,synthetic-preference-rule,0.2,0.1,1,1,0,0,1,0,427,1,7.0326,0,0.5096,0.6114,1,100,1
dat1-pair-1415,mock-reco-v1,20260902,1,1,train,4,dat1,product-070,cat-beauty,shop-03,Tue Aug 11 2026 14:49:00 GMT+0700 (Indochina Time),1,synthetic-preference-rule,0.2,1,5,1,1,0,0.0909,1,488,0.972,8.6739,0,0.9014,0.44,1,100,1
dat1-pair-1416,mock-reco-v1,20260902,1,1,heldout,0,dat1,product-114,cat-grocery,shop-11,Wed Aug 12 2026 11:50:00 GMT+0700 (Indochina Time),0,synthetic-preference-rule,0.2,0.1,2,0,0,0,0.3818,1,470,1,8.9288,0,0.6274,0.4686,1,100,1
dat1-pair-1417,mock-reco-v1,20260902,1,1,train,1,dat1,product-105,cat-pets,shop-01,Thu Aug 13 2026 08:51:00 GMT+0700 (Indochina Time),1,synthetic-preference-rule,0.2,1,5,1,1,0,1,0,446,0.172,9.1074,0,0.6603,0.4971,1,100,1
dat1-pair-1418,mock-reco-v1,20260902,1,1,train,2,dat1,product-052,cat-fashion-men,shop-08,Sat Aug 15 2026 05:52:00 GMT+0700 (Indochina Time),0,synthetic-preference-rule,0.2,0.1,1,1,0,0,1,0,415,0.335,8.5966,0,0.8164,0.5257,0,100,1
dat1-pair-1419,mock-reco-v1,20260902,1,1,train,3,dat1,product-015,cat-computers,shop-12,Sun Aug 16 2026 02:45:00 GMT+0700 (Indochina Time),1,synthetic-preference-rule,1,0.1,5,1,0,0,1,0,482,1,8.9526,0,0.6712,0.9143,1,100,1
dat1-pair-1420,mock-reco-v1,20260902,1,1,train,4,dat1,product-080,cat-sports,shop-06,Sun Aug 16 2026 23:46:00 GMT+0700 (Indochina Time),0,synthetic-preference-rule,0.2,0.1,2,0,0,0,1,0,457,0.505,8.1371,0,0.9863,0.5829,1,100,1
dat1-pair-1421,mock-reco-v1,20260902,1,1,heldout,0,dat1,product-043,cat-fashion-women,shop-10,Tue Aug 18 2026 00:22:00 GMT+0700 (Indochina Time),1,synthetic-preference-rule,0.2,1,5,1,1,1,1,0,461,1,8.9223,0,0.7288,0.6114,1,100,1
dat1-pair-1422,mock-reco-v1,20260902,1,1,train,1,dat1,product-118,cat-grocery,shop-07,Wed Aug 19 2026 03:21:00 GMT+0700 (Indochina Time),0,synthetic-preference-rule,0.2,0.1,1,1,0,0,0.0545,1,448,0.06,6.9754,0,0.6384,0.44,1,100,1
dat1-pair-1423,mock-reco-v1,20260902,1,1,train,2,dat1,product-094,cat-books,shop-05,Wed Aug 19 2026 18:24:00 GMT+0700 (Indochina Time),1,synthetic-preference-rule,1,0.1,5,1,0,1,0.1091,1,399,1,8.698,0,0.9753,0.8286,1,100,1
dat1-pair-1424,mock-reco-v1,20260902,1,1,train,3,dat1,product-056,cat-fashion-men,shop-04,Thu Aug 20 2026 21:23:00 GMT+0700 (Indochina Time),0,synthetic-preference-rule,0.2,0.1,2,0,0,0,1,0,437,1,9.3834,1,0.8055,0.4971,1,100,1
dat1-pair-1425,mock-reco-v1,20260902,1,1,train,4,dat1,product-006,cat-electronics,shop-02,Fri Aug 21 2026 12:26:00 GMT+0700 (Indochina Time),1,synthetic-preference-rule,1,1,5,1,1,1,1,0,382,0.14,8.5007,1,0.5288,0.8857,1,100,1
dat1-pair-1426,mock-reco-v1,20260902,1,1,heldout,0,dat1,product-083,cat-mother-baby,shop-09,Sat Aug 22 2026 15:25:00 GMT+0700 (Indochina Time),0,synthetic-preference-rule,0.2,0.1,1,1,0,0,1,0,371,1,5.7838,0,0.8822,0.5543,1,100,1
dat1-pair-1427,mock-reco-v1,20260902,1,1,train,1,dat1,product-025,cat-home,shop-03,Mon Aug 24 2026 06:28:00 GMT+0700 (Indochina Time),1,synthetic-preference-rule,1,1,6,1,1,1,1,0,393,1,7.2189,0,0.9041,0.9429,1,100,1
dat1-pair-1428,mock-reco-v1,20260902,1,1,train,2,dat1,product-031,cat-kitchen,shop-09,Mon Aug 24 2026 09:27:00 GMT+0700 (Indochina Time),0,synthetic-preference-rule,0.2,0.1,2,0,0,0,0.6364,0,414,0.594,6.3733,1,0.9945,0.6114,1,100,1
dat1-pair-1429,mock-reco-v1,20260902,1,1,train,3,dat1,product-072,cat-sports,shop-01,Wed Aug 26 2026 00:14:00 GMT+0700 (Indochina Time),1,synthetic-preference-rule,0.2,1,6,1,1,1,0.3273,1,375,1,8.3827,0,0.5151,0.44,1,100,1
dat1-pair-1430,mock-reco-v1,20260902,1,1,train,4,dat1,product-060,cat-fashion-men,shop-12,Thu Aug 27 2026 03:13:00 GMT+0700 (Indochina Time),0,synthetic-preference-rule,0.2,0.1,1,1,0,0,1,0,371,1,8.8635,0,0.8384,0.4686,1,100,1
dat1-pair-1431,mock-reco-v1,20260902,1,1,heldout,0,dat1,product-109,cat-pets,shop-10,Thu Aug 27 2026 19:43:00 GMT+0700 (Indochina Time),1,synthetic-preference-rule,0.2,1,6,1,1,1,0.8182,0,380,0.4,8.4007,0,0.6274,0.4971,1,100,1
dat1-pair-1432,mock-reco-v1,20260902,1,1,train,1,dat1,product-088,cat-mother-baby,shop-11,Fri Aug 28 2026 16:44:00 GMT+0700 (Indochina Time),0,synthetic-preference-rule,0.2,0.1,2,0,0,1,1,0,430,0.684,9.0384,0,0.8904,0.5257,1,100,1
dat1-pair-1433,mock-reco-v1,20260902,1,1,train,2,dat1,product-016,cat-computers,shop-05,Sun Aug 30 2026 01:41:00 GMT+0700 (Indochina Time),1,synthetic-preference-rule,1,0.1,6,1,0,1,1,0,445,0.327,8.7175,1,0.674,0.9143,1,100,1
dat1-pair-1434,mock-reco-v1,20260902,1,1,train,3,dat1,product-035,cat-kitchen,shop-05,Mon Jun 01 2026 22:42:00 GMT+0700 (Indochina Time),0,synthetic-preference-rule,0.2,0.1,2,0,0,0,1,0,436,1,8.7177,0,0.9836,0.5829,0,100,1
dat1-pair-1435,mock-reco-v1,20260902,1,1,train,4,dat1,product-044,cat-fashion-women,shop-03,Tue Jun 02 2026 07:39:00 GMT+0700 (Indochina Time),1,synthetic-preference-rule,0.2,1,6,1,1,1,1,0,372,1,9.1178,0,0.726,0.6114,1,100,1
dat1-pair-1436,mock-reco-v1,20260902,1,1,heldout,0,dat1,product-063,cat-beauty,shop-04,Thu Jun 04 2026 04:40:00 GMT+0700 (Indochina Time),0,synthetic-preference-rule,0.2,0.1,1,0,0,1,1,0,443,1,9.0382,0,0.9315,0.44,1,100,1
dat1-pair-1437,mock-reco-v1,20260902,1,1,train,1,dat1,product-095,cat-books,shop-10,Thu Jun 04 2026 13:37:00 GMT+0700 (Indochina Time),1,synthetic-preference-rule,1,1,5,1,1,1,1,0,466,1,9.1999,0,0.9781,0.8286,1,100,1
dat1-pair-1438,mock-reco-v1,20260902,1,1,train,2,dat1,product-101,cat-pets,shop-05,Fri Jun 05 2026 10:38:00 GMT+0700 (Indochina Time),0,synthetic-preference-rule,0.2,0.1,2,0,0,0,1,0,424,1,8.1599,1,0.6493,0.4971,1,100,1
dat1-pair-1439,mock-reco-v1,20260902,1,1,train,3,dat1,product-007,cat-electronics,shop-07,Sat Jun 06 2026 19:51:00 GMT+0700 (Indochina Time),1,synthetic-preference-rule,1,0.1,5,1,0,0,1,0,419,0.197,4.1109,0,0.537,0.8857,1,100,1
dat1-pair-1440,mock-reco-v1,20260902,1,1,train,4,dat1,product-040,cat-kitchen,shop-07,Sun Jun 07 2026 16:52:00 GMT+0700 (Indochina Time),0,synthetic-preference-rule,0.2,0.1,1,1,0,0,1,0,421,0.765,9.3859,0,0.9753,0.5543,1,100,1
dat1-pair-1441,mock-reco-v1,20260902,1,1,heldout,0,dat1,product-026,cat-home,shop-08,Mon Jun 08 2026 17:12:00 GMT+0700 (Indochina Time),1,synthetic-preference-rule,1,0.1,5,1,0,0,1,0,430,1,8.001,1,0.9014,0.9429,1,100,1
dat1-pair-1442,mock-reco-v1,20260902,1,1,train,1,dat1,product-067,cat-beauty,shop-12,Tue Jun 09 2026 20:11:00 GMT+0700 (Indochina Time),0,synthetic-preference-rule,0.2,0.1,2,0,0,0,1,0,421,1,7.9707,1,0.9205,0.6114,1,100,1
dat1-pair-1443,mock-reco-v1,20260902,1,1,train,2,dat1,product-076,cat-sports,shop-10,Wed Jun 10 2026 23:10:00 GMT+0700 (Indochina Time),1,synthetic-preference-rule,0.2,1,5,1,1,0,0.7636,0,479,0.277,9.2916,1,0.526,0.44,1,100,1
dat1-pair-1444,mock-reco-v1,20260902,1,1,train,3,dat1,product-107,cat-pets,shop-11,Fri Jun 12 2026 02:09:00 GMT+0700 (Indochina Time),0,synthetic-preference-rule,0.2,0.1,1,1,0,0,1,0,394,1,8.6629,0,0.6658,0.4686,1,100,1
dat1-pair-1445,mock-reco-v1,20260902,1,1,train,4,dat1,product-110,cat-pets,shop-03,Sat Jun 13 2026 05:16:00 GMT+0700 (Indochina Time),1,synthetic-preference-rule,0.2,1,5,1,1,0,1,0,469,1,7.9484,0,0.6301,0.4971,1,100,1
dat1-pair-1446,mock-reco-v1,20260902,1,1,heldout,0,dat1,product-045,cat-fashion-women,shop-08,Sat Jun 13 2026 08:15:00 GMT+0700 (Indochina Time),0,synthetic-preference-rule,0.2,0.1,2,0,0,0,0.5455,0,387,1,8.3568,1,0.7233,0.5257,1,100,1
dat1-pair-1447,mock-reco-v1,20260902,1,1,train,1,dat1,product-017,cat-computers,shop-10,Sun Jun 14 2026 11:14:00 GMT+0700 (Indochina Time),1,synthetic-preference-rule,1,1,5,1,1,1,1,0,430,1,9.3026,0,0.6767,0.9143,1,100,1
dat1-pair-1448,mock-reco-v1,20260902,1,1,train,2,dat1,product-073,cat-sports,shop-07,Mon Jun 15 2026 14:13:00 GMT+0700 (Indochina Time),0,synthetic-preference-rule,0.2,0.1,1,1,0,0,1,0,464,1,7.9201,0,1,0.5829,1,100,1
dat1-pair-1449,mock-reco-v1,20260902,1,1,train,3,dat1,product-046,cat-fashion-women,shop-01,Tue Jun 16 2026 17:20:00 GMT+0700 (Indochina Time),1,synthetic-preference-rule,0.2,1,5,1,1,1,1,0,424,1,8.679,1,0.7205,0.6114,1,100,1
dat1-pair-1450,mock-reco-v1,20260902,1,1,train,4,dat1,product-113,cat-grocery,shop-06,Wed Jun 17 2026 20:19:00 GMT+0700 (Indochina Time),0,synthetic-preference-rule,0.2,0.1,2,0,0,0,1,0,433,0.955,8.6873,0,0.6301,0.44,1,100,1
dat1-pair-1451,mock-reco-v1,20260902,1,1,heldout,0,dat1,product-096,cat-books,shop-03,Thu Jun 18 2026 10:25:00 GMT+0700 (Indochina Time),1,synthetic-preference-rule,1,1,5,1,1,1,1,0,429,1,9.0212,1,0.9808,0.8286,1,100,1
dat1-pair-1452,mock-reco-v1,20260902,1,1,train,1,dat1,product-049,cat-fashion-women,shop-05,Fri Jun 19 2026 07:26:00 GMT+0700 (Indochina Time),0,synthetic-preference-rule,0.2,0.1,1,1,0,0,1,0,453,0.477,9.1884,0,0.7562,0.4971,1,100,1
dat1-pair-1453,mock-reco-v1,20260902,1,1,train,2,dat1,product-008,cat-electronics,shop-12,Sat Jun 20 2026 08:43:00 GMT+0700 (Indochina Time),1,synthetic-preference-rule,1,0.1,5,1,0,1,0.8909,0,456,0.978,7.4265,0,0.5342,0.8857,1,100,1
dat1-pair-1454,mock-reco-v1,20260902,1,1,train,3,dat1,product-078,cat-sports,shop-08,Mon Jun 22 2026 05:44:00 GMT+0700 (Indochina Time),0,synthetic-preference-rule,0.2,0.1,2,0,0,0,1,0,405,1,8.9371,1,0.5205,0.5543,1,100,1
dat1-pair-1455,mock-reco-v1,20260902,1,1,train,4,dat1,product-027,cat-home,shop-01,Tue Jun 23 2026 02:45:00 GMT+0700 (Indochina Time),1,synthetic-preference-rule,1,1,5,1,1,1,1,0,467,1,8.5768,0,0.9096,0.9429,1,100,1
dat1-pair-1456,mock-reco-v1,20260902,1,1,heldout,0,dat1,product-116,cat-grocery,shop-09,Tue Jun 23 2026 23:46:00 GMT+0700 (Indochina Time),0,synthetic-preference-rule,0.2,0.1,1,1,0,0,1,0,396,0.898,9.1934,1,0.6438,0.6114,1,100,1
dat1-pair-1457,mock-reco-v1,20260902,1,1,train,1,dat1,product-077,cat-sports,shop-03,Wed Jun 24 2026 20:47:00 GMT+0700 (Indochina Time),1,synthetic-preference-rule,0.2,1,5,1,1,1,1,0,442,0.22,9.13,0,0.5178,0.44,1,100,1
dat1-pair-1458,mock-reco-v1,20260902,1,1,train,2,dat1,product-055,cat-fashion-men,shop-11,Thu Jun 25 2026 17:48:00 GMT+0700 (Indochina Time),0,synthetic-preference-rule,0.2,0.1,2,0,0,1,0.0909,1,474,0.392,7.7017,0,0.8027,0.4686,1,100,1
dat1-pair-1459,mock-reco-v1,20260902,1,1,train,3,dat1,product-112,cat-grocery,shop-01,Fri Jun 26 2026 14:49:00 GMT+0700 (Indochina Time),1,synthetic-preference-rule,0.2,1,5,1,1,1,1,0,418,0.174,8.3682,0,0.6329,0.4971,1,100,1
dat1-pair-1460,mock-reco-v1,20260902,1,1,train,4,dat1,product-082,cat-mother-baby,shop-04,Sat Jun 27 2026 11:50:00 GMT+0700 (Indochina Time),0,synthetic-preference-rule,0.2,0.1,2,0,0,0,1,0,482,0.798,8.5529,0,0.8849,0.5257,1,100,1
dat1-pair-1461,mock-reco-v1,20260902,1,1,heldout,0,dat1,product-018,cat-computers,shop-03,Mon Jun 29 2026 06:18:00 GMT+0700 (Indochina Time),1,synthetic-preference-rule,1,1,5,1,1,1,1,0,393,1,9.1428,0,0.6795,0.9143,0,100,1
dat1-pair-1462,mock-reco-v1,20260902,1,1,train,1,dat1,product-120,cat-grocery,shop-05,Mon Jun 29 2026 09:17:00 GMT+0700 (Indochina Time),0,synthetic-preference-rule,0.2,0.1,1,0,0,1,1,0,462,1,8.5679,0,0.611,0.5829,0,100,1
dat1-pair-1463,mock-reco-v1,20260902,1,1,train,2,dat1,product-050,cat-fashion-women,shop-10,Wed Jul 01 2026 00:20:00 GMT+0700 (Indochina Time),1,synthetic-preference-rule,0.2,1,4,1,1,1,1,0,490,1,9.3415,0,0.7534,0.6114,1,100,1
dat1-pair-1464,mock-reco-v1,20260902,1,1,train,3,dat1,product-059,cat-fashion-men,shop-07,Thu Jul 02 2026 03:19:00 GMT+0700 (Indochina Time),0,synthetic-preference-rule,0.2,0.1,2,0,0,0,1,0,408,1,9.0697,0,0.8356,0.44,1,100,1
dat1-pair-1465,mock-reco-v1,20260902,1,1,train,4,dat1,product-097,cat-books,shop-09,Thu Jul 02 2026 18:14:00 GMT+0700 (Indochina Time),1,synthetic-preference-rule,1,0.1,4,1,0,0,1,0,414,0.77,7.0335,0,0.9836,0.8286,1,100,1
dat1-pair-1466,mock-reco-v1,20260902,1,1,heldout,0,dat1,product-087,cat-mother-baby,shop-06,Fri Jul 03 2026 21:13:00 GMT+0700 (Indochina Time),0,synthetic-preference-rule,0.2,0.1,1,0,0,1,1,0,393,1,8.8248,0,0.8932,0.4971,1,100,1
dat1-pair-1467,mock-reco-v1,20260902,1,1,train,1,dat1,product-009,cat-electronics,shop-05,Sat Jul 04 2026 12:16:00 GMT+0700 (Indochina Time),1,synthetic-preference-rule,1,0.1,4,1,0,0,1,0,405,1,9.0851,0,0.9918,0.8857,1,100,1
dat1-pair-1468,mock-reco-v1,20260902,1,1,train,2,dat1,product-034,cat-kitchen,shop-12,Sun Jul 05 2026 15:15:00 GMT+0700 (Indochina Time),0,synthetic-preference-rule,0.2,0.1,2,0,0,0,1,0,429,1,8.9527,1,0.9918,0.5543,1,100,1
dat1-pair-1469,mock-reco-v1,20260902,1,1,train,3,dat1,product-028,cat-home,shop-06,Tue Jul 07 2026 06:10:00 GMT+0700 (Indochina Time),1,synthetic-preference-rule,1,0.1,4,1,0,0,0.2,1,378,0.482,8.843,0,0.9068,0.9429,1,100,1
dat1-pair-1470,mock-reco-v1,20260902,1,1,train,4,dat1,product-062,cat-beauty,shop-11,Tue Jul 07 2026 09:09:00 GMT+0700 (Indochina Time),0,synthetic-preference-rule,0.2,0.1,1,1,0,0,0.9636,0,406,1,8.8247,0,0.9233,0.6114,1,100,1
dat1-pair-1471,mock-reco-v1,20260902,1,1,heldout,0,dat1,product-079,cat-sports,shop-01,Thu Jul 09 2026 03:47:00 GMT+0700 (Indochina Time),1,synthetic-preference-rule,0.2,1,4,1,1,0,1,0,494,1,8.5248,0,0.9836,0.44,1,100,1
dat1-pair-1472,mock-reco-v1,20260902,1,1,train,1,dat1,product-090,cat-mother-baby,shop-09,Fri Jul 10 2026 00:48:00 GMT+0700 (Indochina Time),0,synthetic-preference-rule,0.2,0.1,2,0,0,0,1,0,400,1,8.7216,0,0.9068,0.4686,1,100,1
dat1-pair-1473,mock-reco-v1,20260902,1,1,train,2,dat1,product-117,cat-grocery,shop-02,Fri Jul 10 2026 09:45:00 GMT+0700 (Indochina Time),1,synthetic-preference-rule,0.2,1,4,1,1,1,1,0,411,1,9.3458,0,0.6411,0.4971,1,100,1
dat1-pair-1474,mock-reco-v1,20260902,1,1,train,3,dat1,product-038,cat-kitchen,shop-09,Sun Jul 12 2026 06:46:00 GMT+0700 (Indochina Time),0,synthetic-preference-rule,0.2,0.1,1,1,0,0,1,0,451,0.651,7.1333,0,0.9808,0.5257,1,100,1
dat1-pair-1475,mock-reco-v1,20260902,1,1,train,4,dat1,product-019,cat-computers,shop-08,Sun Jul 12 2026 15:51:00 GMT+0700 (Indochina Time),1,synthetic-preference-rule,1,0.1,4,1,0,1,1,0,460,1,7.1325,0,0.6384,0.9143,1,100,1
dat1-pair-1476,mock-reco-v1,20260902,1,1,heldout,0,dat1,product-066,cat-beauty,shop-07,Mon Jul 13 2026 12:52:00 GMT+0700 (Indochina Time),0,synthetic-preference-rule,0.2,0.1,2,0,0,0,0.5273,0,384,1,7.1515,1,0.9123,0.5829,1,100,1
dat1-pair-1477,mock-reco-v1,20260902,1,1,train,1,dat1,product-051,cat-fashion-men,shop-03,Tue Jul 14 2026 21:49:00 GMT+0700 (Indochina Time),1,synthetic-preference-rule,0.2,1,4,1,1,1,0.3455,1,452,1,8.8582,1,0.8137,0.6114,1,100,1
dat1-pair-1478,mock-reco-v1,20260902,1,1,train,2,dat1,product-106,cat-pets,shop-06,Wed Jul 15 2026 18:50:00 GMT+0700 (Indochina Time),0,synthetic-preference-rule,0.2,0.1,1,1,0,0,1,0,409,1,8.9096,1,0.663,0.44,1,100,1
dat1-pair-1479,mock-reco-v1,20260902,1,1,train,3,dat1,product-098,cat-books,shop-02,Fri Jul 17 2026 03:39:00 GMT+0700 (Indochina Time),1,synthetic-preference-rule,1,1,4,1,1,1,0.5455,0,377,1,9.3514,0,0.9863,0.8286,1,100,1
dat1-pair-1480,mock-reco-v1,20260902,1,1,train,4,dat1,product-042,cat-fashion-women,shop-05,Sat Jul 18 2026 00:40:00 GMT+0700 (Indochina Time),0,synthetic-preference-rule,0.2,0.1,2,0,0,0,1,0,446,0.306,5.8693,0,0.7315,0.4971,1,100,1
dat1-pair-1481,mock-reco-v1,20260902,1,1,heldout,0,dat1,product-010,cat-electronics,shop-10,Sun Jul 19 2026 01:16:00 GMT+0700 (Indochina Time),1,synthetic-preference-rule,1,1,5,1,1,1,1,0,442,0.368,9.2536,0,0.989,0.8857,1,100,1
dat1-pair-1482,mock-reco-v1,20260902,1,1,train,1,dat1,product-071,cat-sports,shop-08,Mon Jul 20 2026 04:15:00 GMT+0700 (Indochina Time),0,synthetic-preference-rule,0.2,0.1,1,1,0,0,1,0,412,0.334,8.6978,1,0.5123,0.5543,1,100,1
dat1-pair-1483,mock-reco-v1,20260902,1,1,train,2,dat1,product-029,cat-home,shop-11,Mon Jul 20 2026 07:14:00 GMT+0700 (Indochina Time),1,synthetic-preference-rule,1,0.1,5,1,0,1,1,0,415,1,9.1587,0,0.9151,0.9429,1,100,1
dat1-pair-1484,mock-reco-v1,20260902,1,1,train,3,dat1,product-111,cat-grocery,shop-08,Tue Jul 21 2026 10:13:00 GMT+0700 (Indochina Time),0,synthetic-preference-rule,0.2,0.1,2,0,0,0,1,0,381,1,7.8969,1,0.6356,0.6114,1,100,1
dat1-pair-1485,mock-reco-v1,20260902,1,1,train,4,dat1,product-084,cat-mother-baby,shop-02,Wed Jul 22 2026 13:12:00 GMT+0700 (Indochina Time),1,synthetic-preference-rule,0.2,1,5,1,1,1,0.7455,0,408,1,7.5725,0,0.8795,0.44,1,100,1
dat1-pair-1486,mock-reco-v1,20260902,1,1,heldout,0,dat1,product-048,cat-fashion-women,shop-11,Thu Jul 23 2026 16:11:00 GMT+0700 (Indochina Time),0,synthetic-preference-rule,0.2,0.1,2,0,0,0,1,0,476,1,7.8785,0,0.7151,0.4686,1,100,1
dat1-pair-1487,mock-reco-v1,20260902,1,1,train,1,dat1,product-001,cat-electronics,shop-01,Fri Jul 24 2026 19:10:00 GMT+0700 (Indochina Time),1,synthetic-preference-rule,1,1,5,1,1,1,1,0,449,1,9.1876,1,0.5205,0.8571,0,100,1
dat1-pair-1488,mock-reco-v1,20260902,1,1,train,2,dat1,product-075,cat-sports,shop-05,Sat Jul 25 2026 22:09:00 GMT+0700 (Indochina Time),0,synthetic-preference-rule,0.2,0.1,1,0,0,1,1,0,390,1,6.1442,0,0.5233,0.5257,1,100,1
dat1-pair-1489,mock-reco-v1,20260902,1,1,train,3,dat1,product-020,cat-computers,shop-01,Mon Jul 27 2026 01:24:00 GMT+0700 (Indochina Time),1,synthetic-preference-rule,1,1,5,1,1,1,1,0,423,1,9.3616,0,0.6411,0.9143,1,100,1
dat1-pair-1490,mock-reco-v1,20260902,1,1,train,4,dat1,product-115,cat-grocery,shop-04,Tue Jul 28 2026 04:23:00 GMT+0700 (Indochina Time),0,synthetic-preference-rule,0.2,0.1,2,0,0,0,1,0,485,0.117,9.0135,0,0.6466,0.5829,1,100,1
dat1-pair-1491,mock-reco-v1,20260902,1,1,heldout,0,dat1,product-053,cat-fashion-men,shop-01,Tue Jul 28 2026 22:45:00 GMT+0700 (Indochina Time),1,synthetic-preference-rule,0.2,1,5,1,1,0,1,0,400,1,9.237,0,0.8192,0.6114,1,100,1
dat1-pair-1492,mock-reco-v1,20260902,1,1,train,1,dat1,product-054,cat-fashion-men,shop-06,Wed Jul 29 2026 19:46:00 GMT+0700 (Indochina Time),0,synthetic-preference-rule,0.2,0.1,1,0,0,1,1,0,489,1,9.0654,0,0.8219,0.44,1,100,1
dat1-pair-1493,mock-reco-v1,20260902,1,1,train,2,dat1,product-099,cat-books,shop-07,Thu Jul 30 2026 16:47:00 GMT+0700 (Indochina Time),1,synthetic-preference-rule,1,0.1,5,1,0,0,0.7818,0,406,0.16,8.58,0,0.989,0.8286,1,100,1
dat1-pair-1494,mock-reco-v1,20260902,1,1,train,3,dat1,product-081,cat-mother-baby,shop-11,Fri Jul 31 2026 13:48:00 GMT+0700 (Indochina Time),0,synthetic-preference-rule,0.2,0.1,2,0,0,0,1,0,445,0.017,8.1784,1,0.8877,0.4971,1,100,1
dat1-pair-1495,mock-reco-v1,20260902,1,1,train,4,dat1,product-011,cat-computers,shop-03,Sat Aug 01 2026 10:41:00 GMT+0700 (Indochina Time),1,synthetic-preference-rule,1,1,5,1,1,0,1,0,378,0.384,7.698,1,0.6603,0.8857,1,100,1
dat1-pair-1496,mock-reco-v1,20260902,1,1,heldout,0,dat1,product-119,cat-grocery,shop-12,Sun Aug 02 2026 07:42:00 GMT+0700 (Indochina Time),0,synthetic-preference-rule,0.2,0.1,1,1,0,0,0.9091,0,425,0.345,8.2,0,0.6137,0.5543,1,100,1
dat1-pair-1497,mock-reco-v1,20260902,1,1,train,1,dat1,product-030,cat-home,shop-04,Tue Aug 04 2026 04:43:00 GMT+0700 (Indochina Time),1,synthetic-preference-rule,1,0.1,5,1,0,0,1,0,452,1,9.3161,0,0.9123,0.9429,1,100,1
dat1-pair-1498,mock-reco-v1,20260902,1,1,train,2,dat1,product-057,cat-fashion-men,shop-09,Wed Aug 05 2026 01:44:00 GMT+0700 (Indochina Time),0,synthetic-preference-rule,0.2,0.1,2,0,0,0,1,0,422,1,8.6034,0,0.8082,0.6114,1,100,1
dat1-pair-1499,mock-reco-v1,20260902,1,1,train,3,dat1,product-086,cat-mother-baby,shop-01,Wed Aug 05 2026 22:53:00 GMT+0700 (Indochina Time),1,synthetic-preference-rule,0.2,1,5,0,1,1,1,0,378,1,9.3637,1,0.8959,0.44,0,100,1
dat1-pair-1500,mock-reco-v1,20260902,1,1,train,4,dat1,product-085,cat-mother-baby,shop-08,Thu Aug 06 2026 19:54:00 GMT+0700 (Indochina Time),0,synthetic-preference-rule,0.2,0.1,1,1,0,0,0.9818,0,467,0.741,9.2142,0,0.8986,0.4686,1,100,1
dat2-pair-0001,mock-reco-v1,20260902,1,1,heldout,0,dat2,product-072,cat-sports,shop-01,Fri Jul 03 2026 05:36:00 GMT+0700 (Indochina Time),1,synthetic-preference-rule,1,0.1,5,1,0,0,0.1389,1,375,1,8.3827,0,0.5151,0.8,1,100,1
dat2-pair-0002,mock-reco-v1,20260902,1,1,train,1,dat2,product-100,cat-books,shop-12,Fri Jul 03 2026 08:35:00 GMT+0700 (Indochina Time),0,synthetic-preference-rule,0.2,0.1,1,1,0,0,1,0,495,1,8.2174,1,0.9918,0.4686,1,100,1
dat2-pair-0003,mock-reco-v1,20260902,1,1,train,2,dat2,product-092,cat-books,shop-07,Sat Jul 04 2026 11:34:00 GMT+0700 (Indochina Time),1,synthetic-preference-rule,0.2,1,5,1,1,0,1,0,451,0.827,7.9204,0,0.9699,0.4971,1,100,1
dat2-pair-0004,mock-reco-v1,20260902,1,1,train,3,dat2,product-006,cat-electronics,shop-02,Sun Jul 05 2026 14:33:00 GMT+0700 (Indochina Time),0,synthetic-preference-rule,0.2,0.1,2,0,0,0,1,0,382,0.14,8.5007,1,0.5288,0.5257,1,100,1
dat2-pair-0005,mock-reco-v1,20260902,1,1,train,4,dat2,product-031,cat-kitchen,shop-09,Mon Jul 06 2026 17:40:00 GMT+0700 (Indochina Time),1,synthetic-preference-rule,0.2,1,5,1,1,0,1,0,414,0.594,6.3733,1,0.9945,0.5543,1,100,1
dat2-pair-0006,mock-reco-v1,20260902,1,1,heldout,0,dat2,product-036,cat-kitchen,shop-10,Tue Jul 07 2026 20:39:00 GMT+0700 (Indochina Time),0,synthetic-preference-rule,0.2,0.1,2,0,0,0,1,0,399,1,8.4098,1,0.9863,0.5829,1,100,1
dat2-pair-0007,mock-reco-v1,20260902,1,1,train,1,dat2,product-062,cat-beauty,shop-11,Wed Jul 08 2026 23:38:00 GMT+0700 (Indochina Time),1,synthetic-preference-rule,1,0.1,4,1,0,1,1,0,406,1,8.8247,0,0.9233,0.9714,1,100,1
dat2-pair-0008,mock-reco-v1,20260902,1,1,train,2,dat2,product-106,cat-pets,shop-06,Fri Jul 10 2026 02:37:00 GMT+0700 (Indochina Time),0,synthetic-preference-rule,0.2,0.1,2,0,0,1,1,0,409,1,8.9096,1,0.663,0.44,1,100,1
dat2-pair-0009,mock-reco-v1,20260902,1,1,train,3,dat2,product-081,cat-mother-baby,shop-11,Sat Jul 11 2026 05:28:00 GMT+0700 (Indochina Time),1,synthetic-preference-rule,1,0.1,5,1,0,1,1,0,445,0.017,8.1784,1,0.8877,0.8286,1,100,1
dat2-pair-0010,mock-reco-v1,20260902,1,1,train,4,dat2,product-013,cat-computers,shop-02,Sat Jul 11 2026 08:27:00 GMT+0700 (Indochina Time),0,synthetic-preference-rule,0.2,0.1,1,1,0,0,1,0,452,1,8.6019,0,0.6658,0.4971,1,100,1
dat2-pair-0011,mock-reco-v1,20260902,1,1,heldout,0,dat2,product-120,cat-grocery,shop-05,Sun Jul 12 2026 14:25:00 GMT+0700 (Indochina Time),1,synthetic-preference-rule,0.2,1,6,0,1,1,1,0,462,1,8.5679,0,0.611,0.5257,0,100,1
dat2-pair-0012,mock-reco-v1,20260902,1,1,train,1,dat2,product-053,cat-fashion-men,shop-01,Mon Jul 13 2026 11:26:00 GMT+0700 (Indochina Time),0,synthetic-preference-rule,0.2,0.1,1,1,0,0,1,0,400,1,9.237,0,0.8192,0.5543,1,100,1
dat2-pair-0013,mock-reco-v1,20260902,1,1,train,2,dat2,product-045,cat-fashion-women,shop-08,Tue Jul 14 2026 08:27:00 GMT+0700 (Indochina Time),1,synthetic-preference-rule,1,1,5,1,1,1,0.1944,1,387,1,8.3568,1,0.7233,0.9429,1,100,1
dat2-pair-0014,mock-reco-v1,20260902,1,1,train,3,dat2,product-110,cat-pets,shop-03,Thu Jul 16 2026 05:28:00 GMT+0700 (Indochina Time),0,synthetic-preference-rule,0.2,0.1,2,0,0,0,1,0,469,1,7.9484,0,0.6301,0.6114,1,100,1
dat2-pair-0015,mock-reco-v1,20260902,1,1,train,4,dat2,product-071,cat-sports,shop-08,Fri Jul 17 2026 02:29:00 GMT+0700 (Indochina Time),1,synthetic-preference-rule,1,1,5,1,1,0,1,0,412,0.334,8.6978,1,0.5123,0.8,1,100,1
dat2-pair-0016,mock-reco-v1,20260902,1,1,heldout,0,dat2,product-020,cat-computers,shop-01,Fri Jul 17 2026 23:30:00 GMT+0700 (Indochina Time),0,synthetic-preference-rule,0.2,0.1,2,0,0,0,1,0,423,1,9.3616,0,0.6411,0.4686,1,100,1
dat2-pair-0017,mock-reco-v1,20260902,1,1,train,1,dat2,product-090,cat-mother-baby,shop-09,Sat Jul 18 2026 20:31:00 GMT+0700 (Indochina Time),1,synthetic-preference-rule,1,1,5,1,1,0,1,0,400,1,8.7216,0,0.9068,0.8571,1,100,1
dat2-pair-0018,mock-reco-v1,20260902,1,1,train,2,dat2,product-058,cat-fashion-men,shop-02,Sun Jul 19 2026 17:32:00 GMT+0700 (Indochina Time),0,synthetic-preference-rule,0.2,0.1,2,0,0,1,1,0,385,0.449,8.2509,0,0.811,0.5257,1,100,1
dat2-pair-0019,mock-reco-v1,20260902,1,1,train,3,dat2,product-026,cat-home,shop-08,Mon Jul 20 2026 14:33:00 GMT+0700 (Indochina Time),1,synthetic-preference-rule,0.2,1,5,1,1,1,1,0,430,1,8.001,1,0.9014,0.5543,1,100,1
dat2-pair-0020,mock-reco-v1,20260902,1,1,train,4,dat2,product-115,cat-grocery,shop-04,Tue Jul 21 2026 11:34:00 GMT+0700 (Indochina Time),0,synthetic-preference-rule,0.2,0.1,1,1,0,0,1,0,485,0.117,9.0135,0,0.6466,0.5829,1,100,1
dat2-pair-0021,mock-reco-v1,20260902,1,1,heldout,0,dat2,product-061,cat-beauty,shop-06,Wed Jul 22 2026 12:26:00 GMT+0700 (Indochina Time),1,synthetic-preference-rule,1,0.1,5,1,0,0,1,0,495,1,8.5528,1,0.926,0.9714,1,100,1
dat2-pair-0022,mock-reco-v1,20260902,1,1,train,1,dat2,product-025,cat-home,shop-03,Thu Jul 23 2026 15:25:00 GMT+0700 (Indochina Time),0,synthetic-preference-rule,0.2,0.1,1,1,0,0,1,0,393,1,7.2189,0,0.9041,0.44,1,100,1
dat2-pair-0023,mock-reco-v1,20260902,1,1,train,2,dat2,product-080,cat-sports,shop-06,Sat Jul 25 2026 06:28:00 GMT+0700 (Indochina Time),1,synthetic-preference-rule,1,0.1,4,1,0,1,1,0,457,0.505,8.1371,0,0.9863,0.8286,1,100,1
dat2-pair-0024,mock-reco-v1,20260902,1,1,train,3,dat2,product-095,cat-books,shop-10,Sat Jul 25 2026 09:27:00 GMT+0700 (Indochina Time),0,synthetic-preference-rule,0.2,0.1,2,0,0,0,1,0,466,1,9.1999,0,0.9781,0.4971,1,100,1
dat2-pair-0025,mock-reco-v1,20260902,1,1,train,4,dat2,product-118,cat-grocery,shop-07,Mon Jul 27 2026 00:22:00 GMT+0700 (Indochina Time),1,synthetic-preference-rule,0.2,1,6,1,1,1,0.5556,0,448,0.06,6.9754,0,0.6384,0.5257,1,100,1
dat2-pair-0026,mock-reco-v1,20260902,1,1,heldout,0,dat2,product-002,cat-electronics,shop-06,Tue Jul 28 2026 03:21:00 GMT+0700 (Indochina Time),0,synthetic-preference-rule,0.2,0.1,2,0,0,0,1,0,486,1,9.3408,0,0.5178,0.5543,1,100,1
dat2-pair-0027,mock-reco-v1,20260902,1,1,train,1,dat2,product-044,cat-fashion-women,shop-03,Tue Jul 28 2026 18:24:00 GMT+0700 (Indochina Time),1,synthetic-preference-rule,1,0.1,6,0,0,1,1,0,372,1,9.1178,0,0.726,0.9429,1,100,1
dat2-pair-0028,mock-reco-v1,20260902,1,1,train,2,dat2,product-030,cat-home,shop-04,Wed Jul 29 2026 21:23:00 GMT+0700 (Indochina Time),0,synthetic-preference-rule,0.2,0.1,1,0,0,1,1,0,452,1,9.3161,0,0.9123,0.6114,1,100,1
dat2-pair-0029,mock-reco-v1,20260902,1,1,train,3,dat2,product-070,cat-beauty,shop-03,Thu Jul 30 2026 12:18:00 GMT+0700 (Indochina Time),1,synthetic-preference-rule,1,0.1,4,1,0,0,0.7778,0,488,0.972,8.6739,0,0.9014,0.8,1,100,1
dat2-pair-0030,mock-reco-v1,20260902,1,1,train,4,dat2,product-102,cat-pets,shop-10,Fri Jul 31 2026 15:17:00 GMT+0700 (Indochina Time),0,synthetic-preference-rule,0.2,0.1,1,1,0,0,1,0,387,1,7.5385,0,0.6521,0.4686,1,100,1
dat2-pair-0031,mock-reco-v1,20260902,1,1,heldout,0,dat2,product-089,cat-mother-baby,shop-04,Sun Aug 02 2026 03:31:00 GMT+0700 (Indochina Time),1,synthetic-preference-rule,1,0.1,5,1,0,0,1,0,489,0.969,8.4152,1,0.9096,0.8571,1,100,1
dat2-pair-0032,mock-reco-v1,20260902,1,1,train,1,dat2,product-008,cat-electronics,shop-12,Mon Aug 03 2026 00:32:00 GMT+0700 (Indochina Time),0,synthetic-preference-rule,0.2,0.1,2,0,0,0,0.7222,0,456,0.978,7.4265,0,0.5342,0.5257,1,100,1
dat2-pair-0033,mock-reco-v1,20260902,1,1,train,2,dat2,product-024,cat-home,shop-09,Mon Aug 03 2026 09:29:00 GMT+0700 (Indochina Time),1,synthetic-preference-rule,0.2,1,5,1,1,0,0.2778,1,482,1,7.2457,0,0.8959,0.5543,1,100,1
dat2-pair-0034,mock-reco-v1,20260902,1,1,train,3,dat2,product-037,cat-kitchen,shop-04,Wed Aug 05 2026 06:30:00 GMT+0700 (Indochina Time),0,synthetic-preference-rule,0.2,0.1,2,0,0,0,1,0,488,1,7.9628,0,0.9781,0.5829,1,100,1
dat2-pair-0035,mock-reco-v1,20260902,1,1,train,4,dat2,product-059,cat-fashion-men,shop-07,Wed Aug 05 2026 15:35:00 GMT+0700 (Indochina Time),1,synthetic-preference-rule,0.2,1,5,1,1,1,1,0,408,1,9.0697,0,0.8356,0.6114,1,100,1
dat2-pair-0036,mock-reco-v1,20260902,1,1,heldout,0,dat2,product-107,cat-pets,shop-11,Thu Aug 06 2026 12:36:00 GMT+0700 (Indochina Time),0,synthetic-preference-rule,0.2,0.1,2,0,0,0,1,0,394,1,8.6629,0,0.6658,0.44,1,100,1
dat2-pair-0037,mock-reco-v1,20260902,1,1,train,1,dat2,product-079,cat-sports,shop-01,Fri Aug 07 2026 21:33:00 GMT+0700 (Indochina Time),1,synthetic-preference-rule,1,0.1,5,1,0,0,1,0,494,1,8.5248,0,0.9836,0.8286,1,100,1
dat2-pair-0038,mock-reco-v1,20260902,1,1,train,2,dat2,product-015,cat-computers,shop-12,Sat Aug 08 2026 18:34:00 GMT+0700 (Indochina Time),0,synthetic-preference-rule,0.2,0.1,1,0,0,1,1,0,482,1,8.9526,0,0.6712,0.4971,1,100,1
dat2-pair-0039,mock-reco-v1,20260902,1,1,train,3,dat2,product-116,cat-grocery,shop-09,Mon Aug 10 2026 03:23:00 GMT+0700 (Indochina Time),1,synthetic-preference-rule,0.2,1,4,1,1,1,1,0,396,0.898,9.1934,1,0.6438,0.5257,1,100,1
dat2-pair-0040,mock-reco-v1,20260902,1,1,train,4,dat2,product-054,cat-fashion-men,shop-06,Tue Aug 11 2026 00:24:00 GMT+0700 (Indochina Time),0,synthetic-preference-rule,0.2,0.1,1,1,0,0,1,0,489,1,9.0654,0,0.8219,0.5543,1,100,1
dat2-pair-0041,mock-reco-v1,20260902,1,1,heldout,0,dat2,product-043,cat-fashion-women,shop-10,Wed Aug 12 2026 05:08:00 GMT+0700 (Indochina Time),1,synthetic-preference-rule,1,0.1,6,1,0,1,1,0,461,1,8.9223,0,0.7288,0.9429,1,100,1
dat2-pair-0042,mock-reco-v1,20260902,1,1,train,1,dat2,product-112,cat-grocery,shop-01,Wed Aug 12 2026 08:07:00 GMT+0700 (Indochina Time),0,synthetic-preference-rule,0.2,0.1,2,0,0,0,1,0,418,0.174,8.3682,0,0.6329,0.6114,1,100,1
dat2-pair-0043,mock-reco-v1,20260902,1,1,train,2,dat2,product-069,cat-beauty,shop-10,Thu Aug 13 2026 11:06:00 GMT+0700 (Indochina Time),1,synthetic-preference-rule,1,0.1,6,0,0,1,1,0,451,0.191,8.3497,0,0.9041,0.8,0,100,1
dat2-pair-0044,mock-reco-v1,20260902,1,1,train,3,dat2,product-021,cat-home,shop-06,Fri Aug 14 2026 14:05:00 GMT+0700 (Indochina Time),0,synthetic-preference-rule,0.2,0.1,2,0,0,0,1,0,371,0.539,9.0531,1,0.8932,0.4686,1,100,1
dat2-pair-0045,mock-reco-v1,20260902,1,1,train,4,dat2,product-088,cat-mother-baby,shop-11,Sat Aug 15 2026 17:04:00 GMT+0700 (Indochina Time),1,synthetic-preference-rule,1,0.1,4,1,0,0,1,0,430,0.684,9.0384,0,0.8904,0.8571,1,100,1
dat2-pair-0046,mock-reco-v1,20260902,1,1,heldout,0,dat2,product-060,cat-fashion-men,shop-12,Sun Aug 16 2026 20:03:00 GMT+0700 (Indochina Time),0,synthetic-preference-rule,0.2,0.1,2,0,0,0,1,0,371,1,8.8635,0,0.8384,0.5257,1,100,1
dat2-pair-0047,mock-reco-v1,20260902,1,1,train,1,dat2,product-019,cat-computers,shop-08,Mon Aug 17 2026 23:02:00 GMT+0700 (Indochina Time),1,synthetic-preference-rule,0.2,1,5,1,1,0,1,0,460,1,7.1325,0,0.6384,0.5543,1,100,1
dat2-pair-0048,mock-reco-v1,20260902,1,1,train,2,dat2,product-117,cat-grocery,shop-02,Wed Aug 19 2026 02:01:00 GMT+0700 (Indochina Time),0,synthetic-preference-rule,0.2,0.1,1,1,0,0,1,0,411,1,9.3458,0,0.6411,0.5829,1,100,1
dat2-pair-0049,mock-reco-v1,20260902,1,1,train,3,dat2,product-057,cat-fashion-men,shop-09,Thu Aug 20 2026 05:00:00 GMT+0700 (Indochina Time),1,synthetic-preference-rule,0.2,1,5,0,1,1,1,0,422,1,8.6034,0,0.8082,0.6114,1,100,1
dat2-pair-0050,mock-reco-v1,20260902,1,1,train,4,dat2,product-027,cat-home,shop-01,Thu Aug 20 2026 07:59:00 GMT+0700 (Indochina Time),0,synthetic-preference-rule,0.2,0.1,1,1,0,0,1,0,467,1,8.5768,0,0.9096,0.44,1,100,1
dat2-pair-0051,mock-reco-v1,20260902,1,1,heldout,0,dat2,product-078,cat-sports,shop-08,Sat Aug 22 2026 02:37:00 GMT+0700 (Indochina Time),1,synthetic-preference-rule,1,1,5,1,1,1,1,0,405,1,8.9371,1,0.5205,0.8286,1,100,1
dat2-pair-0052,mock-reco-v1,20260902,1,1,train,1,dat2,product-096,cat-books,shop-03,Sat Aug 22 2026 23:38:00 GMT+0700 (Indochina Time),0,synthetic-preference-rule,0.2,0.1,2,0,0,0,1,0,429,1,9.0212,1,0.9808,0.4971,1,100,1
dat2-pair-0053,mock-reco-v1,20260902,1,1,train,2,dat2,product-111,cat-grocery,shop-08,Sun Aug 23 2026 20:39:00 GMT+0700 (Indochina Time),1,synthetic-preference-rule,0.2,1,5,1,1,0,1,0,381,1,7.8969,1,0.6356,0.5257,1,100,1
dat2-pair-0054,mock-reco-v1,20260902,1,1,train,3,dat2,product-003,cat-electronics,shop-11,Mon Aug 24 2026 17:40:00 GMT+0700 (Indochina Time),0,synthetic-preference-rule,0.2,0.1,2,0,0,0,1,0,397,1,8.7852,0,0.526,0.5543,1,100,1
dat2-pair-0055,mock-reco-v1,20260902,1,1,train,4,dat2,product-042,cat-fashion-women,shop-05,Tue Aug 25 2026 14:33:00 GMT+0700 (Indochina Time),1,synthetic-preference-rule,1,1,5,1,1,1,1,0,446,0.306,5.8693,0,0.7315,0.9429,1,100,1
dat2-pair-0056,mock-reco-v1,20260902,1,1,heldout,0,dat2,product-032,cat-kitchen,shop-02,Wed Aug 26 2026 11:34:00 GMT+0700 (Indochina Time),0,synthetic-preference-rule,0.2,0.1,2,0,0,1,1,0,377,1,9.3026,0,0.9973,0.6114,1,100,1
dat2-pair-0057,mock-reco-v1,20260902,1,1,train,1,dat2,product-068,cat-beauty,shop-05,Thu Aug 27 2026 08:35:00 GMT+0700 (Indochina Time),1,synthetic-preference-rule,1,1,6,1,1,1,1,0,458,1,8.4149,0,0.9178,0.8,1,100,1
dat2-pair-0058,mock-reco-v1,20260902,1,1,train,2,dat2,product-103,cat-pets,shop-03,Sat Aug 29 2026 05:36:00 GMT+0700 (Indochina Time),0,synthetic-preference-rule,0.2,0.1,1,1,0,0,1,0,372,0.286,5.5607,0,0.6548,0.4686,0,100,1
dat2-pair-0059,mock-reco-v1,20260902,1,1,train,3,dat2,product-087,cat-mother-baby,shop-06,Sun Aug 30 2026 02:29:00 GMT+0700 (Indochina Time),1,synthetic-preference-rule,1,0.1,5,1,0,0,1,0,393,1,8.8248,0,0.8932,0.8571,1,100,1
dat2-pair-0060,mock-reco-v1,20260902,1,1,train,4,dat2,product-010,cat-electronics,shop-10,Mon Jun 01 2026 23:30:00 GMT+0700 (Indochina Time),0,synthetic-preference-rule,0.2,0.1,1,1,0,0,1,0,442,0.368,9.2536,0,0.989,0.5257,1,100,1
dat2-pair-0061,mock-reco-v1,20260902,1,1,heldout,0,dat2,product-016,cat-computers,shop-05,Wed Jun 03 2026 00:06:00 GMT+0700 (Indochina Time),1,synthetic-preference-rule,0.2,1,4,1,1,0,1,0,445,0.327,8.7175,1,0.674,0.5543,1,100,1
dat2-pair-0062,mock-reco-v1,20260902,1,1,train,1,dat2,product-039,cat-kitchen,shop-02,Thu Jun 04 2026 03:05:00 GMT+0700 (Indochina Time),0,synthetic-preference-rule,0.2,0.1,2,0,0,0,1,0,458,1,7.3382,0,0.9726,0.5829,1,100,1
dat2-pair-0063,mock-reco-v1,20260902,1,1,train,2,dat2,product-052,cat-fashion-men,shop-08,Thu Jun 04 2026 18:08:00 GMT+0700 (Indochina Time),1,synthetic-preference-rule,0.2,1,5,1,1,0,1,0,415,0.335,8.5966,0,0.8164,0.6114,0,100,1
dat2-pair-0064,mock-reco-v1,20260902,1,1,train,3,dat2,product-108,cat-pets,shop-04,Fri Jun 05 2026 21:07:00 GMT+0700 (Indochina Time),0,synthetic-preference-rule,0.2,0.1,2,0,0,0,0.5833,0,483,0.229,8.3345,0,0.6685,0.44,1,100,1
dat2-pair-0065,mock-reco-v1,20260902,1,1,train,4,dat2,product-077,cat-sports,shop-03,Sat Jun 06 2026 12:10:00 GMT+0700 (Indochina Time),1,synthetic-preference-rule,1,0.1,5,0,0,1,1,0,442,0.22,9.13,0,0.5178,0.8286,1,100,1
dat2-pair-0066,mock-reco-v1,20260902,1,1,heldout,0,dat2,product-017,cat-computers,shop-10,Sun Jun 07 2026 15:09:00 GMT+0700 (Indochina Time),0,synthetic-preference-rule,0.2,0.1,2,0,0,1,1,0,430,1,9.3026,0,0.6767,0.4971,1,100,1
dat2-pair-0067,mock-reco-v1,20260902,1,1,train,1,dat2,product-104,cat-pets,shop-08,Tue Jun 09 2026 06:12:00 GMT+0700 (Indochina Time),1,synthetic-preference-rule,0.2,1,5,1,1,1,0.0833,1,461,1,9.2725,0,0.6575,0.5257,1,100,1
dat2-pair-0068,mock-reco-v1,20260902,1,1,train,2,dat2,product-055,cat-fashion-men,shop-11,Tue Jun 09 2026 09:11:00 GMT+0700 (Indochina Time),0,synthetic-preference-rule,0.2,0.1,1,1,0,0,0.7778,0,474,0.392,7.7017,0,0.8027,0.5543,1,100,1
dat2-pair-0069,mock-reco-v1,20260902,1,1,train,3,dat2,product-041,cat-fashion-women,shop-12,Wed Jun 10 2026 23:58:00 GMT+0700 (Indochina Time),1,synthetic-preference-rule,1,0.1,5,1,0,0,1,0,409,1,9.2813,1,0.7342,0.9429,1,100,1
dat2-pair-0070,mock-reco-v1,20260902,1,1,train,4,dat2,product-113,cat-grocery,shop-06,Fri Jun 12 2026 02:57:00 GMT+0700 (Indochina Time),0,synthetic-preference-rule,0.2,0.1,1,1,0,0,1,0,433,0.955,8.6873,0,0.6301,0.6114,1,100,1
dat2-pair-0071,mock-reco-v1,20260902,1,1,heldout,0,dat2,product-067,cat-beauty,shop-12,Fri Jun 12 2026 21:35:00 GMT+0700 (Indochina Time),1,synthetic-preference-rule,1,0.1,5,1,0,1,1,0,421,1,7.9707,1,0.9205,0.8,1,100,1
dat2-pair-0072,mock-reco-v1,20260902,1,1,train,1,dat2,product-022,cat-home,shop-11,Sat Jun 13 2026 18:36:00 GMT+0700 (Indochina Time),0,synthetic-preference-rule,0.2,0.1,2,0,0,0,1,0,408,1,9.2266,0,0.8904,0.4686,1,100,1
dat2-pair-0073,mock-reco-v1,20260902,1,1,train,2,dat2,product-086,cat-mother-baby,shop-01,Mon Jun 15 2026 03:33:00 GMT+0700 (Indochina Time),1,synthetic-preference-rule,1,0.1,6,1,0,1,1,0,378,1,9.3637,1,0.8959,0.8571,0,100,1
dat2-pair-0074,mock-reco-v1,20260902,1,1,train,3,dat2,product-091,cat-books,shop-02,Tue Jun 16 2026 00:34:00 GMT+0700 (Indochina Time),0,synthetic-preference-rule,0.2,0.1,2,0,0,0,1,0,488,1,8.383,1,0.9671,0.5257,1,100,1
dat2-pair-0075,mock-reco-v1,20260902,1,1,train,4,dat2,product-014,cat-computers,shop-07,Tue Jun 16 2026 09:31:00 GMT+0700 (Indochina Time),1,synthetic-preference-rule,0.2,1,5,1,1,0,1,0,415,0.441,8.2488,0,0.6685,0.5543,1,100,1
dat2-pair-0076,mock-reco-v1,20260902,1,1,heldout,0,dat2,product-119,cat-grocery,shop-12,Thu Jun 18 2026 06:32:00 GMT+0700 (Indochina Time),0,synthetic-preference-rule,0.2,0.1,1,0,0,1,0.75,0,425,0.345,8.2,0,0.6137,0.5829,1,100,1
dat2-pair-0077,mock-reco-v1,20260902,1,1,train,1,dat2,product-050,cat-fashion-women,shop-10,Thu Jun 18 2026 15:29:00 GMT+0700 (Indochina Time),1,synthetic-preference-rule,1,0.1,4,1,0,0,1,0,490,1,9.3415,0,0.7534,0.9714,1,100,1
dat2-pair-0078,mock-reco-v1,20260902,1,1,train,2,dat2,product-028,cat-home,shop-06,Fri Jun 19 2026 12:30:00 GMT+0700 (Indochina Time),0,synthetic-preference-rule,0.2,0.1,1,1,0,0,0.9444,0,378,0.482,8.843,0,0.9068,0.44,1,100,1
dat2-pair-0079,mock-reco-v1,20260902,1,1,train,3,dat2,product-076,cat-sports,shop-10,Sat Jun 20 2026 21:43:00 GMT+0700 (Indochina Time),1,synthetic-preference-rule,1,0.1,5,1,0,1,0.5278,0,479,0.277,9.2916,1,0.526,0.8286,1,100,1
dat2-pair-0080,mock-reco-v1,20260902,1,1,train,4,dat2,product-098,cat-books,shop-02,Sun Jun 21 2026 18:44:00 GMT+0700 (Indochina Time),0,synthetic-preference-rule,0.2,0.1,2,0,0,0,0.1944,1,377,1,9.3514,0,0.9863,0.4971,1,100,1
dat2-pair-0081,mock-reco-v1,20260902,1,1,heldout,0,dat2,product-101,cat-pets,shop-05,Mon Jun 22 2026 13:20:00 GMT+0700 (Indochina Time),1,synthetic-preference-rule,0.2,1,5,0,1,1,1,0,424,1,8.1599,1,0.6493,0.5257,1,100,1
dat2-pair-0082,mock-reco-v1,20260902,1,1,train,1,dat2,product-004,cat-electronics,shop-04,Tue Jun 23 2026 16:19:00 GMT+0700 (Indochina Time),0,synthetic-preference-rule,0.2,0.1,2,0,0,0,1,0,434,0.254,9.0065,0,0.5233,0.5543,1,100,1
dat2-pair-0083,mock-reco-v1,20260902,1,1,train,2,dat2,product-040,cat-kitchen,shop-07,Wed Jun 24 2026 19:18:00 GMT+0700 (Indochina Time),1,synthetic-preference-rule,0.2,1,5,1,1,1,1,0,421,0.765,9.3859,0,0.9753,0.5829,1,100,1
dat2-pair-0084,mock-reco-v1,20260902,1,1,train,3,dat2,product-034,cat-kitchen,shop-12,Thu Jun 25 2026 22:17:00 GMT+0700 (Indochina Time),0,synthetic-preference-rule,0.2,0.1,2,0,0,0,1,0,429,1,8.9527,1,0.9918,0.6114,1,100,1
dat2-pair-0085,mock-reco-v1,20260902,1,1,train,4,dat2,product-066,cat-beauty,shop-07,Sat Jun 27 2026 01:24:00 GMT+0700 (Indochina Time),1,synthetic-preference-rule,1,1,6,1,1,0,1,0,384,1,7.1515,1,0.9123,0.8,1,100,1
dat2-pair-0086,mock-reco-v1,20260902,1,1,heldout,0,dat2,product-105,cat-pets,shop-01,Sun Jun 28 2026 04:23:00 GMT+0700 (Indochina Time),0,synthetic-preference-rule,0.2,0.1,1,0,0,1,1,0,446,0.172,9.1074,0,0.6603,0.4686,1,100,1
dat2-pair-0087,mock-reco-v1,20260902,1,1,train,1,dat2,product-085,cat-mother-baby,shop-08,Sun Jun 28 2026 07:22:00 GMT+0700 (Indochina Time),1,synthetic-preference-rule,1,1,5,1,1,1,0.8611,0,467,0.741,9.2142,0,0.8986,0.8571,1,100,1
dat2-pair-0088,mock-reco-v1,20260902,1,1,train,2,dat2,product-011,cat-computers,shop-03,Mon Jun 29 2026 10:21:00 GMT+0700 (Indochina Time),0,synthetic-preference-rule,0.2,0.1,1,1,0,0,1,0,378,0.384,7.698,1,0.6603,0.5257,1,100,1
dat2-pair-0089,mock-reco-v1,20260902,1,1,train,3,dat2,product-012,cat-computers,shop-08,Tue Jun 30 2026 13:12:00 GMT+0700 (Indochina Time),1,synthetic-preference-rule,0.2,1,5,1,1,0,0.3611,1,467,1,6.3716,1,0.663,0.5543,1,100,1
dat2-pair-0090,mock-reco-v1,20260902,1,1,train,4,dat2,product-051,cat-fashion-men,shop-03,Wed Jul 01 2026 16:11:00 GMT+0700 (Indochina Time),0,synthetic-preference-rule,0.2,0.1,2,0,0,0,0.1111,1,452,1,8.8582,1,0.8137,0.5829,1,100,1
dat2-pair-0091,mock-reco-v1,20260902,1,1,heldout,0,dat2,product-049,cat-fashion-women,shop-05,Thu Jul 02 2026 10:49:00 GMT+0700 (Indochina Time),1,synthetic-preference-rule,1,1,5,1,1,0,1,0,453,0.477,9.1884,0,0.7562,0.9714,1,100,1
dat2-pair-0092,mock-reco-v1,20260902,1,1,train,1,dat2,product-109,cat-pets,shop-10,Fri Jul 03 2026 07:50:00 GMT+0700 (Indochina Time),0,synthetic-preference-rule,0.2,0.1,2,0,0,0,1,0,380,0.4,8.4007,0,0.6274,0.44,1,100,1
dat2-pair-0093,mock-reco-v1,20260902,1,1,train,2,dat2,product-075,cat-sports,shop-05,Sun Jul 05 2026 04:51:00 GMT+0700 (Indochina Time),1,synthetic-preference-rule,1,1,4,1,1,0,1,0,390,1,6.1442,0,0.5233,0.8286,1,100,1
dat2-pair-0094,mock-reco-v1,20260902,1,1,train,3,dat2,product-018,cat-computers,shop-03,Mon Jul 06 2026 01:52:00 GMT+0700 (Indochina Time),0,synthetic-preference-rule,0.2,0.1,2,0,0,0,1,0,393,1,9.1428,0,0.6795,0.4971,0,100,1
dat2-pair-0095,mock-reco-v1,20260902,1,1,train,4,dat2,product-099,cat-books,shop-07,Mon Jul 06 2026 22:53:00 GMT+0700 (Indochina Time),1,synthetic-preference-rule,0.2,1,5,1,1,1,0.5556,0,406,0.16,8.58,0,0.989,0.5257,1,100,1
dat2-pair-0096,mock-reco-v1,20260902,1,1,heldout,0,dat2,product-056,cat-fashion-men,shop-04,Tue Jul 07 2026 19:54:00 GMT+0700 (Indochina Time),0,synthetic-preference-rule,0.2,0.1,1,1,0,0,1,0,437,1,9.3834,1,0.8055,0.5543,1,100,1
dat2-pair-0097,mock-reco-v1,20260902,1,1,train,1,dat2,product-038,cat-kitchen,shop-09,Wed Jul 08 2026 16:55:00 GMT+0700 (Indochina Time),1,synthetic-preference-rule,0.2,1,5,0,1,1,1,0,451,0.651,7.1333,0,0.9808,0.5829,1,100,1
dat2-pair-0098,mock-reco-v1,20260902,1,1,train,2,dat2,product-114,cat-grocery,shop-11,Thu Jul 09 2026 13:56:00 GMT+0700 (Indochina Time),0,synthetic-preference-rule,0.2,0.1,1,1,0,0,1,0,470,1,8.9288,0,0.6274,0.6114,1,100,1
dat2-pair-0099,mock-reco-v1,20260902,1,1,train,3,dat2,product-065,cat-beauty,shop-02,Fri Jul 10 2026 10:41:00 GMT+0700 (Indochina Time),1,synthetic-preference-rule,1,0.1,5,1,0,1,1,0,473,0.419,9.3637,0,0.9151,0.8,1,100,1
dat2-pair-0100,mock-reco-v1,20260902,1,1,train,4,dat2,product-023,cat-home,shop-04,Sat Jul 11 2026 07:42:00 GMT+0700 (Indochina Time),0,synthetic-preference-rule,0.2,0.1,2,0,0,0,1,0,445,1,9.3744,1,0.8986,0.4686,1,100,1
dat2-pair-0101,mock-reco-v1,20260902,1,1,heldout,0,dat2,product-084,cat-mother-baby,shop-02,Sun Jul 12 2026 08:27:00 GMT+0700 (Indochina Time),1,synthetic-preference-rule,1,0.1,6,1,0,0,1,0,408,1,7.5725,0,0.8795,0.8571,1,100,1
dat2-pair-0102,mock-reco-v1,20260902,1,1,train,1,dat2,product-093,cat-books,shop-12,Tue Jul 14 2026 05:28:00 GMT+0700 (Indochina Time),0,synthetic-preference-rule,0.2,0.1,2,0,0,0,1,0,436,0.046,8.9372,0,0.9726,0.5257,1,100,1
dat2-pair-0103,mock-reco-v1,20260902,1,1,train,2,dat2,product-009,cat-electronics,shop-05,Tue Jul 14 2026 14:25:00 GMT+0700 (Indochina Time),1,synthetic-preference-rule,0.2,1,5,1,1,1,1,0,405,1,9.0851,0,0.9918,0.5543,1,100,1
dat2-pair-0104,mock-reco-v1,20260902,1,1,train,3,dat2,product-001,cat-electronics,shop-01,Wed Jul 15 2026 11:26:00 GMT+0700 (Indochina Time),0,synthetic-preference-rule,0.2,0.1,2,0,0,1,1,0,449,1,9.1876,1,0.5205,0.5829,0,100,1
dat2-pair-0105,mock-reco-v1,20260902,1,1,train,4,dat2,product-048,cat-fashion-women,shop-11,Thu Jul 16 2026 20:31:00 GMT+0700 (Indochina Time),1,synthetic-preference-rule,1,0.1,5,1,0,0,1,0,476,1,7.8785,0,0.7151,0.9714,1,100,1
dat2-pair-0106,mock-reco-v1,20260902,1,1,heldout,0,dat2,product-029,cat-home,shop-11,Fri Jul 17 2026 21:48:00 GMT+0700 (Indochina Time),0,synthetic-preference-rule,0.2,0.1,1,1,0,0,1,0,415,1,9.1587,0,0.9151,0.44,1,100,1
dat2-pair-0107,mock-reco-v1,20260902,1,1,train,1,dat2,product-074,cat-sports,shop-12,Sun Jul 19 2026 02:29:00 GMT+0700 (Indochina Time),1,synthetic-preference-rule,1,0.1,5,1,0,0,1,0,427,1,7.0326,0,0.5096,0.8286,1,100,1
dat2-pair-0108,mock-reco-v1,20260902,1,1,train,2,dat2,product-100,cat-books,shop-12,Sun Jul 19 2026 23:30:00 GMT+0700 (Indochina Time),0,synthetic-preference-rule,0.2,0.1,1,1,0,0,1,0,495,1,8.2174,1,0.9918,0.4971,1,100,1
dat2-pair-0109,mock-reco-v1,20260902,1,1,train,3,dat2,product-097,cat-books,shop-09,Mon Jul 20 2026 12:51:00 GMT+0700 (Indochina Time),1,synthetic-preference-rule,0.2,1,4,1,1,1,1,0,414,0.77,7.0335,0,0.9836,0.5257,1,100,1
dat2-pair-0110,mock-reco-v1,20260902,1,1,train,4,dat2,product-006,cat-electronics,shop-02,Tue Jul 21 2026 09:52:00 GMT+0700 (Indochina Time),0,synthetic-preference-rule,0.2,0.1,2,0,0,0,1,0,382,0.14,8.5007,1,0.5288,0.5543,1,100,1
dat2-pair-0111,mock-reco-v1,20260902,1,1,heldout,0,dat2,product-035,cat-kitchen,shop-05,Wed Jul 22 2026 15:14:00 GMT+0700 (Indochina Time),1,synthetic-preference-rule,0.2,1,5,1,1,1,1,0,436,1,8.7177,0,0.9836,0.5829,0,100,1
dat2-pair-0112,mock-reco-v1,20260902,1,1,train,1,dat2,product-036,cat-kitchen,shop-10,Thu Jul 23 2026 18:13:00 GMT+0700 (Indochina Time),0,synthetic-preference-rule,0.2,0.1,2,0,0,0,1,0,399,1,8.4098,1,0.9863,0.6114,1,100,1
dat2-pair-0113,mock-reco-v1,20260902,1,1,train,2,dat2,product-064,cat-beauty,shop-09,Fri Jul 24 2026 09:16:00 GMT+0700 (Indochina Time),1,synthetic-preference-rule,1,1,5,0,1,1,1,0,480,0.362,9.2141,0,0.9288,0.8,1,100,1
dat2-pair-0114,mock-reco-v1,20260902,1,1,train,3,dat2,product-106,cat-pets,shop-06,Sat Jul 25 2026 12:15:00 GMT+0700 (Indochina Time),0,synthetic-preference-rule,0.2,0.1,2,0,0,1,1,0,409,1,8.9096,1,0.663,0.4686,1,100,1
dat2-pair-0115,mock-reco-v1,20260902,1,1,train,4,dat2,product-083,cat-mother-baby,shop-09,Sun Jul 26 2026 22:54:00 GMT+0700 (Indochina Time),1,synthetic-preference-rule,1,1,5,1,1,1,1,0,371,1,5.7838,0,0.8822,0.8571,1,100,1
dat2-pair-0116,mock-reco-v1,20260902,1,1,heldout,0,dat2,product-013,cat-computers,shop-02,Tue Jul 28 2026 01:53:00 GMT+0700 (Indochina Time),0,synthetic-preference-rule,0.2,0.1,1,1,0,0,1,0,452,1,8.6019,0,0.6658,0.5257,1,100,1
dat2-pair-0117,mock-reco-v1,20260902,1,1,train,1,dat2,product-007,cat-electronics,shop-07,Tue Jul 28 2026 16:56:00 GMT+0700 (Indochina Time),1,synthetic-preference-rule,0.2,1,6,1,1,0,1,0,419,0.197,4.1109,0,0.537,0.5543,1,100,1
dat2-pair-0118,mock-reco-v1,20260902,1,1,train,2,dat2,product-053,cat-fashion-men,shop-01,Wed Jul 29 2026 19:55:00 GMT+0700 (Indochina Time),0,synthetic-preference-rule,0.2,0.1,1,1,0,0,1,0,400,1,9.237,0,0.8192,0.5829,1,100,1
dat2-pair-0119,mock-reco-v1,20260902,1,1,train,3,dat2,product-047,cat-fashion-women,shop-06,Thu Jul 30 2026 15:22:00 GMT+0700 (Indochina Time),1,synthetic-preference-rule,1,0.1,5,1,0,0,1,0,439,0.363,6.9285,0,0.7178,0.9714,1,100,1
dat2-pair-0120,mock-reco-v1,20260902,1,1,train,4,dat2,product-110,cat-pets,shop-03,Fri Jul 31 2026 18:21:00 GMT+0700 (Indochina Time),0,synthetic-preference-rule,0.2,0.1,2,0,0,0,1,0,469,1,7.9484,0,0.6301,0.44,1,100,1
dat2-pair-0121,mock-reco-v1,20260902,1,1,heldout,0,dat2,product-073,cat-sports,shop-07,Sat Aug 01 2026 17:45:00 GMT+0700 (Indochina Time),1,synthetic-preference-rule,1,1,5,1,1,0,1,0,464,1,7.9201,0,1,0.8286,1,100,1
dat2-pair-0122,mock-reco-v1,20260902,1,1,train,1,dat2,product-020,cat-computers,shop-01,Sun Aug 02 2026 14:46:00 GMT+0700 (Indochina Time),0,synthetic-preference-rule,0.2,0.1,2,0,0,0,1,0,423,1,9.3616,0,0.6411,0.4971,1,100,1
dat2-pair-0123,mock-reco-v1,20260902,1,1,train,2,dat2,product-094,cat-books,shop-05,Mon Aug 03 2026 11:47:00 GMT+0700 (Indochina Time),1,synthetic-preference-rule,0.2,1,5,1,1,0,0.4722,1,399,1,8.698,0,0.9753,0.5257,1,100,1
dat2-pair-0124,mock-reco-v1,20260902,1,1,train,3,dat2,product-058,cat-fashion-men,shop-02,Tue Aug 04 2026 08:48:00 GMT+0700 (Indochina Time),0,synthetic-preference-rule,0.2,0.1,2,0,0,1,1,0,385,0.449,8.2509,0,0.811,0.5543,1,100,1
dat2-pair-0125,mock-reco-v1,20260902,1,1,train,4,dat2,product-033,cat-kitchen,shop-07,Thu Aug 06 2026 05:49:00 GMT+0700 (Indochina Time),1,synthetic-preference-rule,0.2,1,4,1,1,1,1,0,466,1,9.1429,0,0.989,0.5829,1,100,1
dat2-pair-0126,mock-reco-v1,20260902,1,1,heldout,0,dat2,product-115,cat-grocery,shop-04,Fri Aug 07 2026 02:50:00 GMT+0700 (Indochina Time),0,synthetic-preference-rule,0.2,0.1,1,1,0,0,1,0,485,0.117,9.0135,0,0.6466,0.6114,1,100,1
dat2-pair-0127,mock-reco-v1,20260902,1,1,train,1,dat2,product-063,cat-beauty,shop-04,Fri Aug 07 2026 23:51:00 GMT+0700 (Indochina Time),1,synthetic-preference-rule,1,0.1,5,1,0,1,1,0,443,1,9.0382,0,0.9315,0.8,1,100,1
dat2-pair-0128,mock-reco-v1,20260902,1,1,train,2,dat2,product-025,cat-home,shop-03,Sat Aug 08 2026 20:52:00 GMT+0700 (Indochina Time),0,synthetic-preference-rule,0.2,0.1,1,1,0,0,1,0,393,1,7.2189,0,0.9041,0.4686,1,100,1
dat2-pair-0129,mock-reco-v1,20260902,1,1,train,3,dat2,product-082,cat-mother-baby,shop-04,Sun Aug 09 2026 13:21:00 GMT+0700 (Indochina Time),1,synthetic-preference-rule,1,0.1,6,0,0,1,1,0,482,0.798,8.5529,0,0.8849,0.8571,1,100,1
dat2-pair-0130,mock-reco-v1,20260902,1,1,train,4,dat2,product-095,cat-books,shop-10,Mon Aug 10 2026 14:38:00 GMT+0700 (Indochina Time),0,synthetic-preference-rule,0.2,0.1,2,0,0,0,1,0,466,1,9.1999,0,0.9781,0.5257,1,100,1
dat2-pair-0131,mock-reco-v1,20260902,1,1,heldout,0,dat2,product-005,cat-electronics,shop-09,Tue Aug 11 2026 20:16:00 GMT+0700 (Indochina Time),1,synthetic-preference-rule,0.2,1,5,1,1,1,1,0,471,1,8.1014,0,0.5315,0.5543,1,100,1
dat2-pair-0132,mock-reco-v1,20260902,1,1,train,1,dat2,product-002,cat-electronics,shop-06,Wed Aug 12 2026 23:15:00 GMT+0700 (Indochina Time),0,synthetic-preference-rule,0.2,0.1,2,0,0,0,1,0,486,1,9.3408,0,0.5178,0.5829,1,100,1
dat2-pair-0133,mock-reco-v1,20260902,1,1,train,2,dat2,product-046,cat-fashion-women,shop-01,Fri Aug 14 2026 02:14:00 GMT+0700 (Indochina Time),1,synthetic-preference-rule,1,0.1,5,1,0,0,1,0,424,1,8.679,1,0.7205,0.9714,1,100,1
dat2-pair-0134,mock-reco-v1,20260902,1,1,train,3,dat2,product-030,cat-home,shop-04,Sat Aug 15 2026 05:13:00 GMT+0700 (Indochina Time),0,synthetic-preference-rule,0.2,0.1,1,0,0,1,1,0,452,1,9.3161,0,0.9123,0.44,1,100,1
dat2-pair-0135,mock-reco-v1,20260902,1,1,train,4,dat2,product-072,cat-sports,shop-01,Sat Aug 15 2026 08:20:00 GMT+0700 (Indochina Time),1,synthetic-preference-rule,1,0.1,5,1,0,0,0.1389,1,375,1,8.3827,0,0.5151,0.8286,1,100,1
dat2-pair-0136,mock-reco-v1,20260902,1,1,heldout,0,dat2,product-102,cat-pets,shop-10,Sun Aug 16 2026 11:19:00 GMT+0700 (Indochina Time),0,synthetic-preference-rule,0.2,0.1,1,1,0,0,1,0,387,1,7.5385,0,0.6521,0.4971,1,100,1
dat2-pair-0137,mock-reco-v1,20260902,1,1,train,1,dat2,product-092,cat-books,shop-07,Mon Aug 17 2026 14:18:00 GMT+0700 (Indochina Time),1,synthetic-preference-rule,0.2,1,5,1,1,0,1,0,451,0.827,7.9204,0,0.9699,0.5257,1,100,1
dat2-pair-0138,mock-reco-v1,20260902,1,1,train,2,dat2,product-008,cat-electronics,shop-12,Tue Aug 18 2026 17:17:00 GMT+0700 (Indochina Time),0,synthetic-preference-rule,0.2,0.1,2,0,0,0,0.7222,0,456,0.978,7.4265,0,0.5342,0.5543,1,100,1
dat2-pair-0139,mock-reco-v1,20260902,1,1,train,3,dat2,product-031,cat-kitchen,shop-09,Wed Aug 19 2026 20:08:00 GMT+0700 (Indochina Time),1,synthetic-preference-rule,0.2,1,5,1,1,0,1,0,414,0.594,6.3733,1,0.9945,0.5829,1,100,1
dat2-pair-0140,mock-reco-v1,20260902,1,1,train,4,dat2,product-037,cat-kitchen,shop-04,Thu Aug 20 2026 23:07:00 GMT+0700 (Indochina Time),0,synthetic-preference-rule,0.2,0.1,2,0,0,0,1,0,488,1,7.9628,0,0.9781,0.6114,1,100,1
dat2-pair-0141,mock-reco-v1,20260902,1,1,heldout,0,dat2,product-062,cat-beauty,shop-11,Sat Aug 22 2026 00:55:00 GMT+0700 (Indochina Time),1,synthetic-preference-rule,1,0.1,4,1,0,1,1,0,406,1,8.8247,0,0.9233,0.8,1,100,1
dat2-pair-0142,mock-reco-v1,20260902,1,1,train,1,dat2,product-107,cat-pets,shop-11,Sat Aug 22 2026 21:56:00 GMT+0700 (Indochina Time),0,synthetic-preference-rule,0.2,0.1,2,0,0,0,1,0,394,1,8.6629,0,0.6658,0.4686,1,100,1
dat2-pair-0143,mock-reco-v1,20260902,1,1,train,2,dat2,product-081,cat-mother-baby,shop-11,Mon Aug 24 2026 06:53:00 GMT+0700 (Indochina Time),1,synthetic-preference-rule,1,0.1,5,1,0,1,1,0,445,0.017,8.1784,1,0.8877,0.8571,1,100,1
dat2-pair-0144,mock-reco-v1,20260902,1,1,train,3,dat2,product-015,cat-computers,shop-12,Tue Aug 25 2026 03:54:00 GMT+0700 (Indochina Time),0,synthetic-preference-rule,0.2,0.1,1,0,0,1,1,0,482,1,8.9526,0,0.6712,0.5257,1,100,1
dat2-pair-0145,mock-reco-v1,20260902,1,1,train,4,dat2,product-120,cat-grocery,shop-05,Tue Aug 25 2026 12:51:00 GMT+0700 (Indochina Time),1,synthetic-preference-rule,0.2,1,6,0,1,1,1,0,462,1,8.5679,0,0.611,0.5543,0,100,1
dat2-pair-0146,mock-reco-v1,20260902,1,1,heldout,0,dat2,product-054,cat-fashion-men,shop-06,Wed Aug 26 2026 09:52:00 GMT+0700 (Indochina Time),0,synthetic-preference-rule,0.2,0.1,1,1,0,0,1,0,489,1,9.0654,0,0.8219,0.5829,1,100,1
dat2-pair-0147,mock-reco-v1,20260902,1,1,train,1,dat2,product-045,cat-fashion-women,shop-08,Thu Aug 27 2026 18:49:00 GMT+0700 (Indochina Time),1,synthetic-preference-rule,1,1,5,1,1,1,0.1944,1,387,1,8.3568,1,0.7233,0.9714,1,100,1
dat2-pair-0148,mock-reco-v1,20260902,1,1,train,2,dat2,product-112,cat-grocery,shop-01,Fri Aug 28 2026 15:50:00 GMT+0700 (Indochina Time),0,synthetic-preference-rule,0.2,0.1,2,0,0,0,1,0,418,0.174,8.3682,0,0.6329,0.44,1,100,1
dat2-pair-0149,mock-reco-v1,20260902,1,1,train,3,dat2,product-071,cat-sports,shop-08,Sun Aug 30 2026 00:47:00 GMT+0700 (Indochina Time),1,synthetic-preference-rule,1,1,5,1,1,0,1,0,412,0.334,8.6978,1,0.5123,0.8286,1,100,1
dat2-pair-0150,mock-reco-v1,20260902,1,1,train,4,dat2,product-021,cat-home,shop-06,Mon Jun 01 2026 21:48:00 GMT+0700 (Indochina Time),0,synthetic-preference-rule,0.2,0.1,2,0,0,0,1,0,371,0.539,9.0531,1,0.8932,0.4971,1,100,1
dat2-pair-0151,mock-reco-v1,20260902,1,1,heldout,0,dat2,product-090,cat-mother-baby,shop-09,Wed Jun 03 2026 02:54:00 GMT+0700 (Indochina Time),1,synthetic-preference-rule,1,1,5,1,1,0,1,0,400,1,8.7216,0,0.9068,0.8857,1,100,1
dat2-pair-0152,mock-reco-v1,20260902,1,1,train,1,dat2,product-060,cat-fashion-men,shop-12,Thu Jun 04 2026 05:53:00 GMT+0700 (Indochina Time),0,synthetic-preference-rule,0.2,0.1,2,0,0,0,1,0,371,1,8.8635,0,0.8384,0.5543,1,100,1
dat2-pair-0153,mock-reco-v1,20260902,1,1,train,2,dat2,product-026,cat-home,shop-08,Thu Jun 04 2026 20:56:00 GMT+0700 (Indochina Time),1,synthetic-preference-rule,0.2,1,5,1,1,1,1,0,430,1,8.001,1,0.9014,0.5829,1,100,1
dat2-pair-0154,mock-reco-v1,20260902,1,1,train,3,dat2,product-117,cat-grocery,shop-02,Fri Jun 05 2026 23:55:00 GMT+0700 (Indochina Time),0,synthetic-preference-rule,0.2,0.1,1,1,0,0,1,0,411,1,9.3458,0,0.6411,0.6114,1,100,1
dat2-pair-0155,mock-reco-v1,20260902,1,1,train,4,dat2,product-061,cat-beauty,shop-06,Sat Jun 06 2026 14:58:00 GMT+0700 (Indochina Time),1,synthetic-preference-rule,1,0.1,5,1,0,0,1,0,495,1,8.5528,1,0.926,0.8,1,100,1
dat2-pair-0156,mock-reco-v1,20260902,1,1,heldout,0,dat2,product-027,cat-home,shop-01,Sun Jun 07 2026 17:57:00 GMT+0700 (Indochina Time),0,synthetic-preference-rule,0.2,0.1,1,1,0,0,1,0,467,1,8.5768,0,0.9096,0.4686,1,100,1
dat2-pair-0157,mock-reco-v1,20260902,1,1,train,1,dat2,product-080,cat-sports,shop-06,Mon Jun 08 2026 09:00:00 GMT+0700 (Indochina Time),1,synthetic-preference-rule,1,0.1,4,1,0,1,1,0,457,0.505,8.1371,0,0.9863,0.8571,1,100,1
dat2-pair-0158,mock-reco-v1,20260902,1,1,train,2,dat2,product-096,cat-books,shop-03,Tue Jun 09 2026 11:59:00 GMT+0700 (Indochina Time),0,synthetic-preference-rule,0.2,0.1,2,0,0,0,1,0,429,1,9.0212,1,0.9808,0.5257,1,100,1
dat2-pair-0159,mock-reco-v1,20260902,1,1,train,3,dat2,product-118,cat-grocery,shop-07,Thu Jun 11 2026 03:02:00 GMT+0700 (Indochina Time),1,synthetic-preference-rule,0.2,1,6,1,1,1,0.5556,0,448,0.06,6.9754,0,0.6384,0.5543,1,100,1
dat2-pair-0160,mock-reco-v1,20260902,1,1,train,4,dat2,product-003,cat-electronics,shop-11,Fri Jun 12 2026 06:01:00 GMT+0700 (Indochina Time),0,synthetic-preference-rule,0.2,0.1,2,0,0,0,1,0,397,1,8.7852,0,0.526,0.5829,1,100,1
dat2-pair-0161,mock-reco-v1,20260902,1,1,heldout,0,dat2,product-044,cat-fashion-women,shop-03,Sat Jun 13 2026 05:25:00 GMT+0700 (Indochina Time),1,synthetic-preference-rule,1,0.1,6,0,0,1,1,0,372,1,9.1178,0,0.726,0.9714,1,100,1
dat2-pair-0162,mock-reco-v1,20260902,1,1,train,1,dat2,product-032,cat-kitchen,shop-02,Sun Jun 14 2026 02:26:00 GMT+0700 (Indochina Time),0,synthetic-preference-rule,0.2,0.1,2,0,0,1,1,0,377,1,9.3026,0,0.9973,0.44,1,100,1
dat2-pair-0163,mock-reco-v1,20260902,1,1,train,2,dat2,product-070,cat-beauty,shop-03,Sun Jun 14 2026 23:27:00 GMT+0700 (Indochina Time),1,synthetic-preference-rule,1,0.1,4,1,0,0,0.7778,0,488,0.972,8.6739,0,0.9014,0.8286,1,100,1
dat2-pair-0164,mock-reco-v1,20260902,1,1,train,3,dat2,product-103,cat-pets,shop-03,Mon Jun 15 2026 20:28:00 GMT+0700 (Indochina Time),0,synthetic-preference-rule,0.2,0.1,1,1,0,0,1,0,372,0.286,5.5607,0,0.6548,0.4971,0,100,1
dat2-pair-0165,mock-reco-v1,20260902,1,1,train,4,dat2,product-089,cat-mother-baby,shop-04,Tue Jun 16 2026 17:21:00 GMT+0700 (Indochina Time),1,synthetic-preference-rule,1,0.1,5,1,0,0,1,0,489,0.969,8.4152,1,0.9096,0.8857,1,100,1
dat2-pair-0166,mock-reco-v1,20260902,1,1,heldout,0,dat2,product-010,cat-electronics,shop-10,Wed Jun 17 2026 14:22:00 GMT+0700 (Indochina Time),0,synthetic-preference-rule,0.2,0.1,1,1,0,0,1,0,442,0.368,9.2536,0,0.989,0.5543,1,100,1
dat2-pair-0167,mock-reco-v1,20260902,1,1,train,1,dat2,product-024,cat-home,shop-09,Thu Jun 18 2026 11:23:00 GMT+0700 (Indochina Time),1,synthetic-preference-rule,0.2,1,5,1,1,0,0.2778,1,482,1,7.2457,0,0.8959,0.5829,1,100,1
dat2-pair-0168,mock-reco-v1,20260902,1,1,train,2,dat2,product-039,cat-kitchen,shop-02,Fri Jun 19 2026 08:24:00 GMT+0700 (Indochina Time),0,synthetic-preference-rule,0.2,0.1,2,0,0,0,1,0,458,1,7.3382,0,0.9726,0.6114,1,100,1
dat2-pair-0169,mock-reco-v1,20260902,1,1,train,3,dat2,product-059,cat-fashion-men,shop-07,Sun Jun 21 2026 05:33:00 GMT+0700 (Indochina Time),1,synthetic-preference-rule,0.2,1,5,1,1,1,1,0,408,1,9.0697,0,0.8356,0.44,1,100,1
dat2-pair-0170,mock-reco-v1,20260902,1,1,train,4,dat2,product-108,cat-pets,shop-04,Mon Jun 22 2026 02:34:00 GMT+0700 (Indochina Time),0,synthetic-preference-rule,0.2,0.1,2,0,0,0,0.5833,0,483,0.229,8.3345,0,0.6685,0.4686,1,100,1
dat2-pair-0171,mock-reco-v1,20260902,1,1,heldout,0,dat2,product-079,cat-sports,shop-01,Mon Jun 22 2026 14:20:00 GMT+0700 (Indochina Time),1,synthetic-preference-rule,1,0.1,5,1,0,0,1,0,494,1,8.5248,0,0.9836,0.8571,1,100,1
dat2-pair-0172,mock-reco-v1,20260902,1,1,train,1,dat2,product-017,cat-computers,shop-10,Tue Jun 23 2026 17:19:00 GMT+0700 (Indochina Time),0,synthetic-preference-rule,0.2,0.1,2,0,0,1,1,0,430,1,9.3026,0,0.6767,0.5257,1,100,1
dat2-pair-0173,mock-reco-v1,20260902,1,1,train,2,dat2,product-116,cat-grocery,shop-09,Wed Jun 24 2026 20:18:00 GMT+0700 (Indochina Time),1,synthetic-preference-rule,0.2,1,4,1,1,1,1,0,396,0.898,9.1934,1,0.6438,0.5543,1,100,1
dat2-pair-0174,mock-reco-v1,20260902,1,1,train,3,dat2,product-055,cat-fashion-men,shop-11,Thu Jun 25 2026 23:17:00 GMT+0700 (Indochina Time),0,synthetic-preference-rule,0.2,0.1,1,1,0,0,0.7778,0,474,0.392,7.7017,0,0.8027,0.5829,1,100,1
dat2-pair-0175,mock-reco-v1,20260902,1,1,train,4,dat2,product-043,cat-fashion-women,shop-10,Sat Jun 27 2026 02:16:00 GMT+0700 (Indochina Time),1,synthetic-preference-rule,1,0.1,6,1,0,1,1,0,461,1,8.9223,0,0.7288,0.9714,1,100,1
dat2-pair-0176,mock-reco-v1,20260902,1,1,heldout,0,dat2,product-113,cat-grocery,shop-06,Sun Jun 28 2026 05:15:00 GMT+0700 (Indochina Time),0,synthetic-preference-rule,0.2,0.1,1,1,0,0,1,0,433,0.955,8.6873,0,0.6301,0.44,1,100,1
dat2-pair-0177,mock-reco-v1,20260902,1,1,train,1,dat2,product-069,cat-beauty,shop-10,Mon Jun 29 2026 03:58:00 GMT+0700 (Indochina Time),1,synthetic-preference-rule,1,0.1,6,0,0,1,1,0,451,0.191,8.3497,0,0.9041,0.8286,0,100,1
dat2-pair-0178,mock-reco-v1,20260902,1,1,train,2,dat2,product-022,cat-home,shop-11,Tue Jun 30 2026 06:57:00 GMT+0700 (Indochina Time),0,synthetic-preference-rule,0.2,0.1,2,0,0,0,1,0,408,1,9.2266,0,0.8904,0.4971,1,100,1
dat2-pair-0179,mock-reco-v1,20260902,1,1,train,3,dat2,product-088,cat-mother-baby,shop-11,Tue Jun 30 2026 14:28:00 GMT+0700 (Indochina Time),1,synthetic-preference-rule,1,0.1,4,1,0,0,1,0,430,0.684,9.0384,0,0.8904,0.8857,1,100,1
dat2-pair-0180,mock-reco-v1,20260902,1,1,train,4,dat2,product-091,cat-books,shop-02,Wed Jul 01 2026 17:27:00 GMT+0700 (Indochina Time),0,synthetic-preference-rule,0.2,0.1,2,0,0,0,1,0,488,1,8.383,1,0.9671,0.5543,1,100,1
dat2-pair-0181,mock-reco-v1,20260902,1,1,heldout,0,dat2,product-019,cat-computers,shop-08,Thu Jul 02 2026 16:51:00 GMT+0700 (Indochina Time),1,synthetic-preference-rule,0.2,1,5,1,1,0,1,0,460,1,7.1325,0,0.6384,0.5829,1,100,1
dat2-pair-0182,mock-reco-v1,20260902,1,1,train,1,dat2,product-119,cat-grocery,shop-12,Fri Jul 03 2026 13:52:00 GMT+0700 (Indochina Time),0,synthetic-preference-rule,0.2,0.1,1,0,0,1,0.75,0,425,0.345,8.2,0,0.6137,0.6114,1,100,1
dat2-pair-0183,mock-reco-v1,20260902,1,1,train,2,dat2,product-057,cat-fashion-men,shop-09,Sat Jul 04 2026 22:49:00 GMT+0700 (Indochina Time),1,synthetic-preference-rule,0.2,1,5,0,1,1,1,0,422,1,8.6034,0,0.8082,0.44,1,100,1
dat2-pair-0184,mock-reco-v1,20260902,1,1,train,3,dat2,product-028,cat-home,shop-06,Sun Jul 05 2026 19:50:00 GMT+0700 (Indochina Time),0,synthetic-preference-rule,0.2,0.1,1,1,0,0,0.9444,0,378,0.482,8.843,0,0.9068,0.4686,1,100,1
dat2-pair-0185,mock-reco-v1,20260902,1,1,train,4,dat2,product-078,cat-sports,shop-08,Tue Jul 07 2026 04:55:00 GMT+0700 (Indochina Time),1,synthetic-preference-rule,1,1,5,1,1,1,1,0,405,1,8.9371,1,0.5205,0.8571,1,100,1
dat2-pair-0186,mock-reco-v1,20260902,1,1,heldout,0,dat2,product-098,cat-books,shop-02,Wed Jul 08 2026 01:56:00 GMT+0700 (Indochina Time),0,synthetic-preference-rule,0.2,0.1,2,0,0,0,0.1944,1,377,1,9.3514,0,0.9863,0.5257,1,100,1
dat2-pair-0187,mock-reco-v1,20260902,1,1,train,1,dat2,product-111,cat-grocery,shop-08,Wed Jul 08 2026 10:53:00 GMT+0700 (Indochina Time),1,synthetic-preference-rule,0.2,1,5,1,1,0,1,0,381,1,7.8969,1,0.6356,0.5543,1,100,1
dat2-pair-0188,mock-reco-v1,20260902,1,1,train,2,dat2,product-004,cat-electronics,shop-04,Thu Jul 09 2026 07:54:00 GMT+0700 (Indochina Time),0,synthetic-preference-rule,0.2,0.1,2,0,0,0,1,0,434,0.254,9.0065,0,0.5233,0.5829,1,100,1
dat2-pair-0189,mock-reco-v1,20260902,1,1,train,3,dat2,product-042,cat-fashion-women,shop-05,Fri Jul 10 2026 16:43:00 GMT+0700 (Indochina Time),1,synthetic-preference-rule,1,1,5,1,1,1,1,0,446,0.306,5.8693,0,0.7315,0.9714,1,100,1
dat2-pair-0190,mock-reco-v1,20260902,1,1,train,4,dat2,product-034,cat-kitchen,shop-12,Sat Jul 11 2026 13:44:00 GMT+0700 (Indochina Time),0,synthetic-preference-rule,0.2,0.1,2,0,0,0,1,0,429,1,8.9527,1,0.9918,0.44,1,100,1
dat2-pair-0191,mock-reco-v1,20260902,1,1,heldout,0,dat2,product-068,cat-beauty,shop-05,Sun Jul 12 2026 19:22:00 GMT+0700 (Indochina Time),1,synthetic-preference-rule,1,1,6,1,1,1,1,0,458,1,8.4149,0,0.9178,0.8286,1,100,1
dat2-pair-0192,mock-reco-v1,20260902,1,1,train,1,dat2,product-105,cat-pets,shop-01,Mon Jul 13 2026 22:21:00 GMT+0700 (Indochina Time),0,synthetic-preference-rule,0.2,0.1,1,0,0,1,1,0,446,0.172,9.1074,0,0.6603,0.4971,1,100,1
dat2-pair-0193,mock-reco-v1,20260902,1,1,train,2,dat2,product-087,cat-mother-baby,shop-06,Tue Jul 14 2026 13:24:00 GMT+0700 (Indochina Time),1,synthetic-preference-rule,1,0.1,5,1,0,0,1,0,393,1,8.8248,0,0.8932,0.8857,1,100,1
dat2-pair-0194,mock-reco-v1,20260902,1,1,train,3,dat2,product-011,cat-computers,shop-03,Wed Jul 15 2026 16:23:00 GMT+0700 (Indochina Time),0,synthetic-preference-rule,0.2,0.1,1,1,0,0,1,0,378,0.384,7.698,1,0.6603,0.5543,1,100,1
dat2-pair-0195,mock-reco-v1,20260902,1,1,train,4,dat2,product-016,cat-computers,shop-05,Thu Jul 16 2026 07:18:00 GMT+0700 (Indochina Time),1,synthetic-preference-rule,0.2,1,4,1,1,0,1,0,445,0.327,8.7175,1,0.674,0.5829,1,100,1
dat2-pair-0196,mock-reco-v1,20260902,1,1,heldout,0,dat2,product-051,cat-fashion-men,shop-03,Fri Jul 17 2026 10:17:00 GMT+0700 (Indochina Time),0,synthetic-preference-rule,0.2,0.1,2,0,0,0,0.1111,1,452,1,8.8582,1,0.8137,0.6114,1,100,1
dat2-pair-0197,mock-reco-v1,20260902,1,1,train,1,dat2,product-052,cat-fashion-men,shop-08,Sun Jul 19 2026 01:20:00 GMT+0700 (Indochina Time),1,synthetic-preference-rule,0.2,1,5,1,1,0,1,0,415,0.335,8.5966,0,0.8164,0.44,0,100,1
dat2-pair-0198,mock-reco-v1,20260902,1,1,train,2,dat2,product-109,cat-pets,shop-10,Mon Jul 20 2026 04:19:00 GMT+0700 (Indochina Time),0,synthetic-preference-rule,0.2,0.1,2,0,0,0,1,0,380,0.4,8.4007,0,0.6274,0.4686,1,100,1
dat2-pair-0199,mock-reco-v1,20260902,1,1,train,3,dat2,product-077,cat-sports,shop-03,Mon Jul 20 2026 19:14:00 GMT+0700 (Indochina Time),1,synthetic-preference-rule,1,0.1,5,0,0,1,1,0,442,0.22,9.13,0,0.5178,0.8571,1,100,1
dat2-pair-0200,mock-reco-v1,20260902,1,1,train,4,dat2,product-018,cat-computers,shop-03,Tue Jul 21 2026 22:13:00 GMT+0700 (Indochina Time),0,synthetic-preference-rule,0.2,0.1,2,0,0,0,1,0,393,1,9.1428,0,0.6795,0.5257,0,100,1
dat2-pair-0201,mock-reco-v1,20260902,1,1,heldout,0,dat2,product-104,cat-pets,shop-08,Thu Jul 23 2026 00:38:00 GMT+0700 (Indochina Time),1,synthetic-preference-rule,0.2,1,5,1,1,1,0.0833,1,461,1,9.2725,0,0.6575,0.5543,1,100,1
dat2-pair-0202,mock-reco-v1,20260902,1,1,train,1,dat2,product-056,cat-fashion-men,shop-04,Fri Jul 24 2026 03:37:00 GMT+0700 (Indochina Time),0,synthetic-preference-rule,0.2,0.1,1,1,0,0,1,0,437,1,9.3834,1,0.8055,0.5829,1,100,1
dat2-pair-0203,mock-reco-v1,20260902,1,1,train,2,dat2,product-041,cat-fashion-women,shop-12,Fri Jul 24 2026 18:40:00 GMT+0700 (Indochina Time),1,synthetic-preference-rule,1,0.1,5,1,0,0,1,0,409,1,9.2813,1,0.7342,0.9714,1,100,1
dat2-pair-0204,mock-reco-v1,20260902,1,1,train,3,dat2,product-114,cat-grocery,shop-11,Sat Jul 25 2026 21:39:00 GMT+0700 (Indochina Time),0,synthetic-preference-rule,0.2,0.1,1,1,0,0,1,0,470,1,8.9288,0,0.6274,0.44,1,100,1
dat2-pair-0205,mock-reco-v1,20260902,1,1,train,4,dat2,product-067,cat-beauty,shop-12,Sun Jul 26 2026 12:42:00 GMT+0700 (Indochina Time),1,synthetic-preference-rule,1,0.1,5,1,0,1,1,0,421,1,7.9707,1,0.9205,0.8286,1,100,1
dat2-pair-0206,mock-reco-v1,20260902,1,1,heldout,0,dat2,product-023,cat-home,shop-04,Mon Jul 27 2026 15:41:00 GMT+0700 (Indochina Time),0,synthetic-preference-rule,0.2,0.1,2,0,0,0,1,0,445,1,9.3744,1,0.8986,0.4971,1,100,1
dat2-pair-0207,mock-reco-v1,20260902,1,1,train,1,dat2,product-086,cat-mother-baby,shop-01,Wed Jul 29 2026 06:44:00 GMT+0700 (Indochina Time),1,synthetic-preference-rule,1,0.1,6,1,0,1,1,0,378,1,9.3637,1,0.8959,0.8857,0,100,1
dat2-pair-0208,mock-reco-v1,20260902,1,1,train,2,dat2,product-093,cat-books,shop-12,Wed Jul 29 2026 09:43:00 GMT+0700 (Indochina Time),0,synthetic-preference-rule,0.2,0.1,2,0,0,0,1,0,436,0.046,8.9372,0,0.9726,0.5543,1,100,1
dat2-pair-0209,mock-reco-v1,20260902,1,1,train,3,dat2,product-014,cat-computers,shop-07,Fri Jul 31 2026 00:30:00 GMT+0700 (Indochina Time),1,synthetic-preference-rule,0.2,1,5,1,1,0,1,0,415,0.441,8.2488,0,0.6685,0.5829,1,100,1
dat2-pair-0210,mock-reco-v1,20260902,1,1,train,4,dat2,product-001,cat-electronics,shop-01,Sat Aug 01 2026 03:29:00 GMT+0700 (Indochina Time),0,synthetic-preference-rule,0.2,0.1,2,0,0,1,1,0,449,1,9.1876,1,0.5205,0.6114,0,100,1
dat2-pair-0211,mock-reco-v1,20260902,1,1,heldout,0,dat2,product-050,cat-fashion-women,shop-10,Sat Aug 01 2026 22:07:00 GMT+0700 (Indochina Time),1,synthetic-preference-rule,1,0.1,4,1,0,0,1,0,490,1,9.3415,0,0.7534,0.8,1,100,1
dat2-pair-0212,mock-reco-v1,20260902,1,1,train,1,dat2,product-029,cat-home,shop-11,Sun Aug 02 2026 19:08:00 GMT+0700 (Indochina Time),0,synthetic-preference-rule,0.2,0.1,1,1,0,0,1,0,415,1,9.1587,0,0.9151,0.4686,1,100,1
dat2-pair-0213,mock-reco-v1,20260902,1,1,train,2,dat2,product-076,cat-sports,shop-10,Tue Aug 04 2026 04:05:00 GMT+0700 (Indochina Time),1,synthetic-preference-rule,1,0.1,5,1,0,1,0.5278,0,479,0.277,9.2916,1,0.526,0.8571,1,100,1
dat2-pair-0214,mock-reco-v1,20260902,1,1,train,3,dat2,product-100,cat-books,shop-12,Wed Aug 05 2026 01:06:00 GMT+0700 (Indochina Time),0,synthetic-preference-rule,0.2,0.1,1,1,0,0,1,0,495,1,8.2174,1,0.9918,0.5257,1,100,1
dat2-pair-0215,mock-reco-v1,20260902,1,1,train,4,dat2,product-101,cat-pets,shop-05,Wed Aug 05 2026 10:03:00 GMT+0700 (Indochina Time),1,synthetic-preference-rule,0.2,1,5,0,1,1,1,0,424,1,8.1599,1,0.6493,0.5543,1,100,1
dat2-pair-0216,mock-reco-v1,20260902,1,1,heldout,0,dat2,product-006,cat-electronics,shop-02,Thu Aug 06 2026 07:04:00 GMT+0700 (Indochina Time),0,synthetic-preference-rule,0.2,0.1,2,0,0,0,1,0,382,0.14,8.5007,1,0.5288,0.5829,1,100,1
dat2-pair-0217,mock-reco-v1,20260902,1,1,train,1,dat2,product-040,cat-kitchen,shop-07,Fri Aug 07 2026 16:01:00 GMT+0700 (Indochina Time),1,synthetic-preference-rule,0.2,1,5,1,1,1,1,0,421,0.765,9.3859,0,0.9753,0.6114,1,100,1
dat2-pair-0218,mock-reco-v1,20260902,1,1,train,2,dat2,product-036,cat-kitchen,shop-10,Sat Aug 08 2026 13:02:00 GMT+0700 (Indochina Time),0,synthetic-preference-rule,0.2,0.1,2,0,0,0,1,0,399,1,8.4098,1,0.9863,0.44,1,100,1
dat2-pair-0219,mock-reco-v1,20260902,1,1,train,3,dat2,product-066,cat-beauty,shop-07,Sun Aug 09 2026 22:15:00 GMT+0700 (Indochina Time),1,synthetic-preference-rule,1,1,6,1,1,0,1,0,384,1,7.1515,1,0.9123,0.8286,1,100,1
dat2-pair-0220,mock-reco-v1,20260902,1,1,train,4,dat2,product-106,cat-pets,shop-06,Mon Aug 10 2026 19:16:00 GMT+0700 (Indochina Time),0,synthetic-preference-rule,0.2,0.1,2,0,0,1,1,0,409,1,8.9096,1,0.663,0.4971,1,100,1
dat2-pair-0221,mock-reco-v1,20260902,1,1,heldout,0,dat2,product-085,cat-mother-baby,shop-08,Wed Aug 12 2026 05:40:00 GMT+0700 (Indochina Time),1,synthetic-preference-rule,1,1,5,1,1,1,0.8611,0,467,0.741,9.2142,0,0.8986,0.8857,1,100,1
dat2-pair-0222,mock-reco-v1,20260902,1,1,train,1,dat2,product-013,cat-computers,shop-02,Wed Aug 12 2026 08:39:00 GMT+0700 (Indochina Time),0,synthetic-preference-rule,0.2,0.1,1,1,0,0,1,0,452,1,8.6019,0,0.6658,0.5543,1,100,1
dat2-pair-0223,mock-reco-v1,20260902,1,1,train,2,dat2,product-012,cat-computers,shop-08,Thu Aug 13 2026 11:38:00 GMT+0700 (Indochina Time),1,synthetic-preference-rule,0.2,1,5,1,1,0,0.3611,1,467,1,6.3716,1,0.663,0.5829,1,100,1
dat2-pair-0224,mock-reco-v1,20260902,1,1,train,3,dat2,product-053,cat-fashion-men,shop-01,Fri Aug 14 2026 14:37:00 GMT+0700 (Indochina Time),0,synthetic-preference-rule,0.2,0.1,1,1,0,0,1,0,400,1,9.237,0,0.8192,0.6114,1,100,1
dat2-pair-0225,mock-reco-v1,20260902,1,1,train,4,dat2,product-049,cat-fashion-women,shop-05,Sat Aug 15 2026 17:36:00 GMT+0700 (Indochina Time),1,synthetic-preference-rule,1,1,5,1,1,0,1,0,453,0.477,9.1884,0,0.7562,0.8,1,100,1
dat2-pair-0226,mock-reco-v1,20260902,1,1,heldout,0,dat2,product-110,cat-pets,shop-03,Sun Aug 16 2026 20:35:00 GMT+0700 (Indochina Time),0,synthetic-preference-rule,0.2,0.1,2,0,0,0,1,0,469,1,7.9484,0,0.6301,0.4686,1,100,1
dat2-pair-0227,mock-reco-v1,20260902,1,1,train,1,dat2,product-075,cat-sports,shop-05,Mon Aug 17 2026 23:34:00 GMT+0700 (Indochina Time),1,synthetic-preference-rule,1,1,4,1,1,0,1,0,390,1,6.1442,0,0.5233,0.8571,1,100,1
dat2-pair-0228,mock-reco-v1,20260902,1,1,train,2,dat2,product-020,cat-computers,shop-01,Wed Aug 19 2026 02:33:00 GMT+0700 (Indochina Time),0,synthetic-preference-rule,0.2,0.1,2,0,0,0,1,0,423,1,9.3616,0,0.6411,0.5257,1,100,1
dat2-pair-0229,mock-reco-v1,20260902,1,1,train,3,dat2,product-099,cat-books,shop-07,Thu Aug 20 2026 05:32:00 GMT+0700 (Indochina Time),1,synthetic-preference-rule,0.2,1,5,1,1,1,0.5556,0,406,0.16,8.58,0,0.989,0.5543,1,100,1
dat2-pair-0230,mock-reco-v1,20260902,1,1,train,4,dat2,product-058,cat-fashion-men,shop-02,Thu Aug 20 2026 08:31:00 GMT+0700 (Indochina Time),0,synthetic-preference-rule,0.2,0.1,2,0,0,1,1,0,385,0.449,8.2509,0,0.811,0.5829,1,100,1
dat2-pair-0231,mock-reco-v1,20260902,1,1,heldout,0,dat2,product-038,cat-kitchen,shop-09,Sat Aug 22 2026 03:09:00 GMT+0700 (Indochina Time),1,synthetic-preference-rule,0.2,1,5,0,1,1,1,0,451,0.651,7.1333,0,0.9808,0.6114,1,100,1
dat2-pair-0232,mock-reco-v1,20260902,1,1,train,1,dat2,product-115,cat-grocery,shop-04,Sun Aug 23 2026 00:10:00 GMT+0700 (Indochina Time),0,synthetic-preference-rule,0.2,0.1,1,1,0,0,1,0,485,0.117,9.0135,0,0.6466,0.44,1,100,1
dat2-pair-0233,mock-reco-v1,20260902,1,1,train,2,dat2,product-065,cat-beauty,shop-02,Sun Aug 23 2026 21:11:00 GMT+0700 (Indochina Time),1,synthetic-preference-rule,1,0.1,5,1,0,1,1,0,473,0.419,9.3637,0,0.9151,0.8286,1,100,1
dat2-pair-0234,mock-reco-v1,20260902,1,1,train,3,dat2,product-025,cat-home,shop-03,Mon Aug 24 2026 18:12:00 GMT+0700 (Indochina Time),0,synthetic-preference-rule,0.2,0.1,1,1,0,0,1,0,393,1,7.2189,0,0.9041,0.4971,1,100,1
dat2-pair-0235,mock-reco-v1,20260902,1,1,train,4,dat2,product-084,cat-mother-baby,shop-02,Tue Aug 25 2026 15:05:00 GMT+0700 (Indochina Time),1,synthetic-preference-rule,1,0.1,6,1,0,0,1,0,408,1,7.5725,0,0.8795,0.8857,1,100,1
dat2-pair-0236,mock-reco-v1,20260902,1,1,heldout,0,dat2,product-095,cat-books,shop-10,Wed Aug 26 2026 12:06:00 GMT+0700 (Indochina Time),0,synthetic-preference-rule,0.2,0.1,2,0,0,0,1,0,466,1,9.1999,0,0.9781,0.5543,1,100,1
dat2-pair-0237,mock-reco-v1,20260902,1,1,train,1,dat2,product-009,cat-electronics,shop-05,Thu Aug 27 2026 09:07:00 GMT+0700 (Indochina Time),1,synthetic-preference-rule,0.2,1,5,1,1,1,1,0,405,1,9.0851,0,0.9918,0.5829,1,100,1
dat2-pair-0238,mock-reco-v1,20260902,1,1,train,2,dat2,product-002,cat-electronics,shop-06,Sat Aug 29 2026 06:08:00 GMT+0700 (Indochina Time),0,synthetic-preference-rule,0.2,0.1,2,0,0,0,1,0,486,1,9.3408,0,0.5178,0.6114,1,100,1
dat2-pair-0239,mock-reco-v1,20260902,1,1,train,3,dat2,product-048,cat-fashion-women,shop-11,Sun Aug 30 2026 03:01:00 GMT+0700 (Indochina Time),1,synthetic-preference-rule,1,0.1,5,1,0,0,1,0,476,1,7.8785,0,0.7151,0.8,1,100,1
dat2-pair-0240,mock-reco-v1,20260902,1,1,train,4,dat2,product-030,cat-home,shop-04,Tue Jun 02 2026 00:02:00 GMT+0700 (Indochina Time),0,synthetic-preference-rule,0.2,0.1,1,0,0,1,1,0,452,1,9.3161,0,0.9123,0.4686,1,100,1
dat2-pair-0241,mock-reco-v1,20260902,1,1,heldout,0,dat2,product-074,cat-sports,shop-12,Tue Jun 02 2026 08:42:00 GMT+0700 (Indochina Time),1,synthetic-preference-rule,1,0.1,5,1,0,0,1,0,427,1,7.0326,0,0.5096,0.8571,1,100,1
dat2-pair-0242,mock-reco-v1,20260902,1,1,train,1,dat2,product-102,cat-pets,shop-10,Wed Jun 03 2026 11:41:00 GMT+0700 (Indochina Time),0,synthetic-preference-rule,0.2,0.1,1,1,0,0,1,0,387,1,7.5385,0,0.6521,0.5257,1,100,1
dat2-pair-0243,mock-reco-v1,20260902,1,1,train,2,dat2,product-097,cat-books,shop-09,Fri Jun 05 2026 02:44:00 GMT+0700 (Indochina Time),1,synthetic-preference-rule,0.2,1,4,1,1,1,1,0,414,0.77,7.0335,0,0.9836,0.5543,1,100,1
dat2-pair-0244,mock-reco-v1,20260902,1,1,train,3,dat2,product-008,cat-electronics,shop-12,Sat Jun 06 2026 05:43:00 GMT+0700 (Indochina Time),0,synthetic-preference-rule,0.2,0.1,2,0,0,0,0.7222,0,456,0.978,7.4265,0,0.5342,0.5829,1,100,1
dat2-pair-0245,mock-reco-v1,20260902,1,1,train,4,dat2,product-035,cat-kitchen,shop-05,Sat Jun 06 2026 20:38:00 GMT+0700 (Indochina Time),1,synthetic-preference-rule,0.2,1,5,1,1,1,1,0,436,1,8.7177,0,0.9836,0.6114,0,100,1
dat2-pair-0246,mock-reco-v1,20260902,1,1,heldout,0,dat2,product-037,cat-kitchen,shop-04,Sun Jun 07 2026 23:37:00 GMT+0700 (Indochina Time),0,synthetic-preference-rule,0.2,0.1,2,0,0,0,1,0,488,1,7.9628,0,0.9781,0.44,1,100,1
dat2-pair-0247,mock-reco-v1,20260902,1,1,train,1,dat2,product-064,cat-beauty,shop-09,Mon Jun 08 2026 14:40:00 GMT+0700 (Indochina Time),1,synthetic-preference-rule,1,1,5,0,1,1,1,0,480,0.362,9.2141,0,0.9288,0.8286,1,100,1
dat2-pair-0248,mock-reco-v1,20260902,1,1,train,2,dat2,product-107,cat-pets,shop-11,Tue Jun 09 2026 17:39:00 GMT+0700 (Indochina Time),0,synthetic-preference-rule,0.2,0.1,2,0,0,0,1,0,394,1,8.6629,0,0.6658,0.4971,1,100,1
dat2-pair-0249,mock-reco-v1,20260902,1,1,train,3,dat2,product-083,cat-mother-baby,shop-09,Wed Jun 10 2026 08:34:00 GMT+0700 (Indochina Time),1,synthetic-preference-rule,1,1,5,1,1,1,1,0,371,1,5.7838,0,0.8822,0.8857,1,100,1
dat2-pair-0250,mock-reco-v1,20260902,1,1,train,4,dat2,product-015,cat-computers,shop-12,Thu Jun 11 2026 11:33:00 GMT+0700 (Indochina Time),0,synthetic-preference-rule,0.2,0.1,1,0,0,1,1,0,482,1,8.9526,0,0.6712,0.5543,1,100,1
dat2-pair-0251,mock-reco-v1,20260902,1,1,heldout,0,dat2,product-007,cat-electronics,shop-07,Sat Jun 13 2026 04:03:00 GMT+0700 (Indochina Time),1,synthetic-preference-rule,0.2,1,6,1,1,0,1,0,419,0.197,4.1109,0,0.537,0.5829,1,100,1
dat2-pair-0252,mock-reco-v1,20260902,1,1,train,1,dat2,product-054,cat-fashion-men,shop-06,Sun Jun 14 2026 01:04:00 GMT+0700 (Indochina Time),0,synthetic-preference-rule,0.2,0.1,1,1,0,0,1,0,489,1,9.0654,0,0.8219,0.6114,1,100,1
dat2-pair-0253,mock-reco-v1,20260902,1,1,train,2,dat2,product-047,cat-fashion-women,shop-06,Sun Jun 14 2026 10:01:00 GMT+0700 (Indochina Time),1,synthetic-preference-rule,1,0.1,5,1,0,0,1,0,439,0.363,6.9285,0,0.7178,0.8,1,100,1
dat2-pair-0254,mock-reco-v1,20260902,1,1,train,3,dat2,product-112,cat-grocery,shop-01,Mon Jun 15 2026 07:02:00 GMT+0700 (Indochina Time),0,synthetic-preference-rule,0.2,0.1,2,0,0,0,1,0,418,0.174,8.3682,0,0.6329,0.4686,1,100,1
dat2-pair-0255,mock-reco-v1,20260902,1,1,train,4,dat2,product-073,cat-sports,shop-07,Tue Jun 16 2026 16:07:00 GMT+0700 (Indochina Time),1,synthetic-preference-rule,1,1,5,1,1,0,1,0,464,1,7.9201,0,1,0.8571,1,100,1
dat2-pair-0256,mock-reco-v1,20260902,1,1,heldout,0,dat2,product-021,cat-home,shop-06,Wed Jun 17 2026 13:08:00 GMT+0700 (Indochina Time),0,synthetic-preference-rule,0.2,0.1,2,0,0,0,1,0,371,0.539,9.0531,1,0.8932,0.5257,1,100,1
dat2-pair-0257,mock-reco-v1,20260902,1,1,train,1,dat2,product-094,cat-books,shop-05,Thu Jun 18 2026 22:05:00 GMT+0700 (Indochina Time),1,synthetic-preference-rule,0.2,1,5,1,1,0,0.4722,1,399,1,8.698,0,0.9753,0.5543,1,100,1
dat2-pair-0258,mock-reco-v1,20260902,1,1,train,2,dat2,product-060,cat-fashion-men,shop-12,Fri Jun 19 2026 19:06:00 GMT+0700 (Indochina Time),0,synthetic-preference-rule,0.2,0.1,2,0,0,0,1,0,371,1,8.8635,0,0.8384,0.5829,1,100,1
dat2-pair-0259,mock-reco-v1,20260902,1,1,train,3,dat2,product-033,cat-kitchen,shop-07,Sun Jun 21 2026 03:55:00 GMT+0700 (Indochina Time),1,synthetic-preference-rule,0.2,1,4,1,1,1,1,0,466,1,9.1429,0,0.989,0.6114,1,100,1
dat2-pair-0260,mock-reco-v1,20260902,1,1,train,4,dat2,product-117,cat-grocery,shop-02,Mon Jun 22 2026 00:56:00 GMT+0700 (Indochina Time),0,synthetic-preference-rule,0.2,0.1,1,1,0,0,1,0,411,1,9.3458,0,0.6411,0.44,1,100,1
dat2-pair-0261,mock-reco-v1,20260902,1,1,heldout,0,dat2,product-063,cat-beauty,shop-04,Mon Jun 22 2026 13:12:00 GMT+0700 (Indochina Time),1,synthetic-preference-rule,1,0.1,5,1,0,1,1,0,443,1,9.0382,0,0.9315,0.8286,1,100,1
dat2-pair-0262,mock-reco-v1,20260902,1,1,train,1,dat2,product-027,cat-home,shop-01,Tue Jun 23 2026 16:11:00 GMT+0700 (Indochina Time),0,synthetic-preference-rule,0.2,0.1,1,1,0,0,1,0,467,1,8.5768,0,0.9096,0.4971,1,100,1
dat2-pair-0263,mock-reco-v1,20260902,1,1,train,2,dat2,product-082,cat-mother-baby,shop-04,Wed Jun 24 2026 19:10:00 GMT+0700 (Indochina Time),1,synthetic-preference-rule,1,0.1,6,0,0,1,1,0,482,0.798,8.5529,0,0.8849,0.8857,1,100,1
dat2-pair-0264,mock-reco-v1,20260902,1,1,train,3,dat2,product-096,cat-books,shop-03,Thu Jun 25 2026 22:09:00 GMT+0700 (Indochina Time),0,synthetic-preference-rule,0.2,0.1,2,0,0,0,1,0,429,1,9.0212,1,0.9808,0.5543,1,100,1
dat2-pair-0265,mock-reco-v1,20260902,1,1,train,4,dat2,product-005,cat-electronics,shop-09,Sat Jun 27 2026 01:16:00 GMT+0700 (Indochina Time),1,synthetic-preference-rule,0.2,1,5,1,1,1,1,0,471,1,8.1014,0,0.5315,0.5829,1,100,1
dat2-pair-0266,mock-reco-v1,20260902,1,1,heldout,0,dat2,product-003,cat-electronics,shop-11,Sun Jun 28 2026 04:15:00 GMT+0700 (Indochina Time),0,synthetic-preference-rule,0.2,0.1,2,0,0,0,1,0,397,1,8.7852,0,0.526,0.6114,1,100,1
dat2-pair-0267,mock-reco-v1,20260902,1,1,train,1,dat2,product-046,cat-fashion-women,shop-01,Sun Jun 28 2026 07:14:00 GMT+0700 (Indochina Time),1,synthetic-preference-rule,1,0.1,5,1,0,0,1,0,424,1,8.679,1,0.7205,0.8,1,100,1
dat2-pair-0268,mock-reco-v1,20260902,1,1,train,2,dat2,product-032,cat-kitchen,shop-02,Mon Jun 29 2026 10:13:00 GMT+0700 (Indochina Time),0,synthetic-preference-rule,0.2,0.1,2,0,0,1,1,0,377,1,9.3026,0,0.9973,0.4686,1,100,1
dat2-pair-0269,mock-reco-v1,20260902,1,1,train,3,dat2,product-072,cat-sports,shop-01,Tue Jun 30 2026 13:20:00 GMT+0700 (Indochina Time),1,synthetic-preference-rule,1,0.1,5,1,0,0,0.1389,1,375,1,8.3827,0,0.5151,0.8571,1,100,1
dat2-pair-0270,mock-reco-v1,20260902,1,1,train,4,dat2,product-103,cat-pets,shop-03,Wed Jul 01 2026 16:19:00 GMT+0700 (Indochina Time),0,synthetic-preference-rule,0.2,0.1,1,1,0,0,1,0,372,0.286,5.5607,0,0.6548,0.5257,0,100,1
dat2-pair-0271,mock-reco-v1,20260902,1,1,heldout,0,dat2,product-092,cat-books,shop-07,Thu Jul 02 2026 10:41:00 GMT+0700 (Indochina Time),1,synthetic-preference-rule,0.2,1,5,1,1,0,1,0,451,0.827,7.9204,0,0.9699,0.5543,1,100,1
dat2-pair-0272,mock-reco-v1,20260902,1,1,train,1,dat2,product-010,cat-electronics,shop-10,Fri Jul 03 2026 07:42:00 GMT+0700 (Indochina Time),0,synthetic-preference-rule,0.2,0.1,1,1,0,0,1,0,442,0.368,9.2536,0,0.989,0.5829,1,100,1
dat2-pair-0273,mock-reco-v1,20260902,1,1,train,2,dat2,product-031,cat-kitchen,shop-09,Sun Jul 05 2026 04:43:00 GMT+0700 (Indochina Time),1,synthetic-preference-rule,0.2,1,5,1,1,0,1,0,414,0.594,6.3733,1,0.9945,0.6114,1,100,1
dat2-pair-0274,mock-reco-v1,20260902,1,1,train,3,dat2,product-039,cat-kitchen,shop-02,Mon Jul 06 2026 01:44:00 GMT+0700 (Indochina Time),0,synthetic-preference-rule,0.2,0.1,2,0,0,0,1,0,458,1,7.3382,0,0.9726,0.44,1,100,1
dat2-pair-0275,mock-reco-v1,20260902,1,1,train,4,dat2,product-062,cat-beauty,shop-11,Mon Jul 06 2026 22:45:00 GMT+0700 (Indochina Time),1,synthetic-preference-rule,1,0.1,4,1,0,1,1,0,406,1,8.8247,0,0.9233,0.8286,1,100,1
dat2-pair-0276,mock-reco-v1,20260902,1,1,heldout,0,dat2,product-108,cat-pets,shop-04,Tue Jul 07 2026 19:46:00 GMT+0700 (Indochina Time),0,synthetic-preference-rule,0.2,0.1,2,0,0,0,0.5833,0,483,0.229,8.3345,0,0.6685,0.4971,1,100,1
dat2-pair-0277,mock-reco-v1,20260902,1,1,train,1,dat2,product-081,cat-mother-baby,shop-11,Wed Jul 08 2026 16:47:00 GMT+0700 (Indochina Time),1,synthetic-preference-rule,1,0.1,5,1,0,1,1,0,445,0.017,8.1784,1,0.8877,0.8857,1,100,1
dat2-pair-0278,mock-reco-v1,20260902,1,1,train,2,dat2,product-017,cat-computers,shop-10,Thu Jul 09 2026 13:48:00 GMT+0700 (Indochina Time),0,synthetic-preference-rule,0.2,0.1,2,0,0,1,1,0,430,1,9.3026,0,0.6767,0.5543,1,100,1
dat2-pair-0279,mock-reco-v1,20260902,1,1,train,3,dat2,product-120,cat-grocery,shop-05,Fri Jul 10 2026 10:49:00 GMT+0700 (Indochina Time),1,synthetic-preference-rule,0.2,1,6,0,1,1,1,0,462,1,8.5679,0,0.611,0.5829,0,100,1
dat2-pair-0280,mock-reco-v1,20260902,1,1,train,4,dat2,product-055,cat-fashion-men,shop-11,Sat Jul 11 2026 07:50:00 GMT+0700 (Indochina Time),0,synthetic-preference-rule,0.2,0.1,1,1,0,0,0.7778,0,474,0.392,7.7017,0,0.8027,0.6114,1,100,1
dat2-pair-0281,mock-reco-v1,20260902,1,1,heldout,0,dat2,product-045,cat-fashion-women,shop-08,Sun Jul 12 2026 20:30:00 GMT+0700 (Indochina Time),1,synthetic-preference-rule,1,1,5,1,1,1,0.1944,1,387,1,8.3568,1,0.7233,0.8,1,100,1
dat2-pair-0282,mock-reco-v1,20260902,1,1,train,1,dat2,product-113,cat-grocery,shop-06,Mon Jul 13 2026 23:29:00 GMT+0700 (Indochina Time),0,synthetic-preference-rule,0.2,0.1,1,1,0,0,1,0,433,0.955,8.6873,0,0.6301,0.4686,1,100,1
dat2-pair-0283,mock-reco-v1,20260902,1,1,train,2,dat2,product-071,cat-sports,shop-08,Tue Jul 14 2026 14:32:00 GMT+0700 (Indochina Time),1,synthetic-preference-rule,1,1,5,1,1,0,1,0,412,0.334,8.6978,1,0.5123,0.8571,1,100,1
dat2-pair-0284,mock-reco-v1,20260902,1,1,train,3,dat2,product-022,cat-home,shop-11,Wed Jul 15 2026 17:31:00 GMT+0700 (Indochina Time),0,synthetic-preference-rule,0.2,0.1,2,0,0,0,1,0,408,1,9.2266,0,0.8904,0.5257,1,100,1
dat2-pair-0285,mock-reco-v1,20260902,1,1,train,4,dat2,product-090,cat-mother-baby,shop-09,Thu Jul 16 2026 08:34:00 GMT+0700 (Indochina Time),1,synthetic-preference-rule,1,1,5,1,1,0,1,0,400,1,8.7216,0,0.9068,0.9143,1,100,1
dat2-pair-0286,mock-reco-v1,20260902,1,1,heldout,0,dat2,product-091,cat-books,shop-02,Fri Jul 17 2026 11:33:00 GMT+0700 (Indochina Time),0,synthetic-preference-rule,0.2,0.1,2,0,0,0,1,0,488,1,8.383,1,0.9671,0.5829,1,100,1
dat2-pair-0287,mock-reco-v1,20260902,1,1,train,1,dat2,product-026,cat-home,shop-08,Sun Jul 19 2026 02:36:00 GMT+0700 (Indochina Time),1,synthetic-preference-rule,0.2,1,5,1,1,1,1,0,430,1,8.001,1,0.9014,0.6114,1,100,1
dat2-pair-0288,mock-reco-v1,20260902,1,1,train,2,dat2,product-119,cat-grocery,shop-12,Mon Jul 20 2026 05:35:00 GMT+0700 (Indochina Time),0,synthetic-preference-rule,0.2,0.1,1,0,0,1,0.75,0,425,0.345,8.2,0,0.6137,0.44,1,100,1
dat2-pair-0289,mock-reco-v1,20260902,1,1,train,3,dat2,product-061,cat-beauty,shop-06,Mon Jul 20 2026 20:38:00 GMT+0700 (Indochina Time),1,synthetic-preference-rule,1,0.1,5,1,0,0,1,0,495,1,8.5528,1,0.926,0.8286,1,100,1
dat2-pair-0290,mock-reco-v1,20260902,1,1,train,4,dat2,product-028,cat-home,shop-06,Tue Jul 21 2026 23:37:00 GMT+0700 (Indochina Time),0,synthetic-preference-rule,0.2,0.1,1,1,0,0,0.9444,0,378,0.482,8.843,0,0.9068,0.4971,1,100,1
dat2-pair-0291,mock-reco-v1,20260902,1,1,heldout,0,dat2,product-080,cat-sports,shop-06,Wed Jul 22 2026 12:07:00 GMT+0700 (Indochina Time),1,synthetic-preference-rule,1,0.1,4,1,0,1,1,0,457,0.505,8.1371,0,0.9863,0.8857,1,100,1
dat2-pair-0292,mock-reco-v1,20260902,1,1,train,1,dat2,product-098,cat-books,shop-02,Thu Jul 23 2026 09:08:00 GMT+0700 (Indochina Time),0,synthetic-preference-rule,0.2,0.1,2,0,0,0,0.1944,1,377,1,9.3514,0,0.9863,0.5543,1,100,1
dat2-pair-0293,mock-reco-v1,20260902,1,1,train,2,dat2,product-118,cat-grocery,shop-07,Fri Jul 24 2026 18:05:00 GMT+0700 (Indochina Time),1,synthetic-preference-rule,0.2,1,6,1,1,1,0.5556,0,448,0.06,6.9754,0,0.6384,0.5829,1,100,1
dat2-pair-0294,mock-reco-v1,20260902,1,1,train,3,dat2,product-004,cat-electronics,shop-04,Sat Jul 25 2026 15:06:00 GMT+0700 (Indochina Time),0,synthetic-preference-rule,0.2,0.1,2,0,0,0,1,0,434,0.254,9.0065,0,0.5233,0.6114,1,100,1
dat2-pair-0295,mock-reco-v1,20260902,1,1,train,4,dat2,product-044,cat-fashion-women,shop-03,Mon Jul 27 2026 00:03:00 GMT+0700 (Indochina Time),1,synthetic-preference-rule,1,0.1,6,0,0,1,1,0,372,1,9.1178,0,0.726,0.8,1,100,1
dat2-pair-0296,mock-reco-v1,20260902,1,1,heldout,0,dat2,product-034,cat-kitchen,shop-12,Mon Jul 27 2026 21:04:00 GMT+0700 (Indochina Time),0,synthetic-preference-rule,0.2,0.1,2,0,0,0,1,0,429,1,8.9527,1,0.9918,0.4686,1,100,1
dat2-pair-0297,mock-reco-v1,20260902,1,1,train,1,dat2,product-070,cat-beauty,shop-03,Wed Jul 29 2026 06:01:00 GMT+0700 (Indochina Time),1,synthetic-preference-rule,1,0.1,4,1,0,0,0.7778,0,488,0.972,8.6739,0,0.9014,0.8571,1,100,1
dat2-pair-0298,mock-reco-v1,20260902,1,1,train,2,dat2,product-105,cat-pets,shop-01,Thu Jul 30 2026 03:02:00 GMT+0700 (Indochina Time),0,synthetic-preference-rule,0.2,0.1,1,0,0,1,1,0,446,0.172,9.1074,0,0.6603,0.5257,1,100,1
dat2-pair-0299,mock-reco-v1,20260902,1,1,train,3,dat2,product-089,cat-mother-baby,shop-04,Thu Jul 30 2026 11:59:00 GMT+0700 (Indochina Time),1,synthetic-preference-rule,1,0.1,5,1,0,0,1,0,489,0.969,8.4152,1,0.9096,0.9143,1,100,1
dat2-pair-0300,mock-reco-v1,20260902,1,1,train,4,dat2,product-011,cat-computers,shop-03,Fri Jul 31 2026 09:00:00 GMT+0700 (Indochina Time),0,synthetic-preference-rule,0.2,0.1,1,1,0,0,1,0,378,0.384,7.698,1,0.6603,0.5829,1,100,1
dat2-pair-0301,mock-reco-v1,20260902,1,1,heldout,0,dat2,product-024,cat-home,shop-09,Sat Aug 01 2026 22:41:00 GMT+0700 (Indochina Time),1,synthetic-preference-rule,0.2,1,5,1,1,0,0.2778,1,482,1,7.2457,0,0.8959,0.6114,1,100,1
dat2-pair-0302,mock-reco-v1,20260902,1,1,train,1,dat2,product-051,cat-fashion-men,shop-03,Sun Aug 02 2026 19:42:00 GMT+0700 (Indochina Time),0,synthetic-preference-rule,0.2,0.1,2,0,0,0,0.1111,1,452,1,8.8582,1,0.8137,0.44,1,100,1
dat2-pair-0303,mock-reco-v1,20260902,1,1,train,2,dat2,product-059,cat-fashion-men,shop-07,Mon Aug 03 2026 16:43:00 GMT+0700 (Indochina Time),1,synthetic-preference-rule,0.2,1,5,1,1,1,1,0,408,1,9.0697,0,0.8356,0.4686,1,100,1
dat2-pair-0304,mock-reco-v1,20260902,1,1,train,3,dat2,product-109,cat-pets,shop-10,Tue Aug 04 2026 13:44:00 GMT+0700 (Indochina Time),0,synthetic-preference-rule,0.2,0.1,2,0,0,0,1,0,380,0.4,8.4007,0,0.6274,0.4971,1,100,1
dat2-pair-0305,mock-reco-v1,20260902,1,1,train,4,dat2,product-079,cat-sports,shop-01,Wed Aug 05 2026 10:45:00 GMT+0700 (Indochina Time),1,synthetic-preference-rule,1,0.1,5,1,0,0,1,0,494,1,8.5248,0,0.9836,0.8857,1,100,1
dat2-pair-0306,mock-reco-v1,20260902,1,1,heldout,0,dat2,product-018,cat-computers,shop-03,Thu Aug 06 2026 07:46:00 GMT+0700 (Indochina Time),0,synthetic-preference-rule,0.2,0.1,2,0,0,0,1,0,393,1,9.1428,0,0.6795,0.5543,0,100,1
dat2-pair-0307,mock-reco-v1,20260902,1,1,train,1,dat2,product-116,cat-grocery,shop-09,Sat Aug 08 2026 04:47:00 GMT+0700 (Indochina Time),1,synthetic-preference-rule,0.2,1,4,1,1,1,1,0,396,0.898,9.1934,1,0.6438,0.5829,1,100,1
dat2-pair-0308,mock-reco-v1,20260902,1,1,train,2,dat2,product-056,cat-fashion-men,shop-04,Sun Aug 09 2026 01:48:00 GMT+0700 (Indochina Time),0,synthetic-preference-rule,0.2,0.1,1,1,0,0,1,0,437,1,9.3834,1,0.8055,0.6114,1,100,1
dat2-pair-0309,mock-reco-v1,20260902,1,1,train,3,dat2,product-043,cat-fashion-women,shop-10,Sun Aug 09 2026 22:49:00 GMT+0700 (Indochina Time),1,synthetic-preference-rule,1,0.1,6,1,0,1,1,0,461,1,8.9223,0,0.7288,0.8,1,100,1
dat2-pair-0310,mock-reco-v1,20260902,1,1,train,4,dat2,product-114,cat-grocery,shop-11,Mon Aug 10 2026 19:50:00 GMT+0700 (Indochina Time),0,synthetic-preference-rule,0.2,0.1,1,1,0,0,1,0,470,1,8.9288,0,0.6274,0.4686,1,100,1
dat2-pair-0311,mock-reco-v1,20260902,1,1,heldout,0,dat2,product-069,cat-beauty,shop-10,Wed Aug 12 2026 01:12:00 GMT+0700 (Indochina Time),1,synthetic-preference-rule,1,0.1,6,0,0,1,1,0,451,0.191,8.3497,0,0.9041,0.8571,0,100,1
dat2-pair-0312,mock-reco-v1,20260902,1,1,train,1,dat2,product-023,cat-home,shop-04,Thu Aug 13 2026 04:11:00 GMT+0700 (Indochina Time),0,synthetic-preference-rule,0.2,0.1,2,0,0,0,1,0,445,1,9.3744,1,0.8986,0.5257,1,100,1
dat2-pair-0313,mock-reco-v1,20260902,1,1,train,2,dat2,product-088,cat-mother-baby,shop-11,Thu Aug 13 2026 07:10:00 GMT+0700 (Indochina Time),1,synthetic-preference-rule,1,0.1,4,1,0,0,1,0,430,0.684,9.0384,0,0.8904,0.9143,1,100,1
dat2-pair-0314,mock-reco-v1,20260902,1,1,train,3,dat2,product-093,cat-books,shop-12,Fri Aug 14 2026 10:09:00 GMT+0700 (Indochina Time),0,synthetic-preference-rule,0.2,0.1,2,0,0,0,1,0,436,0.046,8.9372,0,0.9726,0.5829,1,100,1
dat2-pair-0315,mock-reco-v1,20260902,1,1,train,4,dat2,product-019,cat-computers,shop-08,Sat Aug 15 2026 13:16:00 GMT+0700 (Indochina Time),1,synthetic-preference-rule,0.2,1,5,1,1,0,1,0,460,1,7.1325,0,0.6384,0.6114,1,100,1
dat2-pair-0316,mock-reco-v1,20260902,1,1,heldout,0,dat2,product-001,cat-electronics,shop-01,Sun Aug 16 2026 16:15:00 GMT+0700 (Indochina Time),0,synthetic-preference-rule,0.2,0.1,2,0,0,1,1,0,449,1,9.1876,1,0.5205,0.44,0,100,1
dat2-pair-0317,mock-reco-v1,20260902,1,1,train,1,dat2,product-057,cat-fashion-men,shop-09,Mon Aug 17 2026 19:14:00 GMT+0700 (Indochina Time),1,synthetic-preference-rule,0.2,1,5,0,1,1,1,0,422,1,8.6034,0,0.8082,0.4686,1,100,1
dat2-pair-0318,mock-reco-v1,20260902,1,1,train,2,dat2,product-029,cat-home,shop-11,Tue Aug 18 2026 22:13:00 GMT+0700 (Indochina Time),0,synthetic-preference-rule,0.2,0.1,1,1,0,0,1,0,415,1,9.1587,0,0.9151,0.4971,1,100,1
dat2-pair-0319,mock-reco-v1,20260902,1,1,train,3,dat2,product-078,cat-sports,shop-08,Thu Aug 20 2026 01:20:00 GMT+0700 (Indochina Time),1,synthetic-preference-rule,1,1,5,1,1,1,1,0,405,1,8.9371,1,0.5205,0.8857,1,100,1
dat2-pair-0320,mock-reco-v1,20260902,1,1,train,4,dat2,product-100,cat-books,shop-12,Fri Aug 21 2026 04:19:00 GMT+0700 (Indochina Time),0,synthetic-preference-rule,0.2,0.1,1,1,0,0,1,0,495,1,8.2174,1,0.9918,0.5543,1,100,1
dat2-pair-0321,mock-reco-v1,20260902,1,1,heldout,0,dat2,product-111,cat-grocery,shop-08,Fri Aug 21 2026 16:03:00 GMT+0700 (Indochina Time),1,synthetic-preference-rule,0.2,1,5,1,1,0,1,0,381,1,7.8969,1,0.6356,0.5829,1,100,1
dat2-pair-0322,mock-reco-v1,20260902,1,1,train,1,dat2,product-006,cat-electronics,shop-02,Sat Aug 22 2026 13:04:00 GMT+0700 (Indochina Time),0,synthetic-preference-rule,0.2,0.1,2,0,0,0,1,0,382,0.14,8.5007,1,0.5288,0.6114,1,100,1
dat2-pair-0323,mock-reco-v1,20260902,1,1,train,2,dat2,product-042,cat-fashion-women,shop-05,Sun Aug 23 2026 22:01:00 GMT+0700 (Indochina Time),1,synthetic-preference-rule,1,1,5,1,1,1,1,0,446,0.306,5.8693,0,0.7315,0.8,1,100,1
dat2-pair-0324,mock-reco-v1,20260902,1,1,train,3,dat2,product-036,cat-kitchen,shop-10,Mon Aug 24 2026 19:02:00 GMT+0700 (Indochina Time),0,synthetic-preference-rule,0.2,0.1,2,0,0,0,1,0,399,1,8.4098,1,0.9863,0.4686,1,100,1
dat2-pair-0325,mock-reco-v1,20260902,1,1,train,4,dat2,product-068,cat-beauty,shop-05,Wed Aug 26 2026 04:07:00 GMT+0700 (Indochina Time),1,synthetic-preference-rule,1,1,6,1,1,1,1,0,458,1,8.4149,0,0.9178,0.8571,1,100,1
dat2-pair-0326,mock-reco-v1,20260902,1,1,heldout,0,dat2,product-106,cat-pets,shop-06,Thu Aug 27 2026 01:08:00 GMT+0700 (Indochina Time),0,synthetic-preference-rule,0.2,0.1,2,0,0,1,1,0,409,1,8.9096,1,0.663,0.5257,1,100,1
dat2-pair-0327,mock-reco-v1,20260902,1,1,train,1,dat2,product-087,cat-mother-baby,shop-06,Thu Aug 27 2026 10:05:00 GMT+0700 (Indochina Time),1,synthetic-preference-rule,1,0.1,5,1,0,0,1,0,393,1,8.8248,0,0.8932,0.9143,1,100,1
dat2-pair-0328,mock-reco-v1,20260902,1,1,train,2,dat2,product-013,cat-computers,shop-02,Fri Aug 28 2026 07:06:00 GMT+0700 (Indochina Time),0,synthetic-preference-rule,0.2,0.1,1,1,0,0,1,0,452,1,8.6019,0,0.6658,0.5829,1,100,1
dat2-pair-0329,mock-reco-v1,20260902,1,1,train,3,dat2,product-016,cat-computers,shop-05,Sat Aug 29 2026 15:55:00 GMT+0700 (Indochina Time),1,synthetic-preference-rule,0.2,1,4,1,1,0,1,0,445,0.327,8.7175,1,0.674,0.6114,1,100,1
dat2-pair-0330,mock-reco-v1,20260902,1,1,train,4,dat2,product-053,cat-fashion-men,shop-01,Mon Jun 01 2026 12:56:00 GMT+0700 (Indochina Time),0,synthetic-preference-rule,0.2,0.1,1,1,0,0,1,0,400,1,9.237,0,0.8192,0.44,1,100,1
dat2-pair-0331,mock-reco-v1,20260902,1,1,heldout,0,dat2,product-052,cat-fashion-men,shop-08,Tue Jun 02 2026 18:34:00 GMT+0700 (Indochina Time),1,synthetic-preference-rule,0.2,1,5,1,1,0,1,0,415,0.335,8.5966,0,0.8164,0.4686,0,100,1
dat2-pair-0332,mock-reco-v1,20260902,1,1,train,1,dat2,product-110,cat-pets,shop-03,Wed Jun 03 2026 21:33:00 GMT+0700 (Indochina Time),0,synthetic-preference-rule,0.2,0.1,2,0,0,0,1,0,469,1,7.9484,0,0.6301,0.4971,1,100,1
dat2-pair-0333,mock-reco-v1,20260902,1,1,train,2,dat2,product-077,cat-sports,shop-03,Thu Jun 04 2026 12:36:00 GMT+0700 (Indochina Time),1,synthetic-preference-rule,1,0.1,5,0,0,1,1,0,442,0.22,9.13,0,0.5178,0.8857,1,100,1
dat2-pair-0334,mock-reco-v1,20260902,1,1,train,3,dat2,product-020,cat-computers,shop-01,Fri Jun 05 2026 15:35:00 GMT+0700 (Indochina Time),0,synthetic-preference-rule,0.2,0.1,2,0,0,0,1,0,423,1,9.3616,0,0.6411,0.5543,1,100,1
dat2-pair-0335,mock-reco-v1,20260902,1,1,train,4,dat2,product-104,cat-pets,shop-08,Sun Jun 07 2026 06:30:00 GMT+0700 (Indochina Time),1,synthetic-preference-rule,0.2,1,5,1,1,1,0.0833,1,461,1,9.2725,0,0.6575,0.5829,1,100,1
dat2-pair-0336,mock-reco-v1,20260902,1,1,heldout,0,dat2,product-058,cat-fashion-men,shop-02,Sun Jun 07 2026 09:29:00 GMT+0700 (Indochina Time),0,synthetic-preference-rule,0.2,0.1,2,0,0,1,1,0,385,0.449,8.2509,0,0.811,0.6114,1,100,1
dat2-pair-0337,mock-reco-v1,20260902,1,1,train,1,dat2,product-041,cat-fashion-women,shop-12,Tue Jun 09 2026 00:32:00 GMT+0700 (Indochina Time),1,synthetic-preference-rule,1,0.1,5,1,0,0,1,0,409,1,9.2813,1,0.7342,0.8,1,100,1
dat2-pair-0338,mock-reco-v1,20260902,1,1,train,2,dat2,product-115,cat-grocery,shop-04,Wed Jun 10 2026 03:31:00 GMT+0700 (Indochina Time),0,synthetic-preference-rule,0.2,0.1,1,1,0,0,1,0,485,0.117,9.0135,0,0.6466,0.4686,1,100,1
dat2-pair-0339,mock-reco-v1,20260902,1,1,train,3,dat2,product-067,cat-beauty,shop-12,Wed Jun 10 2026 18:26:00 GMT+0700 (Indochina Time),1,synthetic-preference-rule,1,0.1,5,1,0,1,1,0,421,1,7.9707,1,0.9205,0.8571,1,100,1
dat2-pair-0340,mock-reco-v1,20260902,1,1,train,4,dat2,product-025,cat-home,shop-03,Thu Jun 11 2026 21:25:00 GMT+0700 (Indochina Time),0,synthetic-preference-rule,0.2,0.1,1,1,0,0,1,0,393,1,7.2189,0,0.9041,0.5257,1,100,1
dat2-pair-0341,mock-reco-v1,20260902,1,1,heldout,0,dat2,product-086,cat-mother-baby,shop-01,Fri Jun 12 2026 15:09:00 GMT+0700 (Indochina Time),1,synthetic-preference-rule,1,0.1,6,1,0,1,1,0,378,1,9.3637,1,0.8959,0.9143,0,100,1
dat2-pair-0342,mock-reco-v1,20260902,1,1,train,1,dat2,product-095,cat-books,shop-10,Sat Jun 13 2026 12:10:00 GMT+0700 (Indochina Time),0,synthetic-preference-rule,0.2,0.1,2,0,0,0,1,0,466,1,9.1999,0,0.9781,0.5829,1,100,1
dat2-pair-0343,mock-reco-v1,20260902,1,1,train,2,dat2,product-014,cat-computers,shop-07,Sun Jun 14 2026 09:11:00 GMT+0700 (Indochina Time),1,synthetic-preference-rule,0.2,1,5,1,1,0,1,0,415,0.441,8.2488,0,0.6685,0.6114,1,100,1
dat2-pair-0344,mock-reco-v1,20260902,1,1,train,3,dat2,product-002,cat-electronics,shop-06,Tue Jun 16 2026 06:12:00 GMT+0700 (Indochina Time),0,synthetic-preference-rule,0.2,0.1,2,0,0,0,1,0,486,1,9.3408,0,0.5178,0.44,1,100,1
dat2-pair-0345,mock-reco-v1,20260902,1,1,train,4,dat2,product-050,cat-fashion-women,shop-10,Wed Jun 17 2026 03:05:00 GMT+0700 (Indochina Time),1,synthetic-preference-rule,1,0.1,4,1,0,0,1,0,490,1,9.3415,0,0.7534,0.8286,1,100,1
dat2-pair-0346,mock-reco-v1,20260902,1,1,heldout,0,dat2,product-030,cat-home,shop-04,Thu Jun 18 2026 00:06:00 GMT+0700 (Indochina Time),0,synthetic-preference-rule,0.2,0.1,1,0,0,1,1,0,452,1,9.3161,0,0.9123,0.4971,1,100,1
dat2-pair-0347,mock-reco-v1,20260902,1,1,train,1,dat2,product-076,cat-sports,shop-10,Thu Jun 18 2026 21:07:00 GMT+0700 (Indochina Time),1,synthetic-preference-rule,1,0.1,5,1,0,1,0.5278,0,479,0.277,9.2916,1,0.526,0.8857,1,100,1
dat2-pair-0348,mock-reco-v1,20260902,1,1,train,2,dat2,product-102,cat-pets,shop-10,Fri Jun 19 2026 18:08:00 GMT+0700 (Indochina Time),0,synthetic-preference-rule,0.2,0.1,1,1,0,0,1,0,387,1,7.5385,0,0.6521,0.5543,1,100,1
dat2-pair-0349,mock-reco-v1,20260902,1,1,train,3,dat2,product-101,cat-pets,shop-05,Sat Jun 20 2026 15:01:00 GMT+0700 (Indochina Time),1,synthetic-preference-rule,0.2,1,5,0,1,1,1,0,424,1,8.1599,1,0.6493,0.5829,1,100,1
dat2-pair-0350,mock-reco-v1,20260902,1,1,train,4,dat2,product-008,cat-electronics,shop-12,Sun Jun 21 2026 12:02:00 GMT+0700 (Indochina Time),0,synthetic-preference-rule,0.2,0.1,2,0,0,0,0.7222,0,456,0.978,7.4265,0,0.5342,0.6114,1,100,1
dat2-pair-0351,mock-reco-v1,20260902,1,1,heldout,0,dat2,product-040,cat-kitchen,shop-07,Mon Jun 22 2026 17:40:00 GMT+0700 (Indochina Time),1,synthetic-preference-rule,0.2,1,5,1,1,1,1,0,421,0.765,9.3859,0,0.9753,0.44,1,100,1
dat2-pair-0352,mock-reco-v1,20260902,1,1,train,1,dat2,product-037,cat-kitchen,shop-04,Tue Jun 23 2026 20:39:00 GMT+0700 (Indochina Time),0,synthetic-preference-rule,0.2,0.1,2,0,0,0,1,0,488,1,7.9628,0,0.9781,0.4686,1,100,1
dat2-pair-0353,mock-reco-v1,20260902,1,1,train,2,dat2,product-066,cat-beauty,shop-07,Wed Jun 24 2026 23:38:00 GMT+0700 (Indochina Time),1,synthetic-preference-rule,1,1,6,1,1,0,1,0,384,1,7.1515,1,0.9123,0.8571,1,100,1
dat2-pair-0354,mock-reco-v1,20260902,1,1,train,3,dat2,product-107,cat-pets,shop-11,Fri Jun 26 2026 02:37:00 GMT+0700 (Indochina Time),0,synthetic-preference-rule,0.2,0.1,2,0,0,0,1,0,394,1,8.6629,0,0.6658,0.5257,1,100,1
dat2-pair-0355,mock-reco-v1,20260902,1,1,train,4,dat2,product-085,cat-mother-baby,shop-08,Sat Jun 27 2026 05:36:00 GMT+0700 (Indochina Time),1,synthetic-preference-rule,1,1,5,1,1,1,0.8611,0,467,0.741,9.2142,0,0.8986,0.9143,1,100,1
dat2-pair-0356,mock-reco-v1,20260902,1,1,heldout,0,dat2,product-015,cat-computers,shop-12,Sat Jun 27 2026 08:35:00 GMT+0700 (Indochina Time),0,synthetic-preference-rule,0.2,0.1,1,0,0,1,1,0,482,1,8.9526,0,0.6712,0.5829,1,100,1
dat2-pair-0357,mock-reco-v1,20260902,1,1,train,1,dat2,product-012,cat-computers,shop-08,Sun Jun 28 2026 11:34:00 GMT+0700 (Indochina Time),1,synthetic-preference-rule,0.2,1,5,1,1,0,0.3611,1,467,1,6.3716,1,0.663,0.6114,1,100,1
dat2-pair-0358,mock-reco-v1,20260902,1,1,train,2,dat2,product-054,cat-fashion-men,shop-06,Mon Jun 29 2026 14:33:00 GMT+0700 (Indochina Time),0,synthetic-preference-rule,0.2,0.1,1,1,0,0,1,0,489,1,9.0654,0,0.8219,0.44,1,100,1
dat2-pair-0359,mock-reco-v1,20260902,1,1,train,3,dat2,product-049,cat-fashion-women,shop-05,Tue Jun 30 2026 17:32:00 GMT+0700 (Indochina Time),1,synthetic-preference-rule,1,1,5,1,1,0,1,0,453,0.477,9.1884,0,0.7562,0.8286,1,100,1
dat2-pair-0360,mock-reco-v1,20260902,1,1,train,4,dat2,product-112,cat-grocery,shop-01,Wed Jul 01 2026 20:31:00 GMT+0700 (Indochina Time),0,synthetic-preference-rule,0.2,0.1,2,0,0,0,1,0,418,0.174,8.3682,0,0.6329,0.4971,1,100,1
dat2-pair-0361,mock-reco-v1,20260902,1,1,heldout,0,dat2,product-075,cat-sports,shop-05,Fri Jul 03 2026 03:43:00 GMT+0700 (Indochina Time),1,synthetic-preference-rule,1,1,4,1,1,0,1,0,390,1,6.1442,0,0.5233,0.8857,1,100,1
dat2-pair-0362,mock-reco-v1,20260902,1,1,train,1,dat2,product-021,cat-home,shop-06,Sat Jul 04 2026 00:44:00 GMT+0700 (Indochina Time),0,synthetic-preference-rule,0.2,0.1,2,0,0,0,1,0,371,0.539,9.0531,1,0.8932,0.5543,1,100,1
dat2-pair-0363,mock-reco-v1,20260902,1,1,train,2,dat2,product-099,cat-books,shop-07,Sat Jul 04 2026 09:41:00 GMT+0700 (Indochina Time),1,synthetic-preference-rule,0.2,1,5,1,1,1,0.5556,0,406,0.16,8.58,0,0.989,0.5829,1,100,1
dat2-pair-0364,mock-reco-v1,20260902,1,1,train,3,dat2,product-060,cat-fashion-men,shop-12,Mon Jul 06 2026 06:42:00 GMT+0700 (Indochina Time),0,synthetic-preference-rule,0.2,0.1,2,0,0,0,1,0,371,1,8.8635,0,0.8384,0.6114,1,100,1
dat2-pair-0365,mock-reco-v1,20260902,1,1,train,4,dat2,product-038,cat-kitchen,shop-09,Mon Jul 06 2026 15:39:00 GMT+0700 (Indochina Time),1,synthetic-preference-rule,0.2,1,5,0,1,1,1,0,451,0.651,7.1333,0,0.9808,0.44,1,100,1
dat2-pair-0366,mock-reco-v1,20260902,1,1,heldout,0,dat2,product-117,cat-grocery,shop-02,Tue Jul 07 2026 12:40:00 GMT+0700 (Indochina Time),0,synthetic-preference-rule,0.2,0.1,1,1,0,0,1,0,411,1,9.3458,0,0.6411,0.4686,1,100,1
dat2-pair-0367,mock-reco-v1,20260902,1,1,train,1,dat2,product-065,cat-beauty,shop-02,Wed Jul 08 2026 21:37:00 GMT+0700 (Indochina Time),1,synthetic-preference-rule,1,0.1,5,1,0,1,1,0,473,0.419,9.3637,0,0.9151,0.8571,1,100,1
dat2-pair-0368,mock-reco-v1,20260902,1,1,train,2,dat2,product-027,cat-home,shop-01,Thu Jul 09 2026 18:38:00 GMT+0700 (Indochina Time),0,synthetic-preference-rule,0.2,0.1,1,1,0,0,1,0,467,1,8.5768,0,0.9096,0.5257,1,100,1
dat2-pair-0369,mock-reco-v1,20260902,1,1,train,3,dat2,product-084,cat-mother-baby,shop-02,Sat Jul 11 2026 03:51:00 GMT+0700 (Indochina Time),1,synthetic-preference-rule,1,0.1,6,1,0,0,1,0,408,1,7.5725,0,0.8795,0.9143,1,100,1
dat2-pair-0370,mock-reco-v1,20260902,1,1,train,4,dat2,product-096,cat-books,shop-03,Sun Jul 12 2026 00:52:00 GMT+0700 (Indochina Time),0,synthetic-preference-rule,0.2,0.1,2,0,0,0,1,0,429,1,9.0212,1,0.9808,0.5829,1,100,1
dat2-pair-0371,mock-reco-v1,20260902,1,1,heldout,0,dat2,product-009,cat-electronics,shop-05,Sun Jul 12 2026 12:38:00 GMT+0700 (Indochina Time),1,synthetic-preference-rule,0.2,1,5,1,1,1,1,0,405,1,9.0851,0,0.9918,0.6114,1,100,1
dat2-pair-0372,mock-reco-v1,20260902,1,1,train,1,dat2,product-003,cat-electronics,shop-11,Mon Jul 13 2026 15:37:00 GMT+0700 (Indochina Time),0,synthetic-preference-rule,0.2,0.1,2,0,0,0,1,0,397,1,8.7852,0,0.526,0.44,1,100,1
dat2-pair-0373,mock-reco-v1,20260902,1,1,train,2,dat2,product-048,cat-fashion-women,shop-11,Wed Jul 15 2026 06:40:00 GMT+0700 (Indochina Time),1,synthetic-preference-rule,1,0.1,5,1,0,0,1,0,476,1,7.8785,0,0.7151,0.8286,1,100,1
dat2-pair-0374,mock-reco-v1,20260902,1,1,train,3,dat2,product-032,cat-kitchen,shop-02,Wed Jul 15 2026 09:39:00 GMT+0700 (Indochina Time),0,synthetic-preference-rule,0.2,0.1,2,0,0,1,1,0,377,1,9.3026,0,0.9973,0.4971,1,100,1
dat2-pair-0375,mock-reco-v1,20260902,1,1,train,4,dat2,product-074,cat-sports,shop-12,Fri Jul 17 2026 00:42:00 GMT+0700 (Indochina Time),1,synthetic-preference-rule,1,0.1,5,1,0,0,1,0,427,1,7.0326,0,0.5096,0.8857,1,100,1
dat2-pair-0376,mock-reco-v1,20260902,1,1,heldout,0,dat2,product-103,cat-pets,shop-03,Sat Jul 18 2026 03:41:00 GMT+0700 (Indochina Time),0,synthetic-preference-rule,0.2,0.1,1,1,0,0,1,0,372,0.286,5.5607,0,0.6548,0.5543,0,100,1
dat2-pair-0377,mock-reco-v1,20260902,1,1,train,1,dat2,product-097,cat-books,shop-09,Sat Jul 18 2026 18:44:00 GMT+0700 (Indochina Time),1,synthetic-preference-rule,0.2,1,4,1,1,1,1,0,414,0.77,7.0335,0,0.9836,0.5829,1,100,1
dat2-pair-0378,mock-reco-v1,20260902,1,1,train,2,dat2,product-010,cat-electronics,shop-10,Sun Jul 19 2026 21:43:00 GMT+0700 (Indochina Time),0,synthetic-preference-rule,0.2,0.1,1,1,0,0,1,0,442,0.368,9.2536,0,0.989,0.6114,1,100,1
dat2-pair-0379,mock-reco-v1,20260902,1,1,train,3,dat2,product-035,cat-kitchen,shop-05,Mon Jul 20 2026 12:30:00 GMT+0700 (Indochina Time),1,synthetic-preference-rule,0.2,1,5,1,1,1,1,0,436,1,8.7177,0,0.9836,0.44,0,100,1
dat2-pair-0380,mock-reco-v1,20260902,1,1,train,4,dat2,product-039,cat-kitchen,shop-02,Tue Jul 21 2026 15:29:00 GMT+0700 (Indochina Time),0,synthetic-preference-rule,0.2,0.1,2,0,0,0,1,0,458,1,7.3382,0,0.9726,0.4686,1,100,1
dat2-pair-0381,mock-reco-v1,20260902,1,1,heldout,0,dat2,product-064,cat-beauty,shop-09,Wed Jul 22 2026 16:57:00 GMT+0700 (Indochina Time),1,synthetic-preference-rule,1,1,5,0,1,1,1,0,480,0.362,9.2141,0,0.9288,0.8571,1,100,1
dat2-pair-0382,mock-reco-v1,20260902,1,1,train,1,dat2,product-108,cat-pets,shop-04,Thu Jul 23 2026 13:58:00 GMT+0700 (Indochina Time),0,synthetic-preference-rule,0.2,0.1,2,0,0,0,0.5833,0,483,0.229,8.3345,0,0.6685,0.5257,1,100,1
dat2-pair-0383,mock-reco-v1,20260902,1,1,train,2,dat2,product-083,cat-mother-baby,shop-09,Fri Jul 24 2026 10:59:00 GMT+0700 (Indochina Time),1,synthetic-preference-rule,1,1,5,1,1,1,1,0,371,1,5.7838,0,0.8822,0.9143,1,100,1
dat2-pair-0384,mock-reco-v1,20260902,1,1,train,3,dat2,product-017,cat-computers,shop-10,Sat Jul 25 2026 08:00:00 GMT+0700 (Indochina Time),0,synthetic-preference-rule,0.2,0.1,2,0,0,1,1,0,430,1,9.3026,0,0.6767,0.5829,1,100,1
dat2-pair-0385,mock-reco-v1,20260902,1,1,train,4,dat2,product-007,cat-electronics,shop-07,Mon Jul 27 2026 05:01:00 GMT+0700 (Indochina Time),1,synthetic-preference-rule,0.2,1,6,1,1,0,1,0,419,0.197,4.1109,0,0.537,0.6114,1,100,1
dat2-pair-0386,mock-reco-v1,20260902,1,1,heldout,0,dat2,product-055,cat-fashion-men,shop-11,Tue Jul 28 2026 02:02:00 GMT+0700 (Indochina Time),0,synthetic-preference-rule,0.2,0.1,1,1,0,0,0.7778,0,474,0.392,7.7017,0,0.8027,0.44,1,100,1
dat2-pair-0387,mock-reco-v1,20260902,1,1,train,1,dat2,product-047,cat-fashion-women,shop-06,Tue Jul 28 2026 23:03:00 GMT+0700 (Indochina Time),1,synthetic-preference-rule,1,0.1,5,1,0,0,1,0,439,0.363,6.9285,0,0.7178,0.8286,1,100,1
dat2-pair-0388,mock-reco-v1,20260902,1,1,train,2,dat2,product-113,cat-grocery,shop-06,Wed Jul 29 2026 20:04:00 GMT+0700 (Indochina Time),0,synthetic-preference-rule,0.2,0.1,1,1,0,0,1,0,433,0.955,8.6873,0,0.6301,0.4971,1,100,1
dat2-pair-0389,mock-reco-v1,20260902,1,1,train,3,dat2,product-073,cat-sports,shop-07,Thu Jul 30 2026 16:49:00 GMT+0700 (Indochina Time),1,synthetic-preference-rule,1,1,5,1,1,0,1,0,464,1,7.9201,0,1,0.8857,1,100,1
dat2-pair-0390,mock-reco-v1,20260902,1,1,train,4,dat2,product-022,cat-home,shop-11,Fri Jul 31 2026 13:50:00 GMT+0700 (Indochina Time),0,synthetic-preference-rule,0.2,0.1,2,0,0,0,1,0,408,1,9.2266,0,0.8904,0.5543,1,100,1
dat2-pair-0391,mock-reco-v1,20260902,1,1,heldout,0,dat2,product-094,cat-books,shop-05,Sat Aug 01 2026 21:36:00 GMT+0700 (Indochina Time),1,synthetic-preference-rule,0.2,1,5,1,1,0,0.4722,1,399,1,8.698,0,0.9753,0.5829,1,100,1
dat2-pair-0392,mock-reco-v1,20260902,1,1,train,1,dat2,product-091,cat-books,shop-02,Mon Aug 03 2026 00:35:00 GMT+0700 (Indochina Time),0,synthetic-preference-rule,0.2,0.1,2,0,0,0,1,0,488,1,8.383,1,0.9671,0.6114,1,100,1
dat2-pair-0393,mock-reco-v1,20260902,1,1,train,2,dat2,product-033,cat-kitchen,shop-07,Tue Aug 04 2026 03:34:00 GMT+0700 (Indochina Time),1,synthetic-preference-rule,0.2,1,4,1,1,1,1,0,466,1,9.1429,0,0.989,0.44,1,100,1
dat2-pair-0394,mock-reco-v1,20260902,1,1,train,3,dat2,product-119,cat-grocery,shop-12,Wed Aug 05 2026 06:33:00 GMT+0700 (Indochina Time),0,synthetic-preference-rule,0.2,0.1,1,0,0,1,0.75,0,425,0.345,8.2,0,0.6137,0.4686,1,100,1
dat2-pair-0395,mock-reco-v1,20260902,1,1,train,4,dat2,product-063,cat-beauty,shop-04,Wed Aug 05 2026 09:40:00 GMT+0700 (Indochina Time),1,synthetic-preference-rule,1,0.1,5,1,0,1,1,0,443,1,9.0382,0,0.9315,0.8571,1,100,1
dat2-pair-0396,mock-reco-v1,20260902,1,1,heldout,0,dat2,product-028,cat-home,shop-06,Thu Aug 06 2026 12:39:00 GMT+0700 (Indochina Time),0,synthetic-preference-rule,0.2,0.1,1,1,0,0,0.9444,0,378,0.482,8.843,0,0.9068,0.5257,1,100,1
dat2-pair-0397,mock-reco-v1,20260902,1,1,train,1,dat2,product-082,cat-mother-baby,shop-04,Fri Aug 07 2026 15:38:00 GMT+0700 (Indochina Time),1,synthetic-preference-rule,1,0.1,6,0,0,1,1,0,482,0.798,8.5529,0,0.8849,0.9143,1,100,1
dat2-pair-0398,mock-reco-v1,20260902,1,1,train,2,dat2,product-098,cat-books,shop-02,Sat Aug 08 2026 18:37:00 GMT+0700 (Indochina Time),0,synthetic-preference-rule,0.2,0.1,2,0,0,0,0.1944,1,377,1,9.3514,0,0.9863,0.5829,1,100,1
dat2-pair-0399,mock-reco-v1,20260902,1,1,train,3,dat2,product-005,cat-electronics,shop-09,Sun Aug 09 2026 21:28:00 GMT+0700 (Indochina Time),1,synthetic-preference-rule,0.2,1,5,1,1,1,1,0,471,1,8.1014,0,0.5315,0.6114,1,100,1
dat2-pair-0400,mock-reco-v1,20260902,1,1,train,4,dat2,product-004,cat-electronics,shop-04,Tue Aug 11 2026 00:27:00 GMT+0700 (Indochina Time),0,synthetic-preference-rule,0.2,0.1,2,0,0,0,1,0,434,0.254,9.0065,0,0.5233,0.44,1,100,1
dat2-pair-0401,mock-reco-v1,20260902,1,1,heldout,0,dat2,product-046,cat-fashion-women,shop-01,Tue Aug 11 2026 18:44:00 GMT+0700 (Indochina Time),1,synthetic-preference-rule,1,0.1,5,1,0,0,1,0,424,1,8.679,1,0.7205,0.8286,1,100,1
dat2-pair-0402,mock-reco-v1,20260902,1,1,train,1,dat2,product-034,cat-kitchen,shop-12,Wed Aug 12 2026 21:43:00 GMT+0700 (Indochina Time),0,synthetic-preference-rule,0.2,0.1,2,0,0,0,1,0,429,1,8.9527,1,0.9918,0.4971,1,100,1
dat2-pair-0403,mock-reco-v1,20260902,1,1,train,2,dat2,product-072,cat-sports,shop-01,Fri Aug 14 2026 00:42:00 GMT+0700 (Indochina Time),1,synthetic-preference-rule,1,0.1,5,1,0,0,0.1389,1,375,1,8.3827,0,0.5151,0.8857,1,100,1
dat2-pair-0404,mock-reco-v1,20260902,1,1,train,3,dat2,product-105,cat-pets,shop-01,Sat Aug 15 2026 03:41:00 GMT+0700 (Indochina Time),0,synthetic-preference-rule,0.2,0.1,1,0,0,1,1,0,446,0.172,9.1074,0,0.6603,0.5543,1,100,1
dat2-pair-0405,mock-reco-v1,20260902,1,1,train,4,dat2,product-092,cat-books,shop-07,Sun Aug 16 2026 06:40:00 GMT+0700 (Indochina Time),1,synthetic-preference-rule,0.2,1,5,1,1,0,1,0,451,0.827,7.9204,0,0.9699,0.5829,1,100,1
dat2-pair-0406,mock-reco-v1,20260902,1,1,heldout,0,dat2,product-011,cat-computers,shop-03,Sun Aug 16 2026 09:39:00 GMT+0700 (Indochina Time),0,synthetic-preference-rule,0.2,0.1,1,1,0,0,1,0,378,0.384,7.698,1,0.6603,0.6114,1,100,1
dat2-pair-0407,mock-reco-v1,20260902,1,1,train,1,dat2,product-031,cat-kitchen,shop-09,Mon Aug 17 2026 12:38:00 GMT+0700 (Indochina Time),1,synthetic-preference-rule,0.2,1,5,1,1,0,1,0,414,0.594,6.3733,1,0.9945,0.44,1,100,1
dat2-pair-0408,mock-reco-v1,20260902,1,1,train,2,dat2,product-051,cat-fashion-men,shop-03,Tue Aug 18 2026 15:37:00 GMT+0700 (Indochina Time),0,synthetic-preference-rule,0.2,0.1,2,0,0,0,0.1111,1,452,1,8.8582,1,0.8137,0.4686,1,100,1
dat2-pair-0409,mock-reco-v1,20260902,1,1,train,3,dat2,product-062,cat-beauty,shop-11,Wed Aug 19 2026 18:36:00 GMT+0700 (Indochina Time),1,synthetic-preference-rule,1,0.1,4,1,0,1,1,0,406,1,8.8247,0,0.9233,0.8571,1,100,1
dat2-pair-0410,mock-reco-v1,20260902,1,1,train,4,dat2,product-109,cat-pets,shop-10,Thu Aug 20 2026 21:35:00 GMT+0700 (Indochina Time),0,synthetic-preference-rule,0.2,0.1,2,0,0,0,1,0,380,0.4,8.4007,0,0.6274,0.5257,1,100,1
dat2-pair-0411,mock-reco-v1,20260902,1,1,heldout,0,dat2,product-081,cat-mother-baby,shop-11,Fri Aug 21 2026 16:13:00 GMT+0700 (Indochina Time),1,synthetic-preference-rule,1,0.1,5,1,0,1,1,0,445,0.017,8.1784,1,0.8877,0.9143,1,100,1
dat2-pair-0412,mock-reco-v1,20260902,1,1,train,1,dat2,product-018,cat-computers,shop-03,Sat Aug 22 2026 13:14:00 GMT+0700 (Indochina Time),0,synthetic-preference-rule,0.2,0.1,2,0,0,0,1,0,393,1,9.1428,0,0.6795,0.5829,0,100,1
dat2-pair-0413,mock-reco-v1,20260902,1,1,train,2,dat2,product-120,cat-grocery,shop-05,Sun Aug 23 2026 10:15:00 GMT+0700 (Indochina Time),1,synthetic-preference-rule,0.2,1,6,0,1,1,1,0,462,1,8.5679,0,0.611,0.6114,0,100,1
dat2-pair-0414,mock-reco-v1,20260902,1,1,train,3,dat2,product-056,cat-fashion-men,shop-04,Mon Aug 24 2026 07:16:00 GMT+0700 (Indochina Time),0,synthetic-preference-rule,0.2,0.1,1,1,0,0,1,0,437,1,9.3834,1,0.8055,0.44,1,100,1
dat2-pair-0415,mock-reco-v1,20260902,1,1,train,4,dat2,product-045,cat-fashion-women,shop-08,Wed Aug 26 2026 04:09:00 GMT+0700 (Indochina Time),1,synthetic-preference-rule,1,1,5,1,1,1,0.1944,1,387,1,8.3568,1,0.7233,0.8286,1,100,1
dat2-pair-0416,mock-reco-v1,20260902,1,1,heldout,0,dat2,product-114,cat-grocery,shop-11,Thu Aug 27 2026 01:10:00 GMT+0700 (Indochina Time),0,synthetic-preference-rule,0.2,0.1,1,1,0,0,1,0,470,1,8.9288,0,0.6274,0.4971,1,100,1
dat2-pair-0417,mock-reco-v1,20260902,1,1,train,1,dat2,product-071,cat-sports,shop-08,Thu Aug 27 2026 22:11:00 GMT+0700 (Indochina Time),1,synthetic-preference-rule,1,1,5,1,1,0,1,0,412,0.334,8.6978,1,0.5123,0.8857,1,100,1
dat2-pair-0418,mock-reco-v1,20260902,1,1,train,2,dat2,product-023,cat-home,shop-04,Fri Aug 28 2026 19:12:00 GMT+0700 (Indochina Time),0,synthetic-preference-rule,0.2,0.1,2,0,0,0,1,0,445,1,9.3744,1,0.8986,0.5543,1,100,1
dat2-pair-0419,mock-reco-v1,20260902,1,1,train,3,dat2,product-090,cat-mother-baby,shop-09,Sat Aug 29 2026 16:05:00 GMT+0700 (Indochina Time),1,synthetic-preference-rule,1,1,5,1,1,0,1,0,400,1,8.7216,0,0.9068,0.9429,1,100,1
dat2-pair-0420,mock-reco-v1,20260902,1,1,train,4,dat2,product-093,cat-books,shop-12,Mon Jun 01 2026 13:06:00 GMT+0700 (Indochina Time),0,synthetic-preference-rule,0.2,0.1,2,0,0,0,1,0,436,0.046,8.9372,0,0.9726,0.6114,1,100,1
dat2-pair-0421,mock-reco-v1,20260902,1,1,heldout,0,dat2,product-026,cat-home,shop-08,Tue Jun 02 2026 13:42:00 GMT+0700 (Indochina Time),1,synthetic-preference-rule,0.2,1,5,1,1,1,1,0,430,1,8.001,1,0.9014,0.44,1,100,1
dat2-pair-0422,mock-reco-v1,20260902,1,1,train,1,dat2,product-001,cat-electronics,shop-01,Wed Jun 03 2026 16:41:00 GMT+0700 (Indochina Time),0,synthetic-preference-rule,0.2,0.1,2,0,0,1,1,0,449,1,9.1876,1,0.5205,0.4686,0,100,1
dat2-pair-0423,mock-reco-v1,20260902,1,1,train,2,dat2,product-061,cat-beauty,shop-06,Thu Jun 04 2026 07:44:00 GMT+0700 (Indochina Time),1,synthetic-preference-rule,1,0.1,5,1,0,0,1,0,495,1,8.5528,1,0.926,0.8571,1,100,1
dat2-pair-0424,mock-reco-v1,20260902,1,1,train,3,dat2,product-029,cat-home,shop-11,Fri Jun 05 2026 10:43:00 GMT+0700 (Indochina Time),0,synthetic-preference-rule,0.2,0.1,1,1,0,0,1,0,415,1,9.1587,0,0.9151,0.5257,1,100,1
dat2-pair-0425,mock-reco-v1,20260902,1,1,train,4,dat2,product-080,cat-sports,shop-06,Sun Jun 07 2026 01:46:00 GMT+0700 (Indochina Time),1,synthetic-preference-rule,1,0.1,4,1,0,1,1,0,457,0.505,8.1371,0,0.9863,0.9143,1,100,1
dat2-pair-0426,mock-reco-v1,20260902,1,1,heldout,0,dat2,product-100,cat-books,shop-12,Mon Jun 08 2026 04:45:00 GMT+0700 (Indochina Time),0,synthetic-preference-rule,0.2,0.1,1,1,0,0,1,0,495,1,8.2174,1,0.9918,0.5829,1,100,1
dat2-pair-0427,mock-reco-v1,20260902,1,1,train,1,dat2,product-118,cat-grocery,shop-07,Mon Jun 08 2026 19:48:00 GMT+0700 (Indochina Time),1,synthetic-preference-rule,0.2,1,6,1,1,1,0.5556,0,448,0.06,6.9754,0,0.6384,0.6114,1,100,1
dat2-pair-0428,mock-reco-v1,20260902,1,1,train,2,dat2,product-006,cat-electronics,shop-02,Tue Jun 09 2026 22:47:00 GMT+0700 (Indochina Time),0,synthetic-preference-rule,0.2,0.1,2,0,0,0,1,0,382,0.14,8.5007,1,0.5288,0.44,1,100,1
dat2-pair-0429,mock-reco-v1,20260902,1,1,train,3,dat2,product-044,cat-fashion-women,shop-03,Wed Jun 10 2026 13:34:00 GMT+0700 (Indochina Time),1,synthetic-preference-rule,1,0.1,6,0,0,1,1,0,372,1,9.1178,0,0.726,0.8286,1,100,1
dat2-pair-0430,mock-reco-v1,20260902,1,1,train,4,dat2,product-036,cat-kitchen,shop-10,Thu Jun 11 2026 16:33:00 GMT+0700 (Indochina Time),0,synthetic-preference-rule,0.2,0.1,2,0,0,0,1,0,399,1,8.4098,1,0.9863,0.4971,1,100,1
dat2-pair-0431,mock-reco-v1,20260902,1,1,heldout,0,dat2,product-070,cat-beauty,shop-03,Sat Jun 13 2026 04:47:00 GMT+0700 (Indochina Time),1,synthetic-preference-rule,1,0.1,4,1,0,0,0.7778,0,488,0.972,8.6739,0,0.9014,0.8857,1,100,1
dat2-pair-0432,mock-reco-v1,20260902,1,1,train,1,dat2,product-106,cat-pets,shop-06,Sun Jun 14 2026 01:48:00 GMT+0700 (Indochina Time),0,synthetic-preference-rule,0.2,0.1,2,0,0,1,1,0,409,1,8.9096,1,0.663,0.5543,1,100,1
dat2-pair-0433,mock-reco-v1,20260902,1,1,train,2,dat2,product-089,cat-mother-baby,shop-04,Sun Jun 14 2026 10:45:00 GMT+0700 (Indochina Time),1,synthetic-preference-rule,1,0.1,5,1,0,0,1,0,489,0.969,8.4152,1,0.9096,0.9429,1,100,1
dat2-pair-0434,mock-reco-v1,20260902,1,1,train,3,dat2,product-013,cat-computers,shop-02,Mon Jun 15 2026 07:46:00 GMT+0700 (Indochina Time),0,synthetic-preference-rule,0.2,0.1,1,1,0,0,1,0,452,1,8.6019,0,0.6658,0.6114,1,100,1
dat2-pair-0435,mock-reco-v1,20260902,1,1,train,4,dat2,product-024,cat-home,shop-09,Tue Jun 16 2026 16:43:00 GMT+0700 (Indochina Time),1,synthetic-preference-rule,0.2,1,5,1,1,0,0.2778,1,482,1,7.2457,0,0.8959,0.44,1,100,1
dat2-pair-0436,mock-reco-v1,20260902,1,1,heldout,0,dat2,product-053,cat-fashion-men,shop-01,Wed Jun 17 2026 13:44:00 GMT+0700 (Indochina Time),0,synthetic-preference-rule,0.2,0.1,1,1,0,0,1,0,400,1,9.237,0,0.8192,0.4686,1,100,1
dat2-pair-0437,mock-reco-v1,20260902,1,1,train,1,dat2,product-059,cat-fashion-men,shop-07,Thu Jun 18 2026 22:41:00 GMT+0700 (Indochina Time),1,synthetic-preference-rule,0.2,1,5,1,1,1,1,0,408,1,9.0697,0,0.8356,0.4971,1,100,1
dat2-pair-0438,mock-reco-v1,20260902,1,1,train,2,dat2,product-110,cat-pets,shop-03,Fri Jun 19 2026 19:42:00 GMT+0700 (Indochina Time),0,synthetic-preference-rule,0.2,0.1,2,0,0,0,1,0,469,1,7.9484,0,0.6301,0.5257,1,100,1
dat2-pair-0439,mock-reco-v1,20260902,1,1,train,3,dat2,product-079,cat-sports,shop-01,Sun Jun 21 2026 04:55:00 GMT+0700 (Indochina Time),1,synthetic-preference-rule,1,0.1,5,1,0,0,1,0,494,1,8.5248,0,0.9836,0.9143,1,100,1
dat2-pair-0440,mock-reco-v1,20260902,1,1,train,4,dat2,product-020,cat-computers,shop-01,Mon Jun 22 2026 01:56:00 GMT+0700 (Indochina Time),0,synthetic-preference-rule,0.2,0.1,2,0,0,0,1,0,423,1,9.3616,0,0.6411,0.5829,1,100,1
dat2-pair-0441,mock-reco-v1,20260902,1,1,heldout,0,dat2,product-116,cat-grocery,shop-09,Tue Jun 23 2026 02:16:00 GMT+0700 (Indochina Time),1,synthetic-preference-rule,0.2,1,4,1,1,1,1,0,396,0.898,9.1934,1,0.6438,0.6114,1,100,1
dat2-pair-0442,mock-reco-v1,20260902,1,1,train,1,dat2,product-058,cat-fashion-men,shop-02,Wed Jun 24 2026 05:15:00 GMT+0700 (Indochina Time),0,synthetic-preference-rule,0.2,0.1,2,0,0,1,1,0,385,0.449,8.2509,0,0.811,0.44,1,100,1
dat2-pair-0443,mock-reco-v1,20260902,1,1,train,2,dat2,product-043,cat-fashion-women,shop-10,Wed Jun 24 2026 08:14:00 GMT+0700 (Indochina Time),1,synthetic-preference-rule,1,0.1,6,1,0,1,1,0,461,1,8.9223,0,0.7288,0.8286,1,100,1
dat2-pair-0444,mock-reco-v1,20260902,1,1,train,3,dat2,product-115,cat-grocery,shop-04,Thu Jun 25 2026 11:13:00 GMT+0700 (Indochina Time),0,synthetic-preference-rule,0.2,0.1,1,1,0,0,1,0,485,0.117,9.0135,0,0.6466,0.4971,1,100,1
dat2-pair-0445,mock-reco-v1,20260902,1,1,train,4,dat2,product-069,cat-beauty,shop-10,Fri Jun 26 2026 14:20:00 GMT+0700 (Indochina Time),1,synthetic-preference-rule,1,0.1,6,0,0,1,1,0,451,0.191,8.3497,0,0.9041,0.8857,0,100,1
dat2-pair-0446,mock-reco-v1,20260902,1,1,heldout,0,dat2,product-025,cat-home,shop-03,Sat Jun 27 2026 17:19:00 GMT+0700 (Indochina Time),0,synthetic-preference-rule,0.2,0.1,1,1,0,0,1,0,393,1,7.2189,0,0.9041,0.5543,1,100,1
dat2-pair-0447,mock-reco-v1,20260902,1,1,train,1,dat2,product-088,cat-mother-baby,shop-11,Sun Jun 28 2026 20:18:00 GMT+0700 (Indochina Time),1,synthetic-preference-rule,1,0.1,4,1,0,0,1,0,430,0.684,9.0384,0,0.8904,0.9429,1,100,1
dat2-pair-0448,mock-reco-v1,20260902,1,1,train,2,dat2,product-095,cat-books,shop-10,Mon Jun 29 2026 23:17:00 GMT+0700 (Indochina Time),0,synthetic-preference-rule,0.2,0.1,2,0,0,0,1,0,466,1,9.1999,0,0.9781,0.6114,1,100,1
dat2-pair-0449,mock-reco-v1,20260902,1,1,train,3,dat2,product-019,cat-computers,shop-08,Wed Jul 01 2026 02:24:00 GMT+0700 (Indochina Time),1,synthetic-preference-rule,0.2,1,5,1,1,0,1,0,460,1,7.1325,0,0.6384,0.44,1,100,1
dat2-pair-0450,mock-reco-v1,20260902,1,1,train,4,dat2,product-002,cat-electronics,shop-06,Thu Jul 02 2026 05:23:00 GMT+0700 (Indochina Time),0,synthetic-preference-rule,0.2,0.1,2,0,0,0,1,0,486,1,9.3408,0,0.5178,0.4686,1,100,1
dat2-pair-0451,mock-reco-v1,20260902,1,1,heldout,0,dat2,product-057,cat-fashion-men,shop-09,Thu Jul 02 2026 23:45:00 GMT+0700 (Indochina Time),1,synthetic-preference-rule,0.2,1,5,0,1,1,1,0,422,1,8.6034,0,0.8082,0.4971,1,100,1
dat2-pair-0452,mock-reco-v1,20260902,1,1,train,1,dat2,product-030,cat-home,shop-04,Fri Jul 03 2026 20:46:00 GMT+0700 (Indochina Time),0,synthetic-preference-rule,0.2,0.1,1,0,0,1,1,0,452,1,9.3161,0,0.9123,0.5257,1,100,1
dat2-pair-0453,mock-reco-v1,20260902,1,1,train,2,dat2,product-078,cat-sports,shop-08,Sat Jul 04 2026 17:47:00 GMT+0700 (Indochina Time),1,synthetic-preference-rule,1,1,5,1,1,1,1,0,405,1,8.9371,1,0.5205,0.9143,1,100,1
dat2-pair-0454,mock-reco-v1,20260902,1,1,train,3,dat2,product-102,cat-pets,shop-10,Sun Jul 05 2026 14:48:00 GMT+0700 (Indochina Time),0,synthetic-preference-rule,0.2,0.1,1,1,0,0,1,0,387,1,7.5385,0,0.6521,0.5829,1,100,1
dat2-pair-0455,mock-reco-v1,20260902,1,1,train,4,dat2,product-111,cat-grocery,shop-08,Mon Jul 06 2026 11:49:00 GMT+0700 (Indochina Time),1,synthetic-preference-rule,0.2,1,5,1,1,0,1,0,381,1,7.8969,1,0.6356,0.6114,1,100,1
dat2-pair-0456,mock-reco-v1,20260902,1,1,heldout,0,dat2,product-008,cat-electronics,shop-12,Tue Jul 07 2026 08:50:00 GMT+0700 (Indochina Time),0,synthetic-preference-rule,0.2,0.1,2,0,0,0,0.7222,0,456,0.978,7.4265,0,0.5342,0.44,1,100,1
dat2-pair-0457,mock-reco-v1,20260902,1,1,train,1,dat2,product-042,cat-fashion-women,shop-05,Thu Jul 09 2026 05:51:00 GMT+0700 (Indochina Time),1,synthetic-preference-rule,1,1,5,1,1,1,1,0,446,0.306,5.8693,0,0.7315,0.8286,1,100,1
dat2-pair-0458,mock-reco-v1,20260902,1,1,train,2,dat2,product-037,cat-kitchen,shop-04,Fri Jul 10 2026 02:52:00 GMT+0700 (Indochina Time),0,synthetic-preference-rule,0.2,0.1,2,0,0,0,1,0,488,1,7.9628,0,0.9781,0.4971,1,100,1
dat2-pair-0459,mock-reco-v1,20260902,1,1,train,3,dat2,product-068,cat-beauty,shop-05,Fri Jul 10 2026 23:53:00 GMT+0700 (Indochina Time),1,synthetic-preference-rule,1,1,6,1,1,1,1,0,458,1,8.4149,0,0.9178,0.8857,1,100,1
dat2-pair-0460,mock-reco-v1,20260902,1,1,train,4,dat2,product-107,cat-pets,shop-11,Sat Jul 11 2026 20:54:00 GMT+0700 (Indochina Time),0,synthetic-preference-rule,0.2,0.1,2,0,0,0,1,0,394,1,8.6629,0,0.6658,0.5543,1,100,1
dat2-pair-0461,mock-reco-v1,20260902,1,1,heldout,0,dat2,product-087,cat-mother-baby,shop-06,Sun Jul 12 2026 19:38:00 GMT+0700 (Indochina Time),1,synthetic-preference-rule,1,0.1,5,1,0,0,1,0,393,1,8.8248,0,0.8932,0.9429,1,100,1
dat2-pair-0462,mock-reco-v1,20260902,1,1,train,1,dat2,product-015,cat-computers,shop-12,Mon Jul 13 2026 22:37:00 GMT+0700 (Indochina Time),0,synthetic-preference-rule,0.2,0.1,1,0,0,1,1,0,482,1,8.9526,0,0.6712,0.6114,1,100,1
dat2-pair-0463,mock-reco-v1,20260902,1,1,train,2,dat2,product-016,cat-computers,shop-05,Tue Jul 14 2026 13:40:00 GMT+0700 (Indochina Time),1,synthetic-preference-rule,0.2,1,4,1,1,0,1,0,445,0.327,8.7175,1,0.674,0.44,1,100,1
dat2-pair-0464,mock-reco-v1,20260902,1,1,train,3,dat2,product-054,cat-fashion-men,shop-06,Wed Jul 15 2026 16:39:00 GMT+0700 (Indochina Time),0,synthetic-preference-rule,0.2,0.1,1,1,0,0,1,0,489,1,9.0654,0,0.8219,0.4686,1,100,1
dat2-pair-0465,mock-reco-v1,20260902,1,1,train,4,dat2,product-052,cat-fashion-men,shop-08,Thu Jul 16 2026 07:34:00 GMT+0700 (Indochina Time),1,synthetic-preference-rule,0.2,1,5,1,1,0,1,0,415,0.335,8.5966,0,0.8164,0.4971,0,100,1
dat2-pair-0466,mock-reco-v1,20260902,1,1,heldout,0,dat2,product-112,cat-grocery,shop-01,Fri Jul 17 2026 10:33:00 GMT+0700 (Indochina Time),0,synthetic-preference-rule,0.2,0.1,2,0,0,0,1,0,418,0.174,8.3682,0,0.6329,0.5257,1,100,1
dat2-pair-0467,mock-reco-v1,20260902,1,1,train,1,dat2,product-077,cat-sports,shop-03,Sun Jul 19 2026 01:36:00 GMT+0700 (Indochina Time),1,synthetic-preference-rule,1,0.1,5,0,0,1,1,0,442,0.22,9.13,0,0.5178,0.9143,1,100,1
dat2-pair-0468,mock-reco-v1,20260902,1,1,train,2,dat2,product-021,cat-home,shop-06,Mon Jul 20 2026 04:35:00 GMT+0700 (Indochina Time),0,synthetic-preference-rule,0.2,0.1,2,0,0,0,1,0,371,0.539,9.0531,1,0.8932,0.5829,1,100,1
dat2-pair-0469,mock-reco-v1,20260902,1,1,train,3,dat2,product-104,cat-pets,shop-08,Mon Jul 20 2026 19:30:00 GMT+0700 (Indochina Time),1,synthetic-preference-rule,0.2,1,5,1,1,1,0.0833,1,461,1,9.2725,0,0.6575,0.6114,1,100,1
dat2-pair-0470,mock-reco-v1,20260902,1,1,train,4,dat2,product-060,cat-fashion-men,shop-12,Tue Jul 21 2026 22:29:00 GMT+0700 (Indochina Time),0,synthetic-preference-rule,0.2,0.1,2,0,0,0,1,0,371,1,8.8635,0,0.8384,0.44,1,100,1
dat2-pair-0471,mock-reco-v1,20260902,1,1,heldout,0,dat2,product-041,cat-fashion-women,shop-12,Wed Jul 22 2026 17:07:00 GMT+0700 (Indochina Time),1,synthetic-preference-rule,1,0.1,5,1,0,0,1,0,409,1,9.2813,1,0.7342,0.8286,1,100,1
dat2-pair-0472,mock-reco-v1,20260902,1,1,train,1,dat2,product-117,cat-grocery,shop-02,Thu Jul 23 2026 14:08:00 GMT+0700 (Indochina Time),0,synthetic-preference-rule,0.2,0.1,1,1,0,0,1,0,411,1,9.3458,0,0.6411,0.4971,1,100,1
dat2-pair-0473,mock-reco-v1,20260902,1,1,train,2,dat2,product-067,cat-beauty,shop-12,Fri Jul 24 2026 23:05:00 GMT+0700 (Indochina Time),1,synthetic-preference-rule,1,0.1,5,1,0,1,1,0,421,1,7.9707,1,0.9205,0.8857,1,100,1
dat2-pair-0474,mock-reco-v1,20260902,1,1,train,3,dat2,product-027,cat-home,shop-01,Sat Jul 25 2026 20:06:00 GMT+0700 (Indochina Time),0,synthetic-preference-rule,0.2,0.1,1,1,0,0,1,0,467,1,8.5768,0,0.9096,0.5543,1,100,1
dat2-pair-0475,mock-reco-v1,20260902,1,1,train,4,dat2,product-086,cat-mother-baby,shop-01,Mon Jul 27 2026 05:11:00 GMT+0700 (Indochina Time),1,synthetic-preference-rule,1,0.1,6,1,0,1,1,0,378,1,9.3637,1,0.8959,0.9429,0,100,1
dat2-pair-0476,mock-reco-v1,20260902,1,1,heldout,0,dat2,product-096,cat-books,shop-03,Tue Jul 28 2026 02:12:00 GMT+0700 (Indochina Time),0,synthetic-preference-rule,0.2,0.1,2,0,0,0,1,0,429,1,9.0212,1,0.9808,0.6114,1,100,1
dat2-pair-0477,mock-reco-v1,20260902,1,1,train,1,dat2,product-014,cat-computers,shop-07,Tue Jul 28 2026 11:09:00 GMT+0700 (Indochina Time),1,synthetic-preference-rule,0.2,1,5,1,1,0,1,0,415,0.441,8.2488,0,0.6685,0.44,1,100,1
dat2-pair-0478,mock-reco-v1,20260902,1,1,train,2,dat2,product-003,cat-electronics,shop-11,Wed Jul 29 2026 08:10:00 GMT+0700 (Indochina Time),0,synthetic-preference-rule,0.2,0.1,2,0,0,0,1,0,397,1,8.7852,0,0.526,0.4686,1,100,1
dat2-pair-0479,mock-reco-v1,20260902,1,1,train,3,dat2,product-050,cat-fashion-women,shop-10,Thu Jul 30 2026 16:59:00 GMT+0700 (Indochina Time),1,synthetic-preference-rule,1,0.1,4,1,0,0,1,0,490,1,9.3415,0,0.7534,0.8571,1,100,1
dat2-pair-0480,mock-reco-v1,20260902,1,1,train,4,dat2,product-032,cat-kitchen,shop-02,Fri Jul 31 2026 14:00:00 GMT+0700 (Indochina Time),0,synthetic-preference-rule,0.2,0.1,2,0,0,1,1,0,377,1,9.3026,0,0.9973,0.5257,1,100,1
dat2-pair-0481,mock-reco-v1,20260902,1,1,heldout,0,dat2,product-076,cat-sports,shop-10,Sat Aug 01 2026 14:36:00 GMT+0700 (Indochina Time),1,synthetic-preference-rule,1,0.1,5,1,0,1,0.5278,0,479,0.277,9.2916,1,0.526,0.9143,1,100,1
dat2-pair-0482,mock-reco-v1,20260902,1,1,train,1,dat2,product-103,cat-pets,shop-03,Sun Aug 02 2026 17:35:00 GMT+0700 (Indochina Time),0,synthetic-preference-rule,0.2,0.1,1,1,0,0,1,0,372,0.286,5.5607,0,0.6548,0.5829,0,100,1
dat2-pair-0483,mock-reco-v1,20260902,1,1,train,2,dat2,product-101,cat-pets,shop-05,Mon Aug 03 2026 20:34:00 GMT+0700 (Indochina Time),1,synthetic-preference-rule,0.2,1,5,0,1,1,1,0,424,1,8.1599,1,0.6493,0.6114,1,100,1
dat2-pair-0484,mock-reco-v1,20260902,1,1,train,3,dat2,product-010,cat-electronics,shop-10,Tue Aug 04 2026 23:33:00 GMT+0700 (Indochina Time),0,synthetic-preference-rule,0.2,0.1,1,1,0,0,1,0,442,0.368,9.2536,0,0.989,0.44,1,100,1
dat2-pair-0485,mock-reco-v1,20260902,1,1,train,4,dat2,product-040,cat-kitchen,shop-07,Thu Aug 06 2026 02:32:00 GMT+0700 (Indochina Time),1,synthetic-preference-rule,0.2,1,5,1,1,1,1,0,421,0.765,9.3859,0,0.9753,0.4686,1,100,1
dat2-pair-0486,mock-reco-v1,20260902,1,1,heldout,0,dat2,product-039,cat-kitchen,shop-02,Fri Aug 07 2026 05:31:00 GMT+0700 (Indochina Time),0,synthetic-preference-rule,0.2,0.1,2,0,0,0,1,0,458,1,7.3382,0,0.9726,0.4971,1,100,1
dat2-pair-0487,mock-reco-v1,20260902,1,1,train,1,dat2,product-066,cat-beauty,shop-07,Fri Aug 07 2026 08:30:00 GMT+0700 (Indochina Time),1,synthetic-preference-rule,1,1,6,1,1,0,1,0,384,1,7.1515,1,0.9123,0.8857,1,100,1
dat2-pair-0488,mock-reco-v1,20260902,1,1,train,2,dat2,product-108,cat-pets,shop-04,Sat Aug 08 2026 11:29:00 GMT+0700 (Indochina Time),0,synthetic-preference-rule,0.2,0.1,2,0,0,0,0.5833,0,483,0.229,8.3345,0,0.6685,0.5543,1,100,1
dat2-pair-0489,mock-reco-v1,20260902,1,1,train,3,dat2,product-085,cat-mother-baby,shop-08,Sun Aug 09 2026 14:44:00 GMT+0700 (Indochina Time),1,synthetic-preference-rule,1,1,5,1,1,1,0.8611,0,467,0.741,9.2142,0,0.8986,0.9429,1,100,1
dat2-pair-0490,mock-reco-v1,20260902,1,1,train,4,dat2,product-017,cat-computers,shop-10,Mon Aug 10 2026 17:43:00 GMT+0700 (Indochina Time),0,synthetic-preference-rule,0.2,0.1,2,0,0,1,1,0,430,1,9.3026,0,0.6767,0.6114,1,100,1
dat2-pair-0491,mock-reco-v1,20260902,1,1,heldout,0,dat2,product-012,cat-computers,shop-08,Tue Aug 11 2026 12:05:00 GMT+0700 (Indochina Time),1,synthetic-preference-rule,0.2,1,5,1,1,0,0.3611,1,467,1,6.3716,1,0.663,0.44,1,100,1
dat2-pair-0492,mock-reco-v1,20260902,1,1,train,1,dat2,product-055,cat-fashion-men,shop-11,Wed Aug 12 2026 09:06:00 GMT+0700 (Indochina Time),0,synthetic-preference-rule,0.2,0.1,1,1,0,0,0.7778,0,474,0.392,7.7017,0,0.8027,0.4686,1,100,1
dat2-pair-0493,mock-reco-v1,20260902,1,1,train,2,dat2,product-049,cat-fashion-women,shop-05,Fri Aug 14 2026 06:07:00 GMT+0700 (Indochina Time),1,synthetic-preference-rule,1,1,5,1,1,0,1,0,453,0.477,9.1884,0,0.7562,0.8571,1,100,1
dat2-pair-0494,mock-reco-v1,20260902,1,1,train,3,dat2,product-113,cat-grocery,shop-06,Sat Aug 15 2026 03:08:00 GMT+0700 (Indochina Time),0,synthetic-preference-rule,0.2,0.1,1,1,0,0,1,0,433,0.955,8.6873,0,0.6301,0.5257,1,100,1
dat2-pair-0495,mock-reco-v1,20260902,1,1,train,4,dat2,product-075,cat-sports,shop-05,Sun Aug 16 2026 00:01:00 GMT+0700 (Indochina Time),1,synthetic-preference-rule,1,1,4,1,1,0,1,0,390,1,6.1442,0,0.5233,0.9143,1,100,1
dat2-pair-0496,mock-reco-v1,20260902,1,1,heldout,0,dat2,product-022,cat-home,shop-11,Sun Aug 16 2026 21:02:00 GMT+0700 (Indochina Time),0,synthetic-preference-rule,0.2,0.1,2,0,0,0,1,0,408,1,9.2266,0,0.8904,0.5829,1,100,1
dat2-pair-0497,mock-reco-v1,20260902,1,1,train,1,dat2,product-099,cat-books,shop-07,Mon Aug 17 2026 18:03:00 GMT+0700 (Indochina Time),1,synthetic-preference-rule,0.2,1,5,1,1,1,0.5556,0,406,0.16,8.58,0,0.989,0.6114,1,100,1
dat2-pair-0498,mock-reco-v1,20260902,1,1,train,2,dat2,product-091,cat-books,shop-02,Tue Aug 18 2026 15:04:00 GMT+0700 (Indochina Time),0,synthetic-preference-rule,0.2,0.1,2,0,0,0,1,0,488,1,8.383,1,0.9671,0.44,1,100,1
dat2-pair-0499,mock-reco-v1,20260902,1,1,train,3,dat2,product-038,cat-kitchen,shop-09,Wed Aug 19 2026 12:13:00 GMT+0700 (Indochina Time),1,synthetic-preference-rule,0.2,1,5,0,1,1,1,0,451,0.651,7.1333,0,0.9808,0.4686,1,100,1
dat2-pair-0500,mock-reco-v1,20260902,1,1,train,4,dat2,product-119,cat-grocery,shop-12,Thu Aug 20 2026 09:14:00 GMT+0700 (Indochina Time),0,synthetic-preference-rule,0.2,0.1,1,0,0,1,0.75,0,425,0.345,8.2,0,0.6137,0.4971,1,100,1
dat2-pair-0501,mock-reco-v1,20260902,1,1,heldout,0,dat2,product-065,cat-beauty,shop-02,Fri Aug 21 2026 08:15:00 GMT+0700 (Indochina Time),1,synthetic-preference-rule,1,0.1,5,1,0,1,1,0,473,0.419,9.3637,0,0.9151,0.8857,1,100,1
dat2-pair-0502,mock-reco-v1,20260902,1,1,train,1,dat2,product-028,cat-home,shop-06,Sun Aug 23 2026 05:16:00 GMT+0700 (Indochina Time),0,synthetic-preference-rule,0.2,0.1,1,1,0,0,0.9444,0,378,0.482,8.843,0,0.9068,0.5543,1,100,1
dat2-pair-0503,mock-reco-v1,20260902,1,1,train,2,dat2,product-084,cat-mother-baby,shop-02,Sun Aug 23 2026 14:13:00 GMT+0700 (Indochina Time),1,synthetic-preference-rule,1,0.1,6,1,0,0,1,0,408,1,7.5725,0,0.8795,0.9429,1,100,1
dat2-pair-0504,mock-reco-v1,20260902,1,1,train,3,dat2,product-098,cat-books,shop-02,Mon Aug 24 2026 11:14:00 GMT+0700 (Indochina Time),0,synthetic-preference-rule,0.2,0.1,2,0,0,0,0.1944,1,377,1,9.3514,0,0.9863,0.6114,1,100,1
dat2-pair-0505,mock-reco-v1,20260902,1,1,train,4,dat2,product-009,cat-electronics,shop-05,Tue Aug 25 2026 20:11:00 GMT+0700 (Indochina Time),1,synthetic-preference-rule,0.2,1,5,1,1,1,1,0,405,1,9.0851,0,0.9918,0.44,1,100,1
dat2-pair-0506,mock-reco-v1,20260902,1,1,heldout,0,dat2,product-004,cat-electronics,shop-04,Wed Aug 26 2026 17:12:00 GMT+0700 (Indochina Time),0,synthetic-preference-rule,0.2,0.1,2,0,0,0,1,0,434,0.254,9.0065,0,0.5233,0.4686,1,100,1
dat2-pair-0507,mock-reco-v1,20260902,1,1,train,1,dat2,product-048,cat-fashion-women,shop-11,Fri Aug 28 2026 02:09:00 GMT+0700 (Indochina Time),1,synthetic-preference-rule,1,0.1,5,1,0,0,1,0,476,1,7.8785,0,0.7151,0.8571,1,100,1
dat2-pair-0508,mock-reco-v1,20260902,1,1,train,2,dat2,product-034,cat-kitchen,shop-12,Fri Aug 28 2026 23:10:00 GMT+0700 (Indochina Time),0,synthetic-preference-rule,0.2,0.1,2,0,0,0,1,0,429,1,8.9527,1,0.9918,0.5257,1,100,1
dat2-pair-0509,mock-reco-v1,20260902,1,1,train,3,dat2,product-074,cat-sports,shop-12,Sat Aug 29 2026 08:23:00 GMT+0700 (Indochina Time),1,synthetic-preference-rule,1,0.1,5,1,0,0,1,0,427,1,7.0326,0,0.5096,0.9143,1,100,1
dat2-pair-0510,mock-reco-v1,20260902,1,1,train,4,dat2,product-105,cat-pets,shop-01,Tue Jun 02 2026 05:24:00 GMT+0700 (Indochina Time),0,synthetic-preference-rule,0.2,0.1,1,0,0,1,1,0,446,0.172,9.1074,0,0.6603,0.5829,1,100,1
dat2-pair-0511,mock-reco-v1,20260902,1,1,heldout,0,dat2,product-097,cat-books,shop-09,Tue Jun 02 2026 10:46:00 GMT+0700 (Indochina Time),1,synthetic-preference-rule,0.2,1,4,1,1,1,1,0,414,0.77,7.0335,0,0.9836,0.6114,1,100,1
dat2-pair-0512,mock-reco-v1,20260902,1,1,train,1,dat2,product-011,cat-computers,shop-03,Wed Jun 03 2026 13:45:00 GMT+0700 (Indochina Time),0,synthetic-preference-rule,0.2,0.1,1,1,0,0,1,0,378,0.384,7.698,1,0.6603,0.44,1,100,1
dat2-pair-0513,mock-reco-v1,20260902,1,1,train,2,dat2,product-035,cat-kitchen,shop-05,Fri Jun 05 2026 04:48:00 GMT+0700 (Indochina Time),1,synthetic-preference-rule,0.2,1,5,1,1,1,1,0,436,1,8.7177,0,0.9836,0.4686,0,100,1
dat2-pair-0514,mock-reco-v1,20260902,1,1,train,3,dat2,product-051,cat-fashion-men,shop-03,Fri Jun 05 2026 07:47:00 GMT+0700 (Indochina Time),0,synthetic-preference-rule,0.2,0.1,2,0,0,0,0.1111,1,452,1,8.8582,1,0.8137,0.4971,1,100,1
dat2-pair-0515,mock-reco-v1,20260902,1,1,train,4,dat2,product-064,cat-beauty,shop-09,Sat Jun 06 2026 22:50:00 GMT+0700 (Indochina Time),1,synthetic-preference-rule,1,1,5,0,1,1,1,0,480,0.362,9.2141,0,0.9288,0.8857,1,100,1
dat2-pair-0516,mock-reco-v1,20260902,1,1,heldout,0,dat2,product-109,cat-pets,shop-10,Mon Jun 08 2026 01:49:00 GMT+0700 (Indochina Time),0,synthetic-preference-rule,0.2,0.1,2,0,0,0,1,0,380,0.4,8.4007,0,0.6274,0.5543,1,100,1
dat2-pair-0517,mock-reco-v1,20260902,1,1,train,1,dat2,product-083,cat-mother-baby,shop-09,Mon Jun 08 2026 16:52:00 GMT+0700 (Indochina Time),1,synthetic-preference-rule,1,1,5,1,1,1,1,0,371,1,5.7838,0,0.8822,0.9429,1,100,1
dat2-pair-0518,mock-reco-v1,20260902,1,1,train,2,dat2,product-018,cat-computers,shop-03,Tue Jun 09 2026 19:51:00 GMT+0700 (Indochina Time),0,synthetic-preference-rule,0.2,0.1,2,0,0,0,1,0,393,1,9.1428,0,0.6795,0.6114,0,100,1
dat2-pair-0519,mock-reco-v1,20260902,1,1,train,3,dat2,product-007,cat-electronics,shop-07,Wed Jun 10 2026 10:38:00 GMT+0700 (Indochina Time),1,synthetic-preference-rule,0.2,1,6,1,1,0,1,0,419,0.197,4.1109,0,0.537,0.44,1,100,1
dat2-pair-0520,mock-reco-v1,20260902,1,1,train,4,dat2,product-056,cat-fashion-men,shop-04,Thu Jun 11 2026 13:37:00 GMT+0700 (Indochina Time),0,synthetic-preference-rule,0.2,0.1,1,1,0,0,1,0,437,1,9.3834,1,0.8055,0.4686,1,100,1
dat2-pair-0521,mock-reco-v1,20260902,1,1,heldout,0,dat2,product-047,cat-fashion-women,shop-06,Fri Jun 12 2026 19:41:00 GMT+0700 (Indochina Time),1,synthetic-preference-rule,1,0.1,5,1,0,0,1,0,439,0.363,6.9285,0,0.7178,0.8571,1,100,1
dat2-pair-0522,mock-reco-v1,20260902,1,1,train,1,dat2,product-114,cat-grocery,shop-11,Sat Jun 13 2026 16:42:00 GMT+0700 (Indochina Time),0,synthetic-preference-rule,0.2,0.1,1,1,0,0,1,0,470,1,8.9288,0,0.6274,0.5257,1,100,1
dat2-pair-0523,mock-reco-v1,20260902,1,1,train,2,dat2,product-073,cat-sports,shop-07,Sun Jun 14 2026 13:43:00 GMT+0700 (Indochina Time),1,synthetic-preference-rule,1,1,5,1,1,0,1,0,464,1,7.9201,0,1,0.9143,1,100,1
dat2-pair-0524,mock-reco-v1,20260902,1,1,train,3,dat2,product-023,cat-home,shop-04,Mon Jun 15 2026 10:44:00 GMT+0700 (Indochina Time),0,synthetic-preference-rule,0.2,0.1,2,0,0,0,1,0,445,1,9.3744,1,0.8986,0.5829,1,100,1
dat2-pair-0525,mock-reco-v1,20260902,1,1,train,4,dat2,product-094,cat-books,shop-05,Tue Jun 16 2026 07:37:00 GMT+0700 (Indochina Time),1,synthetic-preference-rule,0.2,1,5,1,1,0,0.4722,1,399,1,8.698,0,0.9753,0.6114,1,100,1
dat2-pair-0526,mock-reco-v1,20260902,1,1,heldout,0,dat2,product-093,cat-books,shop-12,Thu Jun 18 2026 04:38:00 GMT+0700 (Indochina Time),0,synthetic-preference-rule,0.2,0.1,2,0,0,0,1,0,436,0.046,8.9372,0,0.9726,0.44,1,100,1
dat2-pair-0527,mock-reco-v1,20260902,1,1,train,1,dat2,product-033,cat-kitchen,shop-07,Fri Jun 19 2026 01:39:00 GMT+0700 (Indochina Time),1,synthetic-preference-rule,0.2,1,4,1,1,1,1,0,466,1,9.1429,0,0.989,0.4686,1,100,1
dat2-pair-0528,mock-reco-v1,20260902,1,1,train,2,dat2,product-001,cat-electronics,shop-01,Fri Jun 19 2026 22:40:00 GMT+0700 (Indochina Time),0,synthetic-preference-rule,0.2,0.1,2,0,0,1,1,0,449,1,9.1876,1,0.5205,0.4971,0,100,1
dat2-pair-0529,mock-reco-v1,20260902,1,1,train,3,dat2,product-063,cat-beauty,shop-04,Sat Jun 20 2026 19:33:00 GMT+0700 (Indochina Time),1,synthetic-preference-rule,1,0.1,5,1,0,1,1,0,443,1,9.0382,0,0.9315,0.8857,1,100,1
dat2-pair-0530,mock-reco-v1,20260902,1,1,train,4,dat2,product-029,cat-home,shop-11,Sun Jun 21 2026 16:34:00 GMT+0700 (Indochina Time),0,synthetic-preference-rule,0.2,0.1,1,1,0,0,1,0,415,1,9.1587,0,0.9151,0.5543,1,100,1
dat2-pair-0531,mock-reco-v1,20260902,1,1,heldout,0,dat2,product-082,cat-mother-baby,shop-04,Mon Jun 22 2026 22:12:00 GMT+0700 (Indochina Time),1,synthetic-preference-rule,1,0.1,6,0,0,1,1,0,482,0.798,8.5529,0,0.8849,0.9429,1,100,1
dat2-pair-0532,mock-reco-v1,20260902,1,1,train,1,dat2,product-100,cat-books,shop-12,Wed Jun 24 2026 01:11:00 GMT+0700 (Indochina Time),0,synthetic-preference-rule,0.2,0.1,1,1,0,0,1,0,495,1,8.2174,1,0.9918,0.6114,1,100,1
dat2-pair-0533,mock-reco-v1,20260902,1,1,train,2,dat2,product-005,cat-electronics,shop-09,Thu Jun 25 2026 04:10:00 GMT+0700 (Indochina Time),1,synthetic-preference-rule,0.2,1,5,1,1,1,1,0,471,1,8.1014,0,0.5315,0.44,1,100,1
dat2-pair-0534,mock-reco-v1,20260902,1,1,train,3,dat2,product-006,cat-electronics,shop-02,Thu Jun 25 2026 07:09:00 GMT+0700 (Indochina Time),0,synthetic-preference-rule,0.2,0.1,2,0,0,0,1,0,382,0.14,8.5007,1,0.5288,0.4686,1,100,1
dat2-pair-0535,mock-reco-v1,20260902,1,1,train,4,dat2,product-046,cat-fashion-women,shop-01,Fri Jun 26 2026 10:08:00 GMT+0700 (Indochina Time),1,synthetic-preference-rule,1,0.1,5,1,0,0,1,0,424,1,8.679,1,0.7205,0.8571,1,100,1
dat2-pair-0536,mock-reco-v1,20260902,1,1,heldout,0,dat2,product-036,cat-kitchen,shop-10,Sat Jun 27 2026 13:07:00 GMT+0700 (Indochina Time),0,synthetic-preference-rule,0.2,0.1,2,0,0,0,1,0,399,1,8.4098,1,0.9863,0.5257,1,100,1
dat2-pair-0537,mock-reco-v1,20260902,1,1,train,1,dat2,product-072,cat-sports,shop-01,Sun Jun 28 2026 16:06:00 GMT+0700 (Indochina Time),1,synthetic-preference-rule,1,0.1,5,1,0,0,0.1389,1,375,1,8.3827,0,0.5151,0.9143,1,100,1
dat2-pair-0538,mock-reco-v1,20260902,1,1,train,2,dat2,product-106,cat-pets,shop-06,Mon Jun 29 2026 19:05:00 GMT+0700 (Indochina Time),0,synthetic-preference-rule,0.2,0.1,2,0,0,1,1,0,409,1,8.9096,1,0.663,0.5829,1,100,1
dat2-pair-0539,mock-reco-v1,20260902,1,1,train,3,dat2,product-092,cat-books,shop-07,Tue Jun 30 2026 22:04:00 GMT+0700 (Indochina Time),1,synthetic-preference-rule,0.2,1,5,1,1,0,1,0,451,0.827,7.9204,0,0.9699,0.6114,1,100,1
dat2-pair-0540,mock-reco-v1,20260902,1,1,train,4,dat2,product-013,cat-computers,shop-02,Thu Jul 02 2026 01:03:00 GMT+0700 (Indochina Time),0,synthetic-preference-rule,0.2,0.1,1,1,0,0,1,0,452,1,8.6019,0,0.6658,0.44,1,100,1
dat2-pair-0541,mock-reco-v1,20260902,1,1,heldout,0,dat2,product-031,cat-kitchen,shop-09,Thu Jul 02 2026 20:35:00 GMT+0700 (Indochina Time),1,synthetic-preference-rule,0.2,1,5,1,1,0,1,0,414,0.594,6.3733,1,0.9945,0.4686,1,100,1
dat2-pair-0542,mock-reco-v1,20260902,1,1,train,1,dat2,product-053,cat-fashion-men,shop-01,Fri Jul 03 2026 17:36:00 GMT+0700 (Indochina Time),0,synthetic-preference-rule,0.2,0.1,1,1,0,0,1,0,400,1,9.237,0,0.8192,0.4971,1,100,1
dat2-pair-0543,mock-reco-v1,20260902,1,1,train,2,dat2,product-062,cat-beauty,shop-11,Sun Jul 05 2026 02:33:00 GMT+0700 (Indochina Time),1,synthetic-preference-rule,1,0.1,4,1,0,1,1,0,406,1,8.8247,0,0.9233,0.8857,1,100,1
dat2-pair-0544,mock-reco-v1,20260902,1,1,train,3,dat2,product-110,cat-pets,shop-03,Sun Jul 05 2026 23:34:00 GMT+0700 (Indochina Time),0,synthetic-preference-rule,0.2,0.1,2,0,0,0,1,0,469,1,7.9484,0,0.6301,0.5543,1,100,1
dat2-pair-0545,mock-reco-v1,20260902,1,1,train,4,dat2,product-081,cat-mother-baby,shop-11,Mon Jul 06 2026 08:39:00 GMT+0700 (Indochina Time),1,synthetic-preference-rule,1,0.1,5,1,0,1,1,0,445,0.017,8.1784,1,0.8877,0.9429,1,100,1
dat2-pair-0546,mock-reco-v1,20260902,1,1,heldout,0,dat2,product-020,cat-computers,shop-01,Wed Jul 08 2026 05:40:00 GMT+0700 (Indochina Time),0,synthetic-preference-rule,0.2,0.1,2,0,0,0,1,0,423,1,9.3616,0,0.6411,0.6114,1,100,1
dat2-pair-0547,mock-reco-v1,20260902,1,1,train,1,dat2,product-120,cat-grocery,shop-05,Wed Jul 08 2026 14:37:00 GMT+0700 (Indochina Time),1,synthetic-preference-rule,0.2,1,6,0,1,1,1,0,462,1,8.5679,0,0.611,0.44,0,100,1
dat2-pair-0548,mock-reco-v1,20260902,1,1,train,2,dat2,product-058,cat-fashion-men,shop-02,Thu Jul 09 2026 11:38:00 GMT+0700 (Indochina Time),0,synthetic-preference-rule,0.2,0.1,2,0,0,1,1,0,385,0.449,8.2509,0,0.811,0.4686,1,100,1
dat2-pair-0549,mock-reco-v1,20260902,1,1,train,3,dat2,product-045,cat-fashion-women,shop-08,Fri Jul 10 2026 20:27:00 GMT+0700 (Indochina Time),1,synthetic-preference-rule,1,1,5,1,1,1,0.1944,1,387,1,8.3568,1,0.7233,0.8571,1,100,1
dat2-pair-0550,mock-reco-v1,20260902,1,1,train,4,dat2,product-115,cat-grocery,shop-04,Sat Jul 11 2026 17:28:00 GMT+0700 (Indochina Time),0,synthetic-preference-rule,0.2,0.1,1,1,0,0,1,0,485,0.117,9.0135,0,0.6466,0.5257,1,100,1
dat2-pair-0551,mock-reco-v1,20260902,1,1,heldout,0,dat2,product-071,cat-sports,shop-08,Sun Jul 12 2026 23:06:00 GMT+0700 (Indochina Time),1,synthetic-preference-rule,1,1,5,1,1,0,1,0,412,0.334,8.6978,1,0.5123,0.9143,1,100,1
dat2-pair-0552,mock-reco-v1,20260902,1,1,train,1,dat2,product-025,cat-home,shop-03,Tue Jul 14 2026 02:05:00 GMT+0700 (Indochina Time),0,synthetic-preference-rule,0.2,0.1,1,1,0,0,1,0,393,1,7.2189,0,0.9041,0.5829,1,100,1
dat2-pair-0553,mock-reco-v1,20260902,1,1,train,2,dat2,product-090,cat-mother-baby,shop-09,Tue Jul 14 2026 17:08:00 GMT+0700 (Indochina Time),1,synthetic-preference-rule,1,1,5,1,1,0,1,0,400,1,8.7216,0,0.9068,0.9714,1,100,1
dat2-pair-0554,mock-reco-v1,20260902,1,1,train,3,dat2,product-095,cat-books,shop-10,Wed Jul 15 2026 20:07:00 GMT+0700 (Indochina Time),0,synthetic-preference-rule,0.2,0.1,2,0,0,0,1,0,466,1,9.1999,0,0.9781,0.44,1,100,1
dat2-pair-0555,mock-reco-v1,20260902,1,1,train,4,dat2,product-026,cat-home,shop-08,Thu Jul 16 2026 11:02:00 GMT+0700 (Indochina Time),1,synthetic-preference-rule,0.2,1,5,1,1,1,1,0,430,1,8.001,1,0.9014,0.4686,1,100,1
dat2-pair-0556,mock-reco-v1,20260902,1,1,heldout,0,dat2,product-002,cat-electronics,shop-06,Fri Jul 17 2026 14:01:00 GMT+0700 (Indochina Time),0,synthetic-preference-rule,0.2,0.1,2,0,0,0,1,0,486,1,9.3408,0,0.5178,0.4971,1,100,1
dat2-pair-0557,mock-reco-v1,20260902,1,1,train,1,dat2,product-061,cat-beauty,shop-06,Sun Jul 19 2026 05:04:00 GMT+0700 (Indochina Time),1,synthetic-preference-rule,1,0.1,5,1,0,0,1,0,495,1,8.5528,1,0.926,0.8857,1,100,1
dat2-pair-0558,mock-reco-v1,20260902,1,1,train,2,dat2,product-030,cat-home,shop-04,Sun Jul 19 2026 08:03:00 GMT+0700 (Indochina Time),0,synthetic-preference-rule,0.2,0.1,1,0,0,1,1,0,452,1,9.3161,0,0.9123,0.5543,1,100,1
dat2-pair-0559,mock-reco-v1,20260902,1,1,train,3,dat2,product-080,cat-sports,shop-06,Mon Jul 20 2026 22:58:00 GMT+0700 (Indochina Time),1,synthetic-preference-rule,1,0.1,4,1,0,1,1,0,457,0.505,8.1371,0,0.9863,0.9429,1,100,1
dat2-pair-0560,mock-reco-v1,20260902,1,1,train,4,dat2,product-102,cat-pets,shop-10,Wed Jul 22 2026 01:57:00 GMT+0700 (Indochina Time),0,synthetic-preference-rule,0.2,0.1,1,1,0,0,1,0,387,1,7.5385,0,0.6521,0.6114,1,100,1
dat2-pair-0561,mock-reco-v1,20260902,1,1,heldout,0,dat2,product-118,cat-grocery,shop-07,Thu Jul 23 2026 03:13:00 GMT+0700 (Indochina Time),1,synthetic-preference-rule,0.2,1,6,1,1,1,0.5556,0,448,0.06,6.9754,0,0.6384,0.44,1,100,1
dat2-pair-0562,mock-reco-v1,20260902,1,1,train,1,dat2,product-008,cat-electronics,shop-12,Fri Jul 24 2026 00:14:00 GMT+0700 (Indochina Time),0,synthetic-preference-rule,0.2,0.1,2,0,0,0,0.7222,0,456,0.978,7.4265,0,0.5342,0.4686,1,100,1
dat2-pair-0563,mock-reco-v1,20260902,1,1,train,2,dat2,product-044,cat-fashion-women,shop-03,Fri Jul 24 2026 21:15:00 GMT+0700 (Indochina Time),1,synthetic-preference-rule,1,0.1,6,0,0,1,1,0,372,1,9.1178,0,0.726,0.8571,1,100,1
dat2-pair-0564,mock-reco-v1,20260902,1,1,train,3,dat2,product-037,cat-kitchen,shop-04,Sat Jul 25 2026 18:16:00 GMT+0700 (Indochina Time),0,synthetic-preference-rule,0.2,0.1,2,0,0,0,1,0,488,1,7.9628,0,0.9781,0.5257,1,100,1
dat2-pair-0565,mock-reco-v1,20260902,1,1,train,4,dat2,product-070,cat-beauty,shop-03,Sun Jul 26 2026 15:17:00 GMT+0700 (Indochina Time),1,synthetic-preference-rule,1,0.1,4,1,0,0,0.7778,0,488,0.972,8.6739,0,0.9014,0.9143,1,100,1
dat2-pair-0566,mock-reco-v1,20260902,1,1,heldout,0,dat2,product-107,cat-pets,shop-11,Mon Jul 27 2026 12:18:00 GMT+0700 (Indochina Time),0,synthetic-preference-rule,0.2,0.1,2,0,0,0,1,0,394,1,8.6629,0,0.6658,0.5829,1,100,1
dat2-pair-0567,mock-reco-v1,20260902,1,1,train,1,dat2,product-089,cat-mother-baby,shop-04,Tue Jul 28 2026 09:19:00 GMT+0700 (Indochina Time),1,synthetic-preference-rule,1,0.1,5,1,0,0,1,0,489,0.969,8.4152,1,0.9096,0.9714,1,100,1
dat2-pair-0568,mock-reco-v1,20260902,1,1,train,2,dat2,product-015,cat-computers,shop-12,Thu Jul 30 2026 06:20:00 GMT+0700 (Indochina Time),0,synthetic-preference-rule,0.2,0.1,1,0,0,1,1,0,482,1,8.9526,0,0.6712,0.44,1,100,1
dat2-pair-0569,mock-reco-v1,20260902,1,1,train,3,dat2,product-024,cat-home,shop-09,Fri Jul 31 2026 03:21:00 GMT+0700 (Indochina Time),1,synthetic-preference-rule,0.2,1,5,1,1,0,0.2778,1,482,1,7.2457,0,0.8959,0.4686,1,100,1
dat2-pair-0570,mock-reco-v1,20260902,1,1,train,4,dat2,product-054,cat-fashion-men,shop-06,Sat Aug 01 2026 00:22:00 GMT+0700 (Indochina Time),0,synthetic-preference-rule,0.2,0.1,1,1,0,0,1,0,489,1,9.0654,0,0.8219,0.4971,1,100,1
dat2-pair-0571,mock-reco-v1,20260902,1,1,heldout,0,dat2,product-059,cat-fashion-men,shop-07,Sun Aug 02 2026 05:44:00 GMT+0700 (Indochina Time),1,synthetic-preference-rule,0.2,1,5,1,1,1,1,0,408,1,9.0697,0,0.8356,0.5257,1,100,1
dat2-pair-0572,mock-reco-v1,20260902,1,1,train,1,dat2,product-112,cat-grocery,shop-01,Sun Aug 02 2026 08:43:00 GMT+0700 (Indochina Time),0,synthetic-preference-rule,0.2,0.1,2,0,0,0,1,0,418,0.174,8.3682,0,0.6329,0.5543,1,100,1
dat2-pair-0573,mock-reco-v1,20260902,1,1,train,2,dat2,product-079,cat-sports,shop-01,Mon Aug 03 2026 11:42:00 GMT+0700 (Indochina Time),1,synthetic-preference-rule,1,0.1,5,1,0,0,1,0,494,1,8.5248,0,0.9836,0.9429,1,100,1
dat2-pair-0574,mock-reco-v1,20260902,1,1,train,3,dat2,product-021,cat-home,shop-06,Tue Aug 04 2026 14:41:00 GMT+0700 (Indochina Time),0,synthetic-preference-rule,0.2,0.1,2,0,0,0,1,0,371,0.539,9.0531,1,0.8932,0.6114,1,100,1
dat2-pair-0575,mock-reco-v1,20260902,1,1,train,4,dat2,product-116,cat-grocery,shop-09,Wed Aug 05 2026 17:48:00 GMT+0700 (Indochina Time),1,synthetic-preference-rule,0.2,1,4,1,1,1,1,0,396,0.898,9.1934,1,0.6438,0.44,1,100,1
dat2-pair-0576,mock-reco-v1,20260902,1,1,heldout,0,dat2,product-060,cat-fashion-men,shop-12,Thu Aug 06 2026 20:47:00 GMT+0700 (Indochina Time),0,synthetic-preference-rule,0.2,0.1,2,0,0,0,1,0,371,1,8.8635,0,0.8384,0.4686,1,100,1
dat2-pair-0577,mock-reco-v1,20260902,1,1,train,1,dat2,product-043,cat-fashion-women,shop-10,Fri Aug 07 2026 23:46:00 GMT+0700 (Indochina Time),1,synthetic-preference-rule,1,0.1,6,1,0,1,1,0,461,1,8.9223,0,0.7288,0.8571,1,100,1
dat2-pair-0578,mock-reco-v1,20260902,1,1,train,2,dat2,product-117,cat-grocery,shop-02,Sun Aug 09 2026 02:45:00 GMT+0700 (Indochina Time),0,synthetic-preference-rule,0.2,0.1,1,1,0,0,1,0,411,1,9.3458,0,0.6411,0.5257,1,100,1
dat2-pair-0579,mock-reco-v1,20260902,1,1,train,3,dat2,product-069,cat-beauty,shop-10,Mon Aug 10 2026 05:52:00 GMT+0700 (Indochina Time),1,synthetic-preference-rule,1,0.1,6,0,0,1,1,0,451,0.191,8.3497,0,0.9041,0.9143,0,100,1
dat2-pair-0580,mock-reco-v1,20260902,1,1,train,4,dat2,product-027,cat-home,shop-01,Mon Aug 10 2026 08:51:00 GMT+0700 (Indochina Time),0,synthetic-preference-rule,0.2,0.1,1,1,0,0,1,0,467,1,8.5768,0,0.9096,0.5829,1,100,1
dat2-pair-0581,mock-reco-v1,20260902,1,1,heldout,0,dat2,product-088,cat-mother-baby,shop-11,Wed Aug 12 2026 04:39:00 GMT+0700 (Indochina Time),1,synthetic-preference-rule,1,0.1,4,1,0,0,1,0,430,0.684,9.0384,0,0.8904,0.9714,1,100,1
dat2-pair-0582,mock-reco-v1,20260902,1,1,train,1,dat2,product-096,cat-books,shop-03,Thu Aug 13 2026 01:40:00 GMT+0700 (Indochina Time),0,synthetic-preference-rule,0.2,0.1,2,0,0,0,1,0,429,1,9.0212,1,0.9808,0.44,1,100,1
dat2-pair-0583,mock-reco-v1,20260902,1,1,train,2,dat2,product-019,cat-computers,shop-08,Thu Aug 13 2026 10:37:00 GMT+0700 (Indochina Time),1,synthetic-preference-rule,0.2,1,5,1,1,0,1,0,460,1,7.1325,0,0.6384,0.4686,1,100,1
dat2-pair-0584,mock-reco-v1,20260902,1,1,train,3,dat2,product-003,cat-electronics,shop-11,Fri Aug 14 2026 07:38:00 GMT+0700 (Indochina Time),0,synthetic-preference-rule,0.2,0.1,2,0,0,0,1,0,397,1,8.7852,0,0.526,0.4971,1,100,1
dat2-pair-0585,mock-reco-v1,20260902,1,1,train,4,dat2,product-057,cat-fashion-men,shop-09,Sat Aug 15 2026 16:35:00 GMT+0700 (Indochina Time),1,synthetic-preference-rule,0.2,1,5,0,1,1,1,0,422,1,8.6034,0,0.8082,0.5257,1,100,1
dat2-pair-0586,mock-reco-v1,20260902,1,1,heldout,0,dat2,product-032,cat-kitchen,shop-02,Sun Aug 16 2026 13:36:00 GMT+0700 (Indochina Time),0,synthetic-preference-rule,0.2,0.1,2,0,0,1,1,0,377,1,9.3026,0,0.9973,0.5543,1,100,1
dat2-pair-0587,mock-reco-v1,20260902,1,1,train,1,dat2,product-078,cat-sports,shop-08,Mon Aug 17 2026 22:33:00 GMT+0700 (Indochina Time),1,synthetic-preference-rule,1,1,5,1,1,1,1,0,405,1,8.9371,1,0.5205,0.9429,1,100,1
dat2-pair-0588,mock-reco-v1,20260902,1,1,train,2,dat2,product-103,cat-pets,shop-03,Tue Aug 18 2026 19:34:00 GMT+0700 (Indochina Time),0,synthetic-preference-rule,0.2,0.1,1,1,0,0,1,0,372,0.286,5.5607,0,0.6548,0.6114,0,100,1
dat2-pair-0589,mock-reco-v1,20260902,1,1,train,3,dat2,product-111,cat-grocery,shop-08,Thu Aug 20 2026 04:31:00 GMT+0700 (Indochina Time),1,synthetic-preference-rule,0.2,1,5,1,1,0,1,0,381,1,7.8969,1,0.6356,0.44,1,100,1
dat2-pair-0590,mock-reco-v1,20260902,1,1,train,4,dat2,product-010,cat-electronics,shop-10,Fri Aug 21 2026 01:32:00 GMT+0700 (Indochina Time),0,synthetic-preference-rule,0.2,0.1,1,1,0,0,1,0,442,0.368,9.2536,0,0.989,0.4686,1,100,1
dat2-pair-0591,mock-reco-v1,20260902,1,1,heldout,0,dat2,product-042,cat-fashion-women,shop-05,Sat Aug 22 2026 06:38:00 GMT+0700 (Indochina Time),1,synthetic-preference-rule,1,1,5,1,1,1,1,0,446,0.306,5.8693,0,0.7315,0.8571,1,100,1
dat2-pair-0592,mock-reco-v1,20260902,1,1,train,1,dat2,product-039,cat-kitchen,shop-02,Sat Aug 22 2026 09:37:00 GMT+0700 (Indochina Time),0,synthetic-preference-rule,0.2,0.1,2,0,0,0,1,0,458,1,7.3382,0,0.9726,0.5257,1,100,1
dat2-pair-0593,mock-reco-v1,20260902,1,1,train,2,dat2,product-068,cat-beauty,shop-05,Mon Aug 24 2026 00:40:00 GMT+0700 (Indochina Time),1,synthetic-preference-rule,1,1,6,1,1,1,1,0,458,1,8.4149,0,0.9178,0.9143,1,100,1
dat2-pair-0594,mock-reco-v1,20260902,1,1,train,3,dat2,product-108,cat-pets,shop-04,Tue Aug 25 2026 03:39:00 GMT+0700 (Indochina Time),0,synthetic-preference-rule,0.2,0.1,2,0,0,0,0.5833,0,483,0.229,8.3345,0,0.6685,0.5829,1,100,1
dat2-pair-0595,mock-reco-v1,20260902,1,1,train,4,dat2,product-087,cat-mother-baby,shop-06,Tue Aug 25 2026 18:42:00 GMT+0700 (Indochina Time),1,synthetic-preference-rule,1,0.1,5,1,0,0,1,0,393,1,8.8248,0,0.8932,0.9714,1,100,1
dat2-pair-0596,mock-reco-v1,20260902,1,1,heldout,0,dat2,product-017,cat-computers,shop-10,Wed Aug 26 2026 21:41:00 GMT+0700 (Indochina Time),0,synthetic-preference-rule,0.2,0.1,2,0,0,1,1,0,430,1,9.3026,0,0.6767,0.44,1,100,1
dat2-pair-0597,mock-reco-v1,20260902,1,1,train,1,dat2,product-016,cat-computers,shop-05,Thu Aug 27 2026 12:44:00 GMT+0700 (Indochina Time),1,synthetic-preference-rule,0.2,1,4,1,1,0,1,0,445,0.327,8.7175,1,0.674,0.4686,1,100,1
dat2-pair-0598,mock-reco-v1,20260902,1,1,train,2,dat2,product-055,cat-fashion-men,shop-11,Fri Aug 28 2026 15:43:00 GMT+0700 (Indochina Time),0,synthetic-preference-rule,0.2,0.1,1,1,0,0,0.7778,0,474,0.392,7.7017,0,0.8027,0.4971,1,100,1
dat2-pair-0599,mock-reco-v1,20260902,1,1,train,3,dat2,product-052,cat-fashion-men,shop-08,Sun Aug 30 2026 06:46:00 GMT+0700 (Indochina Time),1,synthetic-preference-rule,0.2,1,5,1,1,0,1,0,415,0.335,8.5966,0,0.8164,0.5257,0,100,1
dat2-pair-0600,mock-reco-v1,20260902,1,1,train,4,dat2,product-113,cat-grocery,shop-06,Mon Jun 01 2026 09:45:00 GMT+0700 (Indochina Time),0,synthetic-preference-rule,0.2,0.1,1,1,0,0,1,0,433,0.955,8.6873,0,0.6301,0.5543,1,100,1
dat2-pair-0601,mock-reco-v1,20260902,1,1,heldout,0,dat2,product-077,cat-sports,shop-03,Wed Jun 03 2026 02:34:00 GMT+0700 (Indochina Time),1,synthetic-preference-rule,1,0.1,5,0,0,1,1,0,442,0.22,9.13,0,0.5178,0.9429,1,100,1
dat2-pair-0602,mock-reco-v1,20260902,1,1,train,1,dat2,product-022,cat-home,shop-11,Thu Jun 04 2026 05:33:00 GMT+0700 (Indochina Time),0,synthetic-preference-rule,0.2,0.1,2,0,0,0,1,0,408,1,9.2266,0,0.8904,0.6114,1,100,1
dat2-pair-0603,mock-reco-v1,20260902,1,1,train,2,dat2,product-104,cat-pets,shop-08,Thu Jun 04 2026 20:36:00 GMT+0700 (Indochina Time),1,synthetic-preference-rule,0.2,1,5,1,1,1,0.0833,1,461,1,9.2725,0,0.6575,0.44,1,100,1
dat2-pair-0604,mock-reco-v1,20260902,1,1,train,3,dat2,product-091,cat-books,shop-02,Fri Jun 05 2026 23:35:00 GMT+0700 (Indochina Time),0,synthetic-preference-rule,0.2,0.1,2,0,0,0,1,0,488,1,8.383,1,0.9671,0.4686,1,100,1
dat2-pair-0605,mock-reco-v1,20260902,1,1,train,4,dat2,product-041,cat-fashion-women,shop-12,Sat Jun 06 2026 14:30:00 GMT+0700 (Indochina Time),1,synthetic-preference-rule,1,0.1,5,1,0,0,1,0,409,1,9.2813,1,0.7342,0.8571,1,100,1
dat2-pair-0606,mock-reco-v1,20260902,1,1,heldout,0,dat2,product-119,cat-grocery,shop-12,Sun Jun 07 2026 17:29:00 GMT+0700 (Indochina Time),0,synthetic-preference-rule,0.2,0.1,1,0,0,1,0.75,0,425,0.345,8.2,0,0.6137,0.5257,1,100,1
dat2-pair-0607,mock-reco-v1,20260902,1,1,train,1,dat2,product-067,cat-beauty,shop-12,Mon Jun 08 2026 08:32:00 GMT+0700 (Indochina Time),1,synthetic-preference-rule,1,0.1,5,1,0,1,1,0,421,1,7.9707,1,0.9205,0.9143,1,100,1
dat2-pair-0608,mock-reco-v1,20260902,1,1,train,2,dat2,product-028,cat-home,shop-06,Tue Jun 09 2026 11:31:00 GMT+0700 (Indochina Time),0,synthetic-preference-rule,0.2,0.1,1,1,0,0,0.9444,0,378,0.482,8.843,0,0.9068,0.5829,1,100,1
dat2-pair-0609,mock-reco-v1,20260902,1,1,train,3,dat2,product-086,cat-mother-baby,shop-01,Thu Jun 11 2026 02:26:00 GMT+0700 (Indochina Time),1,synthetic-preference-rule,1,0.1,6,1,0,1,1,0,378,1,9.3637,1,0.8959,0.9714,0,100,1
dat2-pair-0610,mock-reco-v1,20260902,1,1,train,4,dat2,product-098,cat-books,shop-02,Fri Jun 12 2026 05:25:00 GMT+0700 (Indochina Time),0,synthetic-preference-rule,0.2,0.1,2,0,0,0,0.1944,1,377,1,9.3514,0,0.9863,0.44,1,100,1
dat2-pair-0611,mock-reco-v1,20260902,1,1,heldout,0,dat2,product-014,cat-computers,shop-07,Sat Jun 13 2026 00:03:00 GMT+0700 (Indochina Time),1,synthetic-preference-rule,0.2,1,5,1,1,0,1,0,415,0.441,8.2488,0,0.6685,0.4686,1,100,1
dat2-pair-0612,mock-reco-v1,20260902,1,1,train,1,dat2,product-004,cat-electronics,shop-04,Sat Jun 13 2026 21:04:00 GMT+0700 (Indochina Time),0,synthetic-preference-rule,0.2,0.1,2,0,0,0,1,0,434,0.254,9.0065,0,0.5233,0.4971,1,100,1
dat2-pair-0613,mock-reco-v1,20260902,1,1,train,2,dat2,product-050,cat-fashion-women,shop-10,Mon Jun 15 2026 06:01:00 GMT+0700 (Indochina Time),1,synthetic-preference-rule,1,0.1,4,1,0,0,1,0,490,1,9.3415,0,0.7534,0.8857,1,100,1
dat2-pair-0614,mock-reco-v1,20260902,1,1,train,3,dat2,product-034,cat-kitchen,shop-12,Tue Jun 16 2026 03:02:00 GMT+0700 (Indochina Time),0,synthetic-preference-rule,0.2,0.1,2,0,0,0,1,0,429,1,8.9527,1,0.9918,0.5543,1,100,1
dat2-pair-0615,mock-reco-v1,20260902,1,1,train,4,dat2,product-076,cat-sports,shop-10,Tue Jun 16 2026 12:07:00 GMT+0700 (Indochina Time),1,synthetic-preference-rule,1,0.1,5,1,0,1,0.5278,0,479,0.277,9.2916,1,0.526,0.9429,1,100,1
dat2-pair-0616,mock-reco-v1,20260902,1,1,heldout,0,dat2,product-105,cat-pets,shop-01,Wed Jun 17 2026 09:08:00 GMT+0700 (Indochina Time),0,synthetic-preference-rule,0.2,0.1,1,0,0,1,1,0,446,0.172,9.1074,0,0.6603,0.6114,1,100,1
dat2-pair-0617,mock-reco-v1,20260902,1,1,train,1,dat2,product-101,cat-pets,shop-05,Thu Jun 18 2026 18:05:00 GMT+0700 (Indochina Time),1,synthetic-preference-rule,0.2,1,5,0,1,1,1,0,424,1,8.1599,1,0.6493,0.44,1,100,1
dat2-pair-0618,mock-reco-v1,20260902,1,1,train,2,dat2,product-011,cat-computers,shop-03,Fri Jun 19 2026 15:06:00 GMT+0700 (Indochina Time),0,synthetic-preference-rule,0.2,0.1,1,1,0,0,1,0,378,0.384,7.698,1,0.6603,0.4686,1,100,1
dat2-pair-0619,mock-reco-v1,20260902,1,1,train,3,dat2,product-040,cat-kitchen,shop-07,Sat Jun 20 2026 23:55:00 GMT+0700 (Indochina Time),1,synthetic-preference-rule,0.2,1,5,1,1,1,1,0,421,0.765,9.3859,0,0.9753,0.4971,1,100,1
dat2-pair-0620,mock-reco-v1,20260902,1,1,train,4,dat2,product-051,cat-fashion-men,shop-03,Sun Jun 21 2026 20:56:00 GMT+0700 (Indochina Time),0,synthetic-preference-rule,0.2,0.1,2,0,0,0,0.1111,1,452,1,8.8582,1,0.8137,0.5257,1,100,1
dat2-pair-0621,mock-reco-v1,20260902,1,1,heldout,0,dat2,product-066,cat-beauty,shop-07,Mon Jun 22 2026 09:12:00 GMT+0700 (Indochina Time),1,synthetic-preference-rule,1,1,6,1,1,0,1,0,384,1,7.1515,1,0.9123,0.9143,1,100,1
dat2-pair-0622,mock-reco-v1,20260902,1,1,train,1,dat2,product-109,cat-pets,shop-10,Tue Jun 23 2026 12:11:00 GMT+0700 (Indochina Time),0,synthetic-preference-rule,0.2,0.1,2,0,0,0,1,0,380,0.4,8.4007,0,0.6274,0.5829,1,100,1
dat2-pair-0623,mock-reco-v1,20260902,1,1,train,2,dat2,product-085,cat-mother-baby,shop-08,Wed Jun 24 2026 15:10:00 GMT+0700 (Indochina Time),1,synthetic-preference-rule,1,1,5,1,1,1,0.8611,0,467,0.741,9.2142,0,0.8986,0.9714,1,100,1
dat2-pair-0624,mock-reco-v1,20260902,1,1,train,3,dat2,product-018,cat-computers,shop-03,Thu Jun 25 2026 18:09:00 GMT+0700 (Indochina Time),0,synthetic-preference-rule,0.2,0.1,2,0,0,0,1,0,393,1,9.1428,0,0.6795,0.44,0,100,1
dat2-pair-0625,mock-reco-v1,20260902,1,1,train,4,dat2,product-012,cat-computers,shop-08,Fri Jun 26 2026 21:16:00 GMT+0700 (Indochina Time),1,synthetic-preference-rule,0.2,1,5,1,1,0,0.3611,1,467,1,6.3716,1,0.663,0.4686,1,100,1
dat2-pair-0626,mock-reco-v1,20260902,1,1,heldout,0,dat2,product-056,cat-fashion-men,shop-04,Sun Jun 28 2026 00:15:00 GMT+0700 (Indochina Time),0,synthetic-preference-rule,0.2,0.1,1,1,0,0,1,0,437,1,9.3834,1,0.8055,0.4971,1,100,1
dat2-pair-0627,mock-reco-v1,20260902,1,1,train,1,dat2,product-049,cat-fashion-women,shop-05,Mon Jun 29 2026 03:14:00 GMT+0700 (Indochina Time),1,synthetic-preference-rule,1,1,5,1,1,0,1,0,453,0.477,9.1884,0,0.7562,0.8857,1,100,1
dat2-pair-0628,mock-reco-v1,20260902,1,1,train,2,dat2,product-114,cat-grocery,shop-11,Tue Jun 30 2026 06:13:00 GMT+0700 (Indochina Time),0,synthetic-preference-rule,0.2,0.1,1,1,0,0,1,0,470,1,8.9288,0,0.6274,0.5543,1,100,1
dat2-pair-0629,mock-reco-v1,20260902,1,1,train,3,dat2,product-075,cat-sports,shop-05,Tue Jun 30 2026 09:20:00 GMT+0700 (Indochina Time),1,synthetic-preference-rule,1,1,4,1,1,0,1,0,390,1,6.1442,0,0.5233,0.9429,1,100,1
dat2-pair-0630,mock-reco-v1,20260902,1,1,train,4,dat2,product-023,cat-home,shop-04,Wed Jul 01 2026 12:19:00 GMT+0700 (Indochina Time),0,synthetic-preference-rule,0.2,0.1,2,0,0,0,1,0,445,1,9.3744,1,0.8986,0.6114,1,100,1
dat2-pair-0631,mock-reco-v1,20260902,1,1,heldout,0,dat2,product-099,cat-books,shop-07,Fri Jul 03 2026 04:33:00 GMT+0700 (Indochina Time),1,synthetic-preference-rule,0.2,1,5,1,1,1,0.5556,0,406,0.16,8.58,0,0.989,0.44,1,100,1
dat2-pair-0632,mock-reco-v1,20260902,1,1,train,1,dat2,product-093,cat-books,shop-12,Sat Jul 04 2026 01:34:00 GMT+0700 (Indochina Time),0,synthetic-preference-rule,0.2,0.1,2,0,0,0,1,0,436,0.046,8.9372,0,0.9726,0.4686,1,100,1
dat2-pair-0633,mock-reco-v1,20260902,1,1,train,2,dat2,product-038,cat-kitchen,shop-09,Sat Jul 04 2026 22:35:00 GMT+0700 (Indochina Time),1,synthetic-preference-rule,0.2,1,5,0,1,1,1,0,451,0.651,7.1333,0,0.9808,0.4971,1,100,1
dat2-pair-0634,mock-reco-v1,20260902,1,1,train,3,dat2,product-001,cat-electronics,shop-01,Sun Jul 05 2026 19:36:00 GMT+0700 (Indochina Time),0,synthetic-preference-rule,0.2,0.1,2,0,0,1,1,0,449,1,9.1876,1,0.5205,0.5257,0,100,1
dat2-pair-0635,mock-reco-v1,20260902,1,1,train,4,dat2,product-065,cat-beauty,shop-02,Mon Jul 06 2026 16:37:00 GMT+0700 (Indochina Time),1,synthetic-preference-rule,1,0.1,5,1,0,1,1,0,473,0.419,9.3637,0,0.9151,0.9143,1,100,1
dat2-pair-0636,mock-reco-v1,20260902,1,1,heldout,0,dat2,product-029,cat-home,shop-11,Tue Jul 07 2026 13:38:00 GMT+0700 (Indochina Time),0,synthetic-preference-rule,0.2,0.1,1,1,0,0,1,0,415,1,9.1587,0,0.9151,0.5829,1,100,1
dat2-pair-0637,mock-reco-v1,20260902,1,1,train,1,dat2,product-084,cat-mother-baby,shop-02,Wed Jul 08 2026 10:39:00 GMT+0700 (Indochina Time),1,synthetic-preference-rule,1,0.1,6,1,0,0,1,0,408,1,7.5725,0,0.8795,0.9714,1,100,1
dat2-pair-0638,mock-reco-v1,20260902,1,1,train,2,dat2,product-100,cat-books,shop-12,Thu Jul 09 2026 07:40:00 GMT+0700 (Indochina Time),0,synthetic-preference-rule,0.2,0.1,1,1,0,0,1,0,495,1,8.2174,1,0.9918,0.44,1,100,1
dat2-pair-0639,mock-reco-v1,20260902,1,1,train,3,dat2,product-009,cat-electronics,shop-05,Sat Jul 11 2026 04:41:00 GMT+0700 (Indochina Time),1,synthetic-preference-rule,0.2,1,5,1,1,1,1,0,405,1,9.0851,0,0.9918,0.4686,1,100,1
dat2-pair-0640,mock-reco-v1,20260902,1,1,train,4,dat2,product-006,cat-electronics,shop-02,Sun Jul 12 2026 01:42:00 GMT+0700 (Indochina Time),0,synthetic-preference-rule,0.2,0.1,2,0,0,0,1,0,382,0.14,8.5007,1,0.5288,0.4971,1,100,1
dat2-pair-0641,mock-reco-v1,20260902,1,1,heldout,0,dat2,product-048,cat-fashion-women,shop-11,Sun Jul 12 2026 14:14:00 GMT+0700 (Indochina Time),1,synthetic-preference-rule,1,0.1,5,1,0,0,1,0,476,1,7.8785,0,0.7151,0.8857,1,100,1
dat2-pair-0642,mock-reco-v1,20260902,1,1,train,1,dat2,product-036,cat-kitchen,shop-10,Mon Jul 13 2026 17:13:00 GMT+0700 (Indochina Time),0,synthetic-preference-rule,0.2,0.1,2,0,0,0,1,0,399,1,8.4098,1,0.9863,0.5543,1,100,1
dat2-pair-0643,mock-reco-v1,20260902,1,1,train,2,dat2,product-074,cat-sports,shop-12,Tue Jul 14 2026 08:16:00 GMT+0700 (Indochina Time),1,synthetic-preference-rule,1,0.1,5,1,0,0,1,0,427,1,7.0326,0,0.5096,0.9429,1,100,1
dat2-pair-0644,mock-reco-v1,20260902,1,1,train,3,dat2,product-106,cat-pets,shop-06,Wed Jul 15 2026 11:15:00 GMT+0700 (Indochina Time),0,synthetic-preference-rule,0.2,0.1,2,0,0,1,1,0,409,1,8.9096,1,0.663,0.6114,1,100,1
dat2-pair-0645,mock-reco-v1,20260902,1,1,train,4,dat2,product-097,cat-books,shop-09,Fri Jul 17 2026 02:18:00 GMT+0700 (Indochina Time),1,synthetic-preference-rule,0.2,1,4,1,1,1,1,0,414,0.77,7.0335,0,0.9836,0.44,1,100,1
dat2-pair-0646,mock-reco-v1,20260902,1,1,heldout,0,dat2,product-013,cat-computers,shop-02,Sat Jul 18 2026 05:17:00 GMT+0700 (Indochina Time),0,synthetic-preference-rule,0.2,0.1,1,1,0,0,1,0,452,1,8.6019,0,0.6658,0.4686,1,100,1
dat2-pair-0647,mock-reco-v1,20260902,1,1,train,1,dat2,product-035,cat-kitchen,shop-05,Sat Jul 18 2026 20:20:00 GMT+0700 (Indochina Time),1,synthetic-preference-rule,0.2,1,5,1,1,1,1,0,436,1,8.7177,0,0.9836,0.4971,0,100,1
dat2-pair-0648,mock-reco-v1,20260902,1,1,train,2,dat2,product-053,cat-fashion-men,shop-01,Sun Jul 19 2026 23:19:00 GMT+0700 (Indochina Time),0,synthetic-preference-rule,0.2,0.1,1,1,0,0,1,0,400,1,9.237,0,0.8192,0.5257,1,100,1
dat2-pair-0649,mock-reco-v1,20260902,1,1,train,3,dat2,product-064,cat-beauty,shop-09,Mon Jul 20 2026 14:06:00 GMT+0700 (Indochina Time),1,synthetic-preference-rule,1,1,5,0,1,1,1,0,480,0.362,9.2141,0,0.9288,0.9143,1,100,1
dat2-pair-0650,mock-reco-v1,20260902,1,1,train,4,dat2,product-110,cat-pets,shop-03,Tue Jul 21 2026 17:05:00 GMT+0700 (Indochina Time),0,synthetic-preference-rule,0.2,0.1,2,0,0,0,1,0,469,1,7.9484,0,0.6301,0.5829,1,100,1
dat2-pair-0651,mock-reco-v1,20260902,1,1,heldout,0,dat2,product-083,cat-mother-baby,shop-09,Wed Jul 22 2026 11:43:00 GMT+0700 (Indochina Time),1,synthetic-preference-rule,1,1,5,1,1,1,1,0,371,1,5.7838,0,0.8822,0.9714,1,100,1
dat2-pair-0652,mock-reco-v1,20260902,1,1,train,1,dat2,product-020,cat-computers,shop-01,Thu Jul 23 2026 08:44:00 GMT+0700 (Indochina Time),0,synthetic-preference-rule,0.2,0.1,2,0,0,0,1,0,423,1,9.3616,0,0.6411,0.44,1,100,1
dat2-pair-0653,mock-reco-v1,20260902,1,1,train,2,dat2,product-007,cat-electronics,shop-07,Fri Jul 24 2026 17:41:00 GMT+0700 (Indochina Time),1,synthetic-preference-rule,0.2,1,6,1,1,0,1,0,419,0.197,4.1109,0,0.537,0.4686,1,100,1
dat2-pair-0654,mock-reco-v1,20260902,1,1,train,3,dat2,product-058,cat-fashion-men,shop-02,Sat Jul 25 2026 14:42:00 GMT+0700 (Indochina Time),0,synthetic-preference-rule,0.2,0.1,2,0,0,1,1,0,385,0.449,8.2509,0,0.811,0.4971,1,100,1
dat2-pair-0655,mock-reco-v1,20260902,1,1,train,4,dat2,product-047,cat-fashion-women,shop-06,Sun Jul 26 2026 23:39:00 GMT+0700 (Indochina Time),1,synthetic-preference-rule,1,0.1,5,1,0,0,1,0,439,0.363,6.9285,0,0.7178,0.8857,1,100,1
dat2-pair-0656,mock-reco-v1,20260902,1,1,heldout,0,dat2,product-115,cat-grocery,shop-04,Mon Jul 27 2026 20:40:00 GMT+0700 (Indochina Time),0,synthetic-preference-rule,0.2,0.1,1,1,0,0,1,0,485,0.117,9.0135,0,0.6466,0.5543,1,100,1
dat2-pair-0657,mock-reco-v1,20260902,1,1,train,1,dat2,product-073,cat-sports,shop-07,Wed Jul 29 2026 05:37:00 GMT+0700 (Indochina Time),1,synthetic-preference-rule,1,1,5,1,1,0,1,0,464,1,7.9201,0,1,0.9429,1,100,1
dat2-pair-0658,mock-reco-v1,20260902,1,1,train,2,dat2,product-025,cat-home,shop-03,Thu Jul 30 2026 02:38:00 GMT+0700 (Indochina Time),0,synthetic-preference-rule,0.2,0.1,1,1,0,0,1,0,393,1,7.2189,0,0.9041,0.6114,1,100,1
dat2-pair-0659,mock-reco-v1,20260902,1,1,train,3,dat2,product-094,cat-books,shop-05,Thu Jul 30 2026 11:51:00 GMT+0700 (Indochina Time),1,synthetic-preference-rule,0.2,1,5,1,1,0,0.4722,1,399,1,8.698,0,0.9753,0.44,1,100,1
dat2-pair-0660,mock-reco-v1,20260902,1,1,train,4,dat2,product-095,cat-books,shop-10,Fri Jul 31 2026 08:52:00 GMT+0700 (Indochina Time),0,synthetic-preference-rule,0.2,0.1,2,0,0,0,1,0,466,1,9.1999,0,0.9781,0.4686,1,100,1
dat2-pair-0661,mock-reco-v1,20260902,1,1,heldout,0,dat2,product-033,cat-kitchen,shop-07,Sun Aug 02 2026 01:40:00 GMT+0700 (Indochina Time),1,synthetic-preference-rule,0.2,1,4,1,1,1,1,0,466,1,9.1429,0,0.989,0.4971,1,100,1
dat2-pair-0662,mock-reco-v1,20260902,1,1,train,1,dat2,product-002,cat-electronics,shop-06,Mon Aug 03 2026 04:39:00 GMT+0700 (Indochina Time),0,synthetic-preference-rule,0.2,0.1,2,0,0,0,1,0,486,1,9.3408,0,0.5178,0.5257,1,100,1
dat2-pair-0663,mock-reco-v1,20260902,1,1,train,2,dat2,product-063,cat-beauty,shop-04,Mon Aug 03 2026 07:38:00 GMT+0700 (Indochina Time),1,synthetic-preference-rule,1,0.1,5,1,0,1,1,0,443,1,9.0382,0,0.9315,0.9143,1,100,1
dat2-pair-0664,mock-reco-v1,20260902,1,1,train,3,dat2,product-030,cat-home,shop-04,Tue Aug 04 2026 10:37:00 GMT+0700 (Indochina Time),0,synthetic-preference-rule,0.2,0.1,1,0,0,1,1,0,452,1,9.3161,0,0.9123,0.5829,1,100,1
dat2-pair-0665,mock-reco-v1,20260902,1,1,train,4,dat2,product-082,cat-mother-baby,shop-04,Wed Aug 05 2026 13:36:00 GMT+0700 (Indochina Time),1,synthetic-preference-rule,1,0.1,6,0,0,1,1,0,482,0.798,8.5529,0,0.8849,0.9714,1,100,1
dat2-pair-0666,mock-reco-v1,20260902,1,1,heldout,0,dat2,product-102,cat-pets,shop-10,Thu Aug 06 2026 16:35:00 GMT+0700 (Indochina Time),0,synthetic-preference-rule,0.2,0.1,1,1,0,0,1,0,387,1,7.5385,0,0.6521,0.44,1,100,1
dat2-pair-0667,mock-reco-v1,20260902,1,1,train,1,dat2,product-005,cat-electronics,shop-09,Fri Aug 07 2026 19:34:00 GMT+0700 (Indochina Time),1,synthetic-preference-rule,0.2,1,5,1,1,1,1,0,471,1,8.1014,0,0.5315,0.4686,1,100,1
dat2-pair-0668,mock-reco-v1,20260902,1,1,train,2,dat2,product-008,cat-electronics,shop-12,Sat Aug 08 2026 22:33:00 GMT+0700 (Indochina Time),0,synthetic-preference-rule,0.2,0.1,2,0,0,0,0.7222,0,456,0.978,7.4265,0,0.5342,0.4971,1,100,1
dat2-pair-0669,mock-reco-v1,20260902,1,1,train,3,dat2,product-046,cat-fashion-women,shop-01,Mon Aug 10 2026 01:32:00 GMT+0700 (Indochina Time),1,synthetic-preference-rule,1,0.1,5,1,0,0,1,0,424,1,8.679,1,0.7205,0.8857,1,100,1
dat2-pair-0670,mock-reco-v1,20260902,1,1,train,4,dat2,product-037,cat-kitchen,shop-04,Tue Aug 11 2026 04:31:00 GMT+0700 (Indochina Time),0,synthetic-preference-rule,0.2,0.1,2,0,0,0,1,0,488,1,7.9628,0,0.9781,0.5543,1,100,1
dat2-pair-0671,mock-reco-v1,20260902,1,1,heldout,0,dat2,product-072,cat-sports,shop-01,Tue Aug 11 2026 16:45:00 GMT+0700 (Indochina Time),1,synthetic-preference-rule,1,0.1,5,1,0,0,0.1389,1,375,1,8.3827,0,0.5151,0.9429,1,100,1
dat2-pair-0672,mock-reco-v1,20260902,1,1,train,1,dat2,product-107,cat-pets,shop-11,Wed Aug 12 2026 13:46:00 GMT+0700 (Indochina Time),0,synthetic-preference-rule,0.2,0.1,2,0,0,0,1,0,394,1,8.6629,0,0.6658,0.6114,1,100,1
dat2-pair-0673,mock-reco-v1,20260902,1,1,train,2,dat2,product-092,cat-books,shop-07,Thu Aug 13 2026 10:47:00 GMT+0700 (Indochina Time),1,synthetic-preference-rule,0.2,1,5,1,1,0,1,0,451,0.827,7.9204,0,0.9699,0.44,1,100,1
dat2-pair-0674,mock-reco-v1,20260902,1,1,train,3,dat2,product-015,cat-computers,shop-12,Fri Aug 14 2026 07:48:00 GMT+0700 (Indochina Time),0,synthetic-preference-rule,0.2,0.1,1,0,0,1,1,0,482,1,8.9526,0,0.6712,0.4686,1,100,1
dat2-pair-0675,mock-reco-v1,20260902,1,1,train,4,dat2,product-031,cat-kitchen,shop-09,Sun Aug 16 2026 04:41:00 GMT+0700 (Indochina Time),1,synthetic-preference-rule,0.2,1,5,1,1,0,1,0,414,0.594,6.3733,1,0.9945,0.4971,1,100,1
dat2-pair-0676,mock-reco-v1,20260902,1,1,heldout,0,dat2,product-054,cat-fashion-men,shop-06,Mon Aug 17 2026 01:42:00 GMT+0700 (Indochina Time),0,synthetic-preference-rule,0.2,0.1,1,1,0,0,1,0,489,1,9.0654,0,0.8219,0.5257,1,100,1
dat2-pair-0677,mock-reco-v1,20260902,1,1,train,1,dat2,product-062,cat-beauty,shop-11,Mon Aug 17 2026 22:43:00 GMT+0700 (Indochina Time),1,synthetic-preference-rule,1,0.1,4,1,0,1,1,0,406,1,8.8247,0,0.9233,0.9143,1,100,1
dat2-pair-0678,mock-reco-v1,20260902,1,1,train,2,dat2,product-112,cat-grocery,shop-01,Tue Aug 18 2026 19:44:00 GMT+0700 (Indochina Time),0,synthetic-preference-rule,0.2,0.1,2,0,0,0,1,0,418,0.174,8.3682,0,0.6329,0.5829,1,100,1
dat2-pair-0679,mock-reco-v1,20260902,1,1,train,3,dat2,product-081,cat-mother-baby,shop-11,Wed Aug 19 2026 16:37:00 GMT+0700 (Indochina Time),1,synthetic-preference-rule,1,0.1,5,1,0,1,1,0,445,0.017,8.1784,1,0.8877,0.9714,1,100,1
dat2-pair-0680,mock-reco-v1,20260902,1,1,train,4,dat2,product-021,cat-home,shop-06,Thu Aug 20 2026 13:38:00 GMT+0700 (Indochina Time),0,synthetic-preference-rule,0.2,0.1,2,0,0,0,1,0,371,0.539,9.0531,1,0.8932,0.44,1,100,1
dat2-pair-0681,mock-reco-v1,20260902,1,1,heldout,0,dat2,product-120,cat-grocery,shop-05,Fri Aug 21 2026 22:26:00 GMT+0700 (Indochina Time),1,synthetic-preference-rule,0.2,1,6,0,1,1,1,0,462,1,8.5679,0,0.611,0.4686,0,100,1
dat2-pair-0682,mock-reco-v1,20260902,1,1,train,1,dat2,product-060,cat-fashion-men,shop-12,Sun Aug 23 2026 01:25:00 GMT+0700 (Indochina Time),0,synthetic-preference-rule,0.2,0.1,2,0,0,0,1,0,371,1,8.8635,0,0.8384,0.4971,1,100,1
dat2-pair-0683,mock-reco-v1,20260902,1,1,train,2,dat2,product-045,cat-fashion-women,shop-08,Sun Aug 23 2026 16:28:00 GMT+0700 (Indochina Time),1,synthetic-preference-rule,1,1,5,1,1,1,0.1944,1,387,1,8.3568,1,0.7233,0.8857,1,100,1
dat2-pair-0684,mock-reco-v1,20260902,1,1,train,3,dat2,product-117,cat-grocery,shop-02,Mon Aug 24 2026 19:27:00 GMT+0700 (Indochina Time),0,synthetic-preference-rule,0.2,0.1,1,1,0,0,1,0,411,1,9.3458,0,0.6411,0.5543,1,100,1
dat2-pair-0685,mock-reco-v1,20260902,1,1,train,4,dat2,product-071,cat-sports,shop-08,Tue Aug 25 2026 10:22:00 GMT+0700 (Indochina Time),1,synthetic-preference-rule,1,1,5,1,1,0,1,0,412,0.334,8.6978,1,0.5123,0.9429,1,100,1
dat2-pair-0686,mock-reco-v1,20260902,1,1,heldout,0,dat2,product-027,cat-home,shop-01,Wed Aug 26 2026 13:21:00 GMT+0700 (Indochina Time),0,synthetic-preference-rule,0.2,0.1,1,1,0,0,1,0,467,1,8.5768,0,0.9096,0.6114,1,100,1
dat2-pair-0687,mock-reco-v1,20260902,1,1,train,1,dat2,product-090,cat-mother-baby,shop-09,Fri Aug 28 2026 04:24:00 GMT+0700 (Indochina Time),1,synthetic-preference-rule,1,1,5,1,1,0,1,0,400,1,8.7216,0,0.9068,0.8,1,100,1
dat2-pair-0688,mock-reco-v1,20260902,1,1,train,2,dat2,product-096,cat-books,shop-03,Fri Aug 28 2026 07:23:00 GMT+0700 (Indochina Time),0,synthetic-preference-rule,0.2,0.1,2,0,0,0,1,0,429,1,9.0212,1,0.9808,0.4686,1,100,1
dat2-pair-0689,mock-reco-v1,20260902,1,1,train,3,dat2,product-026,cat-home,shop-08,Sat Aug 29 2026 22:34:00 GMT+0700 (Indochina Time),1,synthetic-preference-rule,0.2,1,5,1,1,1,1,0,430,1,8.001,1,0.9014,0.4971,1,100,1
dat2-pair-0690,mock-reco-v1,20260902,1,1,train,4,dat2,product-003,cat-electronics,shop-11,Tue Jun 02 2026 01:33:00 GMT+0700 (Indochina Time),0,synthetic-preference-rule,0.2,0.1,2,0,0,0,1,0,397,1,8.7852,0,0.526,0.5257,1,100,1
dat2-pair-0691,mock-reco-v1,20260902,1,1,heldout,0,dat2,product-061,cat-beauty,shop-06,Tue Jun 02 2026 13:31:00 GMT+0700 (Indochina Time),1,synthetic-preference-rule,1,0.1,5,1,0,0,1,0,495,1,8.5528,1,0.926,0.9143,1,100,1
dat2-pair-0692,mock-reco-v1,20260902,1,1,train,1,dat2,product-032,cat-kitchen,shop-02,Wed Jun 03 2026 10:32:00 GMT+0700 (Indochina Time),0,synthetic-preference-rule,0.2,0.1,2,0,0,1,1,0,377,1,9.3026,0,0.9973,0.5829,1,100,1
dat2-pair-0693,mock-reco-v1,20260902,1,1,train,2,dat2,product-080,cat-sports,shop-06,Thu Jun 04 2026 19:29:00 GMT+0700 (Indochina Time),1,synthetic-preference-rule,1,0.1,4,1,0,1,1,0,457,0.505,8.1371,0,0.9863,0.9714,1,100,1
dat2-pair-0694,mock-reco-v1,20260902,1,1,train,3,dat2,product-103,cat-pets,shop-03,Fri Jun 05 2026 16:30:00 GMT+0700 (Indochina Time),0,synthetic-preference-rule,0.2,0.1,1,1,0,0,1,0,372,0.286,5.5607,0,0.6548,0.44,0,100,1
dat2-pair-0695,mock-reco-v1,20260902,1,1,train,4,dat2,product-118,cat-grocery,shop-07,Sun Jun 07 2026 01:35:00 GMT+0700 (Indochina Time),1,synthetic-preference-rule,0.2,1,6,1,1,1,0.5556,0,448,0.06,6.9754,0,0.6384,0.4686,1,100,1
dat2-pair-0696,mock-reco-v1,20260902,1,1,heldout,0,dat2,product-010,cat-electronics,shop-10,Sun Jun 07 2026 22:36:00 GMT+0700 (Indochina Time),0,synthetic-preference-rule,0.2,0.1,1,1,0,0,1,0,442,0.368,9.2536,0,0.989,0.4971,1,100,1
dat2-pair-0697,mock-reco-v1,20260902,1,1,train,1,dat2,product-044,cat-fashion-women,shop-03,Mon Jun 08 2026 07:33:00 GMT+0700 (Indochina Time),1,synthetic-preference-rule,1,0.1,6,0,0,1,1,0,372,1,9.1178,0,0.726,0.8857,1,100,1
dat2-pair-0698,mock-reco-v1,20260902,1,1,train,2,dat2,product-039,cat-kitchen,shop-02,Wed Jun 10 2026 04:34:00 GMT+0700 (Indochina Time),0,synthetic-preference-rule,0.2,0.1,2,0,0,0,1,0,458,1,7.3382,0,0.9726,0.5543,1,100,1
dat2-pair-0699,mock-reco-v1,20260902,1,1,train,3,dat2,product-070,cat-beauty,shop-03,Wed Jun 10 2026 13:39:00 GMT+0700 (Indochina Time),1,synthetic-preference-rule,1,0.1,4,1,0,0,0.7778,0,488,0.972,8.6739,0,0.9014,0.9429,1,100,1
dat2-pair-0700,mock-reco-v1,20260902,1,1,train,4,dat2,product-108,cat-pets,shop-04,Thu Jun 11 2026 10:40:00 GMT+0700 (Indochina Time),0,synthetic-preference-rule,0.2,0.1,2,0,0,0,0.5833,0,483,0.229,8.3345,0,0.6685,0.6114,1,100,1
dat2-pair-0701,mock-reco-v1,20260902,1,1,heldout,0,dat2,product-089,cat-mother-baby,shop-04,Fri Jun 12 2026 16:05:00 GMT+0700 (Indochina Time),1,synthetic-preference-rule,1,0.1,5,1,0,0,1,0,489,0.969,8.4152,1,0.9096,0.8,1,100,1
dat2-pair-0702,mock-reco-v1,20260902,1,1,train,1,dat2,product-017,cat-computers,shop-10,Sat Jun 13 2026 13:06:00 GMT+0700 (Indochina Time),0,synthetic-preference-rule,0.2,0.1,2,0,0,1,1,0,430,1,9.3026,0,0.6767,0.4686,1,100,1
dat2-pair-0703,mock-reco-v1,20260902,1,1,train,2,dat2,product-024,cat-home,shop-09,Sun Jun 14 2026 10:07:00 GMT+0700 (Indochina Time),1,synthetic-preference-rule,0.2,1,5,1,1,0,0.2778,1,482,1,7.2457,0,0.8959,0.4971,1,100,1
dat2-pair-0704,mock-reco-v1,20260902,1,1,train,3,dat2,product-055,cat-fashion-men,shop-11,Mon Jun 15 2026 07:08:00 GMT+0700 (Indochina Time),0,synthetic-preference-rule,0.2,0.1,1,1,0,0,0.7778,0,474,0.392,7.7017,0,0.8027,0.5257,1,100,1
dat2-pair-0705,mock-reco-v1,20260902,1,1,train,4,dat2,product-059,cat-fashion-men,shop-07,Wed Jun 17 2026 04:01:00 GMT+0700 (Indochina Time),1,synthetic-preference-rule,0.2,1,5,1,1,1,1,0,408,1,9.0697,0,0.8356,0.5543,1,100,1
dat2-pair-0706,mock-reco-v1,20260902,1,1,heldout,0,dat2,product-113,cat-grocery,shop-06,Thu Jun 18 2026 01:02:00 GMT+0700 (Indochina Time),0,synthetic-preference-rule,0.2,0.1,1,1,0,0,1,0,433,0.955,8.6873,0,0.6301,0.5829,1,100,1
dat2-pair-0707,mock-reco-v1,20260902,1,1,train,1,dat2,product-079,cat-sports,shop-01,Thu Jun 18 2026 22:03:00 GMT+0700 (Indochina Time),1,synthetic-preference-rule,1,0.1,5,1,0,0,1,0,494,1,8.5248,0,0.9836,0.9714,1,100,1
dat2-pair-0708,mock-reco-v1,20260902,1,1,train,2,dat2,product-022,cat-home,shop-11,Fri Jun 19 2026 19:04:00 GMT+0700 (Indochina Time),0,synthetic-preference-rule,0.2,0.1,2,0,0,0,1,0,408,1,9.2266,0,0.8904,0.44,1,100,1
dat2-pair-0709,mock-reco-v1,20260902,1,1,train,3,dat2,product-116,cat-grocery,shop-09,Sat Jun 20 2026 16:13:00 GMT+0700 (Indochina Time),1,synthetic-preference-rule,0.2,1,4,1,1,1,1,0,396,0.898,9.1934,1,0.6438,0.4686,1,100,1
dat2-pair-0710,mock-reco-v1,20260902,1,1,train,4,dat2,product-091,cat-books,shop-02,Sun Jun 21 2026 13:14:00 GMT+0700 (Indochina Time),0,synthetic-preference-rule,0.2,0.1,2,0,0,0,1,0,488,1,8.383,1,0.9671,0.4971,1,100,1
dat2-pair-0711,mock-reco-v1,20260902,1,1,heldout,0,dat2,product-043,cat-fashion-women,shop-10,Mon Jun 22 2026 18:36:00 GMT+0700 (Indochina Time),1,synthetic-preference-rule,1,0.1,6,1,0,1,1,0,461,1,8.9223,0,0.7288,0.8857,1,100,1
dat2-pair-0712,mock-reco-v1,20260902,1,1,train,1,dat2,product-119,cat-grocery,shop-12,Tue Jun 23 2026 21:35:00 GMT+0700 (Indochina Time),0,synthetic-preference-rule,0.2,0.1,1,0,0,1,0.75,0,425,0.345,8.2,0,0.6137,0.5543,1,100,1
dat2-pair-0713,mock-reco-v1,20260902,1,1,train,2,dat2,product-069,cat-beauty,shop-10,Thu Jun 25 2026 00:34:00 GMT+0700 (Indochina Time),1,synthetic-preference-rule,1,0.1,6,0,0,1,1,0,451,0.191,8.3497,0,0.9041,0.9429,0,100,1
dat2-pair-0714,mock-reco-v1,20260902,1,1,train,3,dat2,product-028,cat-home,shop-06,Fri Jun 26 2026 03:33:00 GMT+0700 (Indochina Time),0,synthetic-preference-rule,0.2,0.1,1,1,0,0,0.9444,0,378,0.482,8.843,0,0.9068,0.6114,1,100,1
dat2-pair-0715,mock-reco-v1,20260902,1,1,train,4,dat2,product-088,cat-mother-baby,shop-11,Sat Jun 27 2026 06:32:00 GMT+0700 (Indochina Time),1,synthetic-preference-rule,1,0.1,4,1,0,0,1,0,430,0.684,9.0384,0,0.8904,0.8,1,100,1
dat2-pair-0716,mock-reco-v1,20260902,1,1,heldout,0,dat2,product-098,cat-books,shop-02,Sat Jun 27 2026 09:31:00 GMT+0700 (Indochina Time),0,synthetic-preference-rule,0.2,0.1,2,0,0,0,0.1944,1,377,1,9.3514,0,0.9863,0.4686,1,100,1
dat2-pair-0717,mock-reco-v1,20260902,1,1,train,1,dat2,product-019,cat-computers,shop-08,Sun Jun 28 2026 12:30:00 GMT+0700 (Indochina Time),1,synthetic-preference-rule,0.2,1,5,1,1,0,1,0,460,1,7.1325,0,0.6384,0.4971,1,100,1
dat2-pair-0718,mock-reco-v1,20260902,1,1,train,2,dat2,product-004,cat-electronics,shop-04,Mon Jun 29 2026 15:29:00 GMT+0700 (Indochina Time),0,synthetic-preference-rule,0.2,0.1,2,0,0,0,1,0,434,0.254,9.0065,0,0.5233,0.5257,1,100,1
dat2-pair-0719,mock-reco-v1,20260902,1,1,train,3,dat2,product-057,cat-fashion-men,shop-09,Tue Jun 30 2026 18:44:00 GMT+0700 (Indochina Time),1,synthetic-preference-rule,0.2,1,5,0,1,1,1,0,422,1,8.6034,0,0.8082,0.5543,1,100,1
dat2-pair-0720,mock-reco-v1,20260902,1,1,train,4,dat2,product-034,cat-kitchen,shop-12,Wed Jul 01 2026 21:43:00 GMT+0700 (Indochina Time),0,synthetic-preference-rule,0.2,0.1,2,0,0,0,1,0,429,1,8.9527,1,0.9918,0.5829,1,100,1
dat2-pair-0721,mock-reco-v1,20260902,1,1,heldout,0,dat2,product-078,cat-sports,shop-08,Thu Jul 02 2026 09:27:00 GMT+0700 (Indochina Time),1,synthetic-preference-rule,1,1,5,1,1,1,1,0,405,1,8.9371,1,0.5205,0.9714,1,100,1
dat2-pair-0722,mock-reco-v1,20260902,1,1,train,1,dat2,product-105,cat-pets,shop-01,Sat Jul 04 2026 06:28:00 GMT+0700 (Indochina Time),0,synthetic-preference-rule,0.2,0.1,1,0,0,1,1,0,446,0.172,9.1074,0,0.6603,0.44,1,100,1
dat2-pair-0723,mock-reco-v1,20260902,1,1,train,2,dat2,product-111,cat-grocery,shop-08,Sat Jul 04 2026 15:25:00 GMT+0700 (Indochina Time),1,synthetic-preference-rule,0.2,1,5,1,1,0,1,0,381,1,7.8969,1,0.6356,0.4686,1,100,1
dat2-pair-0724,mock-reco-v1,20260902,1,1,train,3,dat2,product-011,cat-computers,shop-03,Sun Jul 05 2026 12:26:00 GMT+0700 (Indochina Time),0,synthetic-preference-rule,0.2,0.1,1,1,0,0,1,0,378,0.384,7.698,1,0.6603,0.4971,1,100,1
dat2-pair-0725,mock-reco-v1,20260902,1,1,train,4,dat2,product-042,cat-fashion-women,shop-05,Mon Jul 06 2026 21:23:00 GMT+0700 (Indochina Time),1,synthetic-preference-rule,1,1,5,1,1,1,1,0,446,0.306,5.8693,0,0.7315,0.8857,1,100,1
dat2-pair-0726,mock-reco-v1,20260902,1,1,heldout,0,dat2,product-051,cat-fashion-men,shop-03,Tue Jul 07 2026 18:24:00 GMT+0700 (Indochina Time),0,synthetic-preference-rule,0.2,0.1,2,0,0,0,0.1111,1,452,1,8.8582,1,0.8137,0.5543,1,100,1
dat2-pair-0727,mock-reco-v1,20260902,1,1,train,1,dat2,product-068,cat-beauty,shop-05,Thu Jul 09 2026 03:21:00 GMT+0700 (Indochina Time),1,synthetic-preference-rule,1,1,6,1,1,1,1,0,458,1,8.4149,0,0.9178,0.9429,1,100,1
dat2-pair-0728,mock-reco-v1,20260902,1,1,train,2,dat2,product-109,cat-pets,shop-10,Fri Jul 10 2026 00:22:00 GMT+0700 (Indochina Time),0,synthetic-preference-rule,0.2,0.1,2,0,0,0,1,0,380,0.4,8.4007,0,0.6274,0.6114,1,100,1
dat2-pair-0729,mock-reco-v1,20260902,1,1,train,3,dat2,product-087,cat-mother-baby,shop-06,Fri Jul 10 2026 09:19:00 GMT+0700 (Indochina Time),1,synthetic-preference-rule,1,0.1,5,1,0,0,1,0,393,1,8.8248,0,0.8932,0.8,1,100,1
dat2-pair-0730,mock-reco-v1,20260902,1,1,train,4,dat2,product-018,cat-computers,shop-03,Sun Jul 12 2026 06:20:00 GMT+0700 (Indochina Time),0,synthetic-preference-rule,0.2,0.1,2,0,0,0,1,0,393,1,9.1428,0,0.6795,0.4686,0,100,1
dat2-pair-0731,mock-reco-v1,20260902,1,1,heldout,0,dat2,product-016,cat-computers,shop-05,Sun Jul 12 2026 13:34:00 GMT+0700 (Indochina Time),1,synthetic-preference-rule,0.2,1,4,1,1,0,1,0,445,0.327,8.7175,1,0.674,0.4971,1,100,1
dat2-pair-0732,mock-reco-v1,20260902,1,1,train,1,dat2,product-056,cat-fashion-men,shop-04,Mon Jul 13 2026 16:33:00 GMT+0700 (Indochina Time),0,synthetic-preference-rule,0.2,0.1,1,1,0,0,1,0,437,1,9.3834,1,0.8055,0.5257,1,100,1
dat2-pair-0733,mock-reco-v1,20260902,1,1,train,2,dat2,product-052,cat-fashion-men,shop-08,Tue Jul 14 2026 07:36:00 GMT+0700 (Indochina Time),1,synthetic-preference-rule,0.2,1,5,1,1,0,1,0,415,0.335,8.5966,0,0.8164,0.5543,0,100,1
dat2-pair-0734,mock-reco-v1,20260902,1,1,train,3,dat2,product-114,cat-grocery,shop-11,Wed Jul 15 2026 10:35:00 GMT+0700 (Indochina Time),0,synthetic-preference-rule,0.2,0.1,1,1,0,0,1,0,470,1,8.9288,0,0.6274,0.5829,1,100,1
dat2-pair-0735,mock-reco-v1,20260902,1,1,train,4,dat2,product-077,cat-sports,shop-03,Fri Jul 17 2026 01:38:00 GMT+0700 (Indochina Time),1,synthetic-preference-rule,1,0.1,5,0,0,1,1,0,442,0.22,9.13,0,0.5178,0.9714,1,100,1
dat2-pair-0736,mock-reco-v1,20260902,1,1,heldout,0,dat2,product-023,cat-home,shop-04,Sat Jul 18 2026 04:37:00 GMT+0700 (Indochina Time),0,synthetic-preference-rule,0.2,0.1,2,0,0,0,1,0,445,1,9.3744,1,0.8986,0.44,1,100,1
dat2-pair-0737,mock-reco-v1,20260902,1,1,train,1,dat2,product-104,cat-pets,shop-08,Sat Jul 18 2026 19:40:00 GMT+0700 (Indochina Time),1,synthetic-preference-rule,0.2,1,5,1,1,1,0.0833,1,461,1,9.2725,0,0.6575,0.4686,1,100,1
dat2-pair-0738,mock-reco-v1,20260902,1,1,train,2,dat2,product-093,cat-books,shop-12,Sun Jul 19 2026 22:39:00 GMT+0700 (Indochina Time),0,synthetic-preference-rule,0.2,0.1,2,0,0,0,1,0,436,0.046,8.9372,0,0.9726,0.4971,1,100,1
dat2-pair-0739,mock-reco-v1,20260902,1,1,train,3,dat2,product-041,cat-fashion-women,shop-12,Mon Jul 20 2026 13:42:00 GMT+0700 (Indochina Time),1,synthetic-preference-rule,1,0.1,5,1,0,0,1,0,409,1,9.2813,1,0.7342,0.8857,1,100,1
dat2-pair-0740,mock-reco-v1,20260902,1,1,train,4,dat2,product-001,cat-electronics,shop-01,Tue Jul 21 2026 16:41:00 GMT+0700 (Indochina Time),0,synthetic-preference-rule,0.2,0.1,2,0,0,1,1,0,449,1,9.1876,1,0.5205,0.5543,0,100,1
dat2-pair-0741,mock-reco-v1,20260902,1,1,heldout,0,dat2,product-067,cat-beauty,shop-12,Thu Jul 23 2026 04:25:00 GMT+0700 (Indochina Time),1,synthetic-preference-rule,1,0.1,5,1,0,1,1,0,421,1,7.9707,1,0.9205,0.9429,1,100,1
dat2-pair-0742,mock-reco-v1,20260902,1,1,train,1,dat2,product-029,cat-home,shop-11,Fri Jul 24 2026 01:26:00 GMT+0700 (Indochina Time),0,synthetic-preference-rule,0.2,0.1,1,1,0,0,1,0,415,1,9.1587,0,0.9151,0.6114,1,100,1
dat2-pair-0743,mock-reco-v1,20260902,1,1,train,2,dat2,product-086,cat-mother-baby,shop-01,Fri Jul 24 2026 22:27:00 GMT+0700 (Indochina Time),1,synthetic-preference-rule,1,0.1,6,1,0,1,1,0,378,1,9.3637,1,0.8959,0.8,0,100,1
dat2-pair-0744,mock-reco-v1,20260902,1,1,train,3,dat2,product-100,cat-books,shop-12,Sat Jul 25 2026 19:28:00 GMT+0700 (Indochina Time),0,synthetic-preference-rule,0.2,0.1,1,1,0,0,1,0,495,1,8.2174,1,0.9918,0.4686,1,100,1
dat2-pair-0745,mock-reco-v1,20260902,1,1,train,4,dat2,product-014,cat-computers,shop-07,Sun Jul 26 2026 16:29:00 GMT+0700 (Indochina Time),1,synthetic-preference-rule,0.2,1,5,1,1,0,1,0,415,0.441,8.2488,0,0.6685,0.4971,1,100,1
dat2-pair-0746,mock-reco-v1,20260902,1,1,heldout,0,dat2,product-006,cat-electronics,shop-02,Mon Jul 27 2026 13:30:00 GMT+0700 (Indochina Time),0,synthetic-preference-rule,0.2,0.1,2,0,0,0,1,0,382,0.14,8.5007,1,0.5288,0.5257,1,100,1
dat2-pair-0747,mock-reco-v1,20260902,1,1,train,1,dat2,product-050,cat-fashion-women,shop-10,Tue Jul 28 2026 10:31:00 GMT+0700 (Indochina Time),1,synthetic-preference-rule,1,0.1,4,1,0,0,1,0,490,1,9.3415,0,0.7534,0.9143,1,100,1
dat2-pair-0748,mock-reco-v1,20260902,1,1,train,2,dat2,product-036,cat-kitchen,shop-10,Wed Jul 29 2026 07:32:00 GMT+0700 (Indochina Time),0,synthetic-preference-rule,0.2,0.1,2,0,0,0,1,0,399,1,8.4098,1,0.9863,0.5829,1,100,1
dat2-pair-0749,mock-reco-v1,20260902,1,1,train,3,dat2,product-076,cat-sports,shop-10,Fri Jul 31 2026 04:17:00 GMT+0700 (Indochina Time),1,synthetic-preference-rule,1,0.1,5,1,0,1,0.5278,0,479,0.277,9.2916,1,0.526,0.9714,1,100,1
dat2-pair-0750,mock-reco-v1,20260902,1,1,train,4,dat2,product-106,cat-pets,shop-06,Sat Aug 01 2026 01:18:00 GMT+0700 (Indochina Time),0,synthetic-preference-rule,0.2,0.1,2,0,0,1,1,0,409,1,8.9096,1,0.663,0.44,1,100,1
dat2-pair-0751,mock-reco-v1,20260902,1,1,heldout,0,dat2,product-101,cat-pets,shop-05,Sun Aug 02 2026 06:56:00 GMT+0700 (Indochina Time),1,synthetic-preference-rule,0.2,1,5,0,1,1,1,0,424,1,8.1599,1,0.6493,0.4686,1,100,1
dat2-pair-0752,mock-reco-v1,20260902,1,1,train,1,dat2,product-013,cat-computers,shop-02,Sun Aug 02 2026 09:55:00 GMT+0700 (Indochina Time),0,synthetic-preference-rule,0.2,0.1,1,1,0,0,1,0,452,1,8.6019,0,0.6658,0.4971,1,100,1
dat2-pair-0753,mock-reco-v1,20260902,1,1,train,2,dat2,product-040,cat-kitchen,shop-07,Mon Aug 03 2026 12:54:00 GMT+0700 (Indochina Time),1,synthetic-preference-rule,0.2,1,5,1,1,1,1,0,421,0.765,9.3859,0,0.9753,0.5257,1,100,1
dat2-pair-0754,mock-reco-v1,20260902,1,1,train,3,dat2,product-053,cat-fashion-men,shop-01,Tue Aug 04 2026 15:53:00 GMT+0700 (Indochina Time),0,synthetic-preference-rule,0.2,0.1,1,1,0,0,1,0,400,1,9.237,0,0.8192,0.5543,1,100,1
dat2-pair-0755,mock-reco-v1,20260902,1,1,train,4,dat2,product-066,cat-beauty,shop-07,Wed Aug 05 2026 19:00:00 GMT+0700 (Indochina Time),1,synthetic-preference-rule,1,1,6,1,1,0,1,0,384,1,7.1515,1,0.9123,0.9429,1,100,1
dat2-pair-0756,mock-reco-v1,20260902,1,1,heldout,0,dat2,product-110,cat-pets,shop-03,Thu Aug 06 2026 21:59:00 GMT+0700 (Indochina Time),0,synthetic-preference-rule,0.2,0.1,2,0,0,0,1,0,469,1,7.9484,0,0.6301,0.6114,1,100,1
dat2-pair-0757,mock-reco-v1,20260902,1,1,train,1,dat2,product-085,cat-mother-baby,shop-08,Sat Aug 08 2026 00:58:00 GMT+0700 (Indochina Time),1,synthetic-preference-rule,1,1,5,1,1,1,0.8611,0,467,0.741,9.2142,0,0.8986,0.8,1,100,1
dat2-pair-0758,mock-reco-v1,20260902,1,1,train,2,dat2,product-020,cat-computers,shop-01,Sun Aug 09 2026 03:57:00 GMT+0700 (Indochina Time),0,synthetic-preference-rule,0.2,0.1,2,0,0,0,1,0,423,1,9.3616,0,0.6411,0.4686,1,100,1
dat2-pair-0759,mock-reco-v1,20260902,1,1,train,3,dat2,product-012,cat-computers,shop-08,Mon Aug 10 2026 06:48:00 GMT+0700 (Indochina Time),1,synthetic-preference-rule,0.2,1,5,1,1,0,0.3611,1,467,1,6.3716,1,0.663,0.4971,1,100,1
dat2-pair-0760,mock-reco-v1,20260902,1,1,train,4,dat2,product-058,cat-fashion-men,shop-02,Mon Aug 10 2026 09:47:00 GMT+0700 (Indochina Time),0,synthetic-preference-rule,0.2,0.1,2,0,0,1,1,0,385,0.449,8.2509,0,0.811,0.5257,1,100,1
dat2-pair-0761,mock-reco-v1,20260902,1,1,heldout,0,dat2,product-049,cat-fashion-women,shop-05,Tue Aug 11 2026 16:59:00 GMT+0700 (Indochina Time),1,synthetic-preference-rule,1,1,5,1,1,0,1,0,453,0.477,9.1884,0,0.7562,0.9143,1,100,1
dat2-pair-0762,mock-reco-v1,20260902,1,1,train,1,dat2,product-115,cat-grocery,shop-04,Wed Aug 12 2026 14:00:00 GMT+0700 (Indochina Time),0,synthetic-preference-rule,0.2,0.1,1,1,0,0,1,0,485,0.117,9.0135,0,0.6466,0.5829,1,100,1
dat2-pair-0763,mock-reco-v1,20260902,1,1,train,2,dat2,product-075,cat-sports,shop-05,Thu Aug 13 2026 22:57:00 GMT+0700 (Indochina Time),1,synthetic-preference-rule,1,1,4,1,1,0,1,0,390,1,6.1442,0,0.5233,0.9714,1,100,1
dat2-pair-0764,mock-reco-v1,20260902,1,1,train,3,dat2,product-025,cat-home,shop-03,Fri Aug 14 2026 19:58:00 GMT+0700 (Indochina Time),0,synthetic-preference-rule,0.2,0.1,1,1,0,0,1,0,393,1,7.2189,0,0.9041,0.44,1,100,1
dat2-pair-0765,mock-reco-v1,20260902,1,1,train,4,dat2,product-099,cat-books,shop-07,Sun Aug 16 2026 05:03:00 GMT+0700 (Indochina Time),1,synthetic-preference-rule,0.2,1,5,1,1,1,0.5556,0,406,0.16,8.58,0,0.989,0.4686,1,100,1
dat2-pair-0766,mock-reco-v1,20260902,1,1,heldout,0,dat2,product-095,cat-books,shop-10,Mon Aug 17 2026 02:04:00 GMT+0700 (Indochina Time),0,synthetic-preference-rule,0.2,0.1,2,0,0,0,1,0,466,1,9.1999,0,0.9781,0.4971,1,100,1
dat2-pair-0767,mock-reco-v1,20260902,1,1,train,1,dat2,product-038,cat-kitchen,shop-09,Mon Aug 17 2026 11:01:00 GMT+0700 (Indochina Time),1,synthetic-preference-rule,0.2,1,5,0,1,1,1,0,451,0.651,7.1333,0,0.9808,0.5257,1,100,1
dat2-pair-0768,mock-reco-v1,20260902,1,1,train,2,dat2,product-002,cat-electronics,shop-06,Tue Aug 18 2026 08:02:00 GMT+0700 (Indochina Time),0,synthetic-preference-rule,0.2,0.1,2,0,0,0,1,0,486,1,9.3408,0,0.5178,0.5543,1,100,1
dat2-pair-0769,mock-reco-v1,20260902,1,1,train,3,dat2,product-065,cat-beauty,shop-02,Wed Aug 19 2026 17:07:00 GMT+0700 (Indochina Time),1,synthetic-preference-rule,1,0.1,5,1,0,1,1,0,473,0.419,9.3637,0,0.9151,0.9429,1,100,1
dat2-pair-0770,mock-reco-v1,20260902,1,1,train,4,dat2,product-030,cat-home,shop-04,Thu Aug 20 2026 14:08:00 GMT+0700 (Indochina Time),0,synthetic-preference-rule,0.2,0.1,1,0,0,1,1,0,452,1,9.3161,0,0.9123,0.6114,1,100,1
dat2-pair-0771,mock-reco-v1,20260902,1,1,heldout,0,dat2,product-084,cat-mother-baby,shop-02,Fri Aug 21 2026 19:30:00 GMT+0700 (Indochina Time),1,synthetic-preference-rule,1,0.1,6,1,0,0,1,0,408,1,7.5725,0,0.8795,0.8,1,100,1
dat2-pair-0772,mock-reco-v1,20260902,1,1,train,1,dat2,product-102,cat-pets,shop-10,Sat Aug 22 2026 22:29:00 GMT+0700 (Indochina Time),0,synthetic-preference-rule,0.2,0.1,1,1,0,0,1,0,387,1,7.5385,0,0.6521,0.4686,1,100,1
dat2-pair-0773,mock-reco-v1,20260902,1,1,train,2,dat2,product-009,cat-electronics,shop-05,Sun Aug 23 2026 13:32:00 GMT+0700 (Indochina Time),1,synthetic-preference-rule,0.2,1,5,1,1,1,1,0,405,1,9.0851,0,0.9918,0.4971,1,100,1
dat2-pair-0774,mock-reco-v1,20260902,1,1,train,3,dat2,product-008,cat-electronics,shop-12,Mon Aug 24 2026 16:31:00 GMT+0700 (Indochina Time),0,synthetic-preference-rule,0.2,0.1,2,0,0,0,0.7222,0,456,0.978,7.4265,0,0.5342,0.5257,1,100,1
dat2-pair-0775,mock-reco-v1,20260902,1,1,train,4,dat2,product-048,cat-fashion-women,shop-11,Tue Aug 25 2026 07:26:00 GMT+0700 (Indochina Time),1,synthetic-preference-rule,1,0.1,5,1,0,0,1,0,476,1,7.8785,0,0.7151,0.9143,1,100,1
dat2-pair-0776,mock-reco-v1,20260902,1,1,heldout,0,dat2,product-037,cat-kitchen,shop-04,Wed Aug 26 2026 10:25:00 GMT+0700 (Indochina Time),0,synthetic-preference-rule,0.2,0.1,2,0,0,0,1,0,488,1,7.9628,0,0.9781,0.5829,1,100,1
dat2-pair-0777,mock-reco-v1,20260902,1,1,train,1,dat2,product-074,cat-sports,shop-12,Fri Aug 28 2026 01:28:00 GMT+0700 (Indochina Time),1,synthetic-preference-rule,1,0.1,5,1,0,0,1,0,427,1,7.0326,0,0.5096,0.9714,1,100,1
dat2-pair-0778,mock-reco-v1,20260902,1,1,train,2,dat2,product-107,cat-pets,shop-11,Sat Aug 29 2026 04:27:00 GMT+0700 (Indochina Time),0,synthetic-preference-rule,0.2,0.1,2,0,0,0,1,0,394,1,8.6629,0,0.6658,0.44,1,100,1
dat2-pair-0779,mock-reco-v1,20260902,1,1,train,3,dat2,product-097,cat-books,shop-09,Sat Aug 29 2026 19:38:00 GMT+0700 (Indochina Time),1,synthetic-preference-rule,0.2,1,4,1,1,1,1,0,414,0.77,7.0335,0,0.9836,0.4686,1,100,1
dat2-pair-0780,mock-reco-v1,20260902,1,1,train,4,dat2,product-015,cat-computers,shop-12,Mon Jun 01 2026 22:37:00 GMT+0700 (Indochina Time),0,synthetic-preference-rule,0.2,0.1,1,0,0,1,1,0,482,1,8.9526,0,0.6712,0.4971,1,100,1
dat2-pair-0781,mock-reco-v1,20260902,1,1,heldout,0,dat2,product-035,cat-kitchen,shop-05,Tue Jun 02 2026 20:13:00 GMT+0700 (Indochina Time),1,synthetic-preference-rule,0.2,1,5,1,1,1,1,0,436,1,8.7177,0,0.9836,0.5257,0,100,1
dat2-pair-0782,mock-reco-v1,20260902,1,1,train,1,dat2,product-054,cat-fashion-men,shop-06,Wed Jun 03 2026 17:14:00 GMT+0700 (Indochina Time),0,synthetic-preference-rule,0.2,0.1,1,1,0,0,1,0,489,1,9.0654,0,0.8219,0.5543,1,100,1
dat2-pair-0783,mock-reco-v1,20260902,1,1,train,2,dat2,product-064,cat-beauty,shop-09,Thu Jun 04 2026 14:15:00 GMT+0700 (Indochina Time),1,synthetic-preference-rule,1,1,5,0,1,1,1,0,480,0.362,9.2141,0,0.9288,0.9429,1,100,1
dat2-pair-0784,mock-reco-v1,20260902,1,1,train,3,dat2,product-112,cat-grocery,shop-01,Fri Jun 05 2026 11:16:00 GMT+0700 (Indochina Time),0,synthetic-preference-rule,0.2,0.1,2,0,0,0,1,0,418,0.174,8.3682,0,0.6329,0.6114,1,100,1
dat2-pair-0785,mock-reco-v1,20260902,1,1,train,4,dat2,product-083,cat-mother-baby,shop-09,Sat Jun 06 2026 08:09:00 GMT+0700 (Indochina Time),1,synthetic-preference-rule,1,1,5,1,1,1,1,0,371,1,5.7838,0,0.8822,0.8,1,100,1
dat2-pair-0786,mock-reco-v1,20260902,1,1,heldout,0,dat2,product-021,cat-home,shop-06,Mon Jun 08 2026 05:10:00 GMT+0700 (Indochina Time),0,synthetic-preference-rule,0.2,0.1,2,0,0,0,1,0,371,0.539,9.0531,1,0.8932,0.4686,1,100,1
dat2-pair-0787,mock-reco-v1,20260902,1,1,train,1,dat2,product-007,cat-electronics,shop-07,Tue Jun 09 2026 02:11:00 GMT+0700 (Indochina Time),1,synthetic-preference-rule,0.2,1,6,1,1,0,1,0,419,0.197,4.1109,0,0.537,0.4971,1,100,1
dat2-pair-0788,mock-reco-v1,20260902,1,1,train,2,dat2,product-060,cat-fashion-men,shop-12,Tue Jun 09 2026 23:12:00 GMT+0700 (Indochina Time),0,synthetic-preference-rule,0.2,0.1,2,0,0,0,1,0,371,1,8.8635,0,0.8384,0.5257,1,100,1
dat2-pair-0789,mock-reco-v1,20260902,1,1,train,3,dat2,product-047,cat-fashion-women,shop-06,Wed Jun 10 2026 20:05:00 GMT+0700 (Indochina Time),1,synthetic-preference-rule,1,0.1,5,1,0,0,1,0,439,0.363,6.9285,0,0.7178,0.9143,1,100,1
dat2-pair-0790,mock-reco-v1,20260902,1,1,train,4,dat2,product-117,cat-grocery,shop-02,Thu Jun 11 2026 17:06:00 GMT+0700 (Indochina Time),0,synthetic-preference-rule,0.2,0.1,1,1,0,0,1,0,411,1,9.3458,0,0.6411,0.5829,1,100,1
dat2-pair-0791,mock-reco-v1,20260902,1,1,heldout,0,dat2,product-073,cat-sports,shop-07,Fri Jun 12 2026 22:44:00 GMT+0700 (Indochina Time),1,synthetic-preference-rule,1,1,5,1,1,0,1,0,464,1,7.9201,0,1,0.9714,1,100,1
dat2-pair-0792,mock-reco-v1,20260902,1,1,train,1,dat2,product-027,cat-home,shop-01,Sun Jun 14 2026 01:43:00 GMT+0700 (Indochina Time),0,synthetic-preference-rule,0.2,0.1,1,1,0,0,1,0,467,1,8.5768,0,0.9096,0.44,1,100,1
dat2-pair-0793,mock-reco-v1,20260902,1,1,train,2,dat2,product-094,cat-books,shop-05,Mon Jun 15 2026 04:42:00 GMT+0700 (Indochina Time),1,synthetic-preference-rule,0.2,1,5,1,1,0,0.4722,1,399,1,8.698,0,0.9753,0.4686,1,100,1
dat2-pair-0794,mock-reco-v1,20260902,1,1,train,3,dat2,product-096,cat-books,shop-03,Mon Jun 15 2026 07:41:00 GMT+0700 (Indochina Time),0,synthetic-preference-rule,0.2,0.1,2,0,0,0,1,0,429,1,9.0212,1,0.9808,0.4971,1,100,1
dat2-pair-0795,mock-reco-v1,20260902,1,1,train,4,dat2,product-033,cat-kitchen,shop-07,Tue Jun 16 2026 10:40:00 GMT+0700 (Indochina Time),1,synthetic-preference-rule,0.2,1,4,1,1,1,1,0,466,1,9.1429,0,0.989,0.5257,1,100,1
dat2-pair-0796,mock-reco-v1,20260902,1,1,heldout,0,dat2,product-003,cat-electronics,shop-11,Wed Jun 17 2026 13:39:00 GMT+0700 (Indochina Time),0,synthetic-preference-rule,0.2,0.1,2,0,0,0,1,0,397,1,8.7852,0,0.526,0.5543,1,100,1
dat2-pair-0797,mock-reco-v1,20260902,1,1,train,1,dat2,product-063,cat-beauty,shop-04,Thu Jun 18 2026 16:38:00 GMT+0700 (Indochina Time),1,synthetic-preference-rule,1,0.1,5,1,0,1,1,0,443,1,9.0382,0,0.9315,0.9429,1,100,1
dat2-pair-0798,mock-reco-v1,20260902,1,1,train,2,dat2,product-032,cat-kitchen,shop-02,Fri Jun 19 2026 19:37:00 GMT+0700 (Indochina Time),0,synthetic-preference-rule,0.2,0.1,2,0,0,1,1,0,377,1,9.3026,0,0.9973,0.6114,1,100,1
dat2-pair-0799,mock-reco-v1,20260902,1,1,train,3,dat2,product-082,cat-mother-baby,shop-04,Sat Jun 20 2026 22:36:00 GMT+0700 (Indochina Time),1,synthetic-preference-rule,1,0.1,6,0,0,1,1,0,482,0.798,8.5529,0,0.8849,0.8,1,100,1
dat2-pair-0800,mock-reco-v1,20260902,1,1,train,4,dat2,product-103,cat-pets,shop-03,Mon Jun 22 2026 01:35:00 GMT+0700 (Indochina Time),0,synthetic-preference-rule,0.2,0.1,1,1,0,0,1,0,372,0.286,5.5607,0,0.6548,0.4686,0,100,1
dat2-pair-0801,mock-reco-v1,20260902,1,1,heldout,0,dat2,product-005,cat-electronics,shop-09,Mon Jun 22 2026 15:04:00 GMT+0700 (Indochina Time),1,synthetic-preference-rule,0.2,1,5,1,1,1,1,0,471,1,8.1014,0,0.5315,0.4971,1,100,1
dat2-pair-0802,mock-reco-v1,20260902,1,1,train,1,dat2,product-010,cat-electronics,shop-10,Tue Jun 23 2026 18:03:00 GMT+0700 (Indochina Time),0,synthetic-preference-rule,0.2,0.1,1,1,0,0,1,0,442,0.368,9.2536,0,0.989,0.5257,1,100,1
dat2-pair-0803,mock-reco-v1,20260902,1,1,train,2,dat2,product-046,cat-fashion-women,shop-01,Wed Jun 24 2026 21:02:00 GMT+0700 (Indochina Time),1,synthetic-preference-rule,1,0.1,5,1,0,0,1,0,424,1,8.679,1,0.7205,0.9143,1,100,1
dat2-pair-0804,mock-reco-v1,20260902,1,1,train,3,dat2,product-039,cat-kitchen,shop-02,Fri Jun 26 2026 00:01:00 GMT+0700 (Indochina Time),0,synthetic-preference-rule,0.2,0.1,2,0,0,0,1,0,458,1,7.3382,0,0.9726,0.5829,1,100,1
dat2-pair-0805,mock-reco-v1,20260902,1,1,train,4,dat2,product-072,cat-sports,shop-01,Sat Jun 27 2026 03:08:00 GMT+0700 (Indochina Time),1,synthetic-preference-rule,1,0.1,5,1,0,0,0.1389,1,375,1,8.3827,0,0.5151,0.9714,1,100,1
dat2-pair-0806,mock-reco-v1,20260902,1,1,heldout,0,dat2,product-108,cat-pets,shop-04,Sun Jun 28 2026 06:07:00 GMT+0700 (Indochina Time),0,synthetic-preference-rule,0.2,0.1,2,0,0,0,0.5833,0,483,0.229,8.3345,0,0.6685,0.44,1,100,1
dat2-pair-0807,mock-reco-v1,20260902,1,1,train,1,dat2,product-092,cat-books,shop-07,Sun Jun 28 2026 09:06:00 GMT+0700 (Indochina Time),1,synthetic-preference-rule,0.2,1,5,1,1,0,1,0,451,0.827,7.9204,0,0.9699,0.4686,1,100,1
dat2-pair-0808,mock-reco-v1,20260902,1,1,train,2,dat2,product-017,cat-computers,shop-10,Mon Jun 29 2026 12:05:00 GMT+0700 (Indochina Time),0,synthetic-preference-rule,0.2,0.1,2,0,0,1,1,0,430,1,9.3026,0,0.6767,0.4971,1,100,1
dat2-pair-0809,mock-reco-v1,20260902,1,1,train,3,dat2,product-031,cat-kitchen,shop-09,Tue Jun 30 2026 15:12:00 GMT+0700 (Indochina Time),1,synthetic-preference-rule,0.2,1,5,1,1,0,1,0,414,0.594,6.3733,1,0.9945,0.5257,1,100,1
dat2-pair-0810,mock-reco-v1,20260902,1,1,train,4,dat2,product-055,cat-fashion-men,shop-11,Wed Jul 01 2026 18:11:00 GMT+0700 (Indochina Time),0,synthetic-preference-rule,0.2,0.1,1,1,0,0,0.7778,0,474,0.392,7.7017,0,0.8027,0.5543,1,100,1
dat2-pair-0811,mock-reco-v1,20260902,1,1,heldout,0,dat2,product-062,cat-beauty,shop-11,Fri Jul 03 2026 06:09:00 GMT+0700 (Indochina Time),1,synthetic-preference-rule,1,0.1,4,1,0,1,1,0,406,1,8.8247,0,0.9233,0.9429,1,100,1
dat2-pair-0812,mock-reco-v1,20260902,1,1,train,1,dat2,product-113,cat-grocery,shop-06,Sat Jul 04 2026 03:10:00 GMT+0700 (Indochina Time),0,synthetic-preference-rule,0.2,0.1,1,1,0,0,1,0,433,0.955,8.6873,0,0.6301,0.6114,1,100,1
dat2-pair-0813,mock-reco-v1,20260902,1,1,train,2,dat2,product-081,cat-mother-baby,shop-11,Sun Jul 05 2026 00:11:00 GMT+0700 (Indochina Time),1,synthetic-preference-rule,1,0.1,5,1,0,1,1,0,445,0.017,8.1784,1,0.8877,0.8,1,100,1
dat2-pair-0814,mock-reco-v1,20260902,1,1,train,3,dat2,product-022,cat-home,shop-11,Sun Jul 05 2026 21:12:00 GMT+0700 (Indochina Time),0,synthetic-preference-rule,0.2,0.1,2,0,0,0,1,0,408,1,9.2266,0,0.8904,0.4686,1,100,1
dat2-pair-0815,mock-reco-v1,20260902,1,1,train,4,dat2,product-120,cat-grocery,shop-05,Mon Jul 06 2026 18:13:00 GMT+0700 (Indochina Time),1,synthetic-preference-rule,0.2,1,6,0,1,1,1,0,462,1,8.5679,0,0.611,0.4971,0,100,1
dat2-pair-0816,mock-reco-v1,20260902,1,1,heldout,0,dat2,product-091,cat-books,shop-02,Tue Jul 07 2026 15:14:00 GMT+0700 (Indochina Time),0,synthetic-preference-rule,0.2,0.1,2,0,0,0,1,0,488,1,8.383,1,0.9671,0.5257,1,100,1
dat2-pair-0817,mock-reco-v1,20260902,1,1,train,1,dat2,product-045,cat-fashion-women,shop-08,Wed Jul 08 2026 12:15:00 GMT+0700 (Indochina Time),1,synthetic-preference-rule,1,1,5,1,1,1,0.1944,1,387,1,8.3568,1,0.7233,0.9143,1,100,1
dat2-pair-0818,mock-reco-v1,20260902,1,1,train,2,dat2,product-119,cat-grocery,shop-12,Thu Jul 09 2026 09:16:00 GMT+0700 (Indochina Time),0,synthetic-preference-rule,0.2,0.1,1,0,0,1,0.75,0,425,0.345,8.2,0,0.6137,0.5829,1,100,1
dat2-pair-0819,mock-reco-v1,20260902,1,1,train,3,dat2,product-071,cat-sports,shop-08,Sat Jul 11 2026 06:17:00 GMT+0700 (Indochina Time),1,synthetic-preference-rule,1,1,5,1,1,0,1,0,412,0.334,8.6978,1,0.5123,0.9714,1,100,1
dat2-pair-0820,mock-reco-v1,20260902,1,1,train,4,dat2,product-028,cat-home,shop-06,Sun Jul 12 2026 03:18:00 GMT+0700 (Indochina Time),0,synthetic-preference-rule,0.2,0.1,1,1,0,0,0.9444,0,378,0.482,8.843,0,0.9068,0.44,1,100,1
dat2-pair-0821,mock-reco-v1,20260902,1,1,heldout,0,dat2,product-090,cat-mother-baby,shop-09,Mon Jul 13 2026 04:10:00 GMT+0700 (Indochina Time),1,synthetic-preference-rule,1,1,5,1,1,0,1,0,400,1,8.7216,0,0.9068,0.8286,1,100,1
dat2-pair-0822,mock-reco-v1,20260902,1,1,train,1,dat2,product-098,cat-books,shop-02,Mon Jul 13 2026 07:09:00 GMT+0700 (Indochina Time),0,synthetic-preference-rule,0.2,0.1,2,0,0,0,0.1944,1,377,1,9.3514,0,0.9863,0.4971,1,100,1
dat2-pair-0823,mock-reco-v1,20260902,1,1,train,2,dat2,product-026,cat-home,shop-08,Tue Jul 14 2026 22:12:00 GMT+0700 (Indochina Time),1,synthetic-preference-rule,0.2,1,5,1,1,1,1,0,430,1,8.001,1,0.9014,0.5257,1,100,1
dat2-pair-0824,mock-reco-v1,20260902,1,1,train,3,dat2,product-004,cat-electronics,shop-04,Thu Jul 16 2026 01:11:00 GMT+0700 (Indochina Time),0,synthetic-preference-rule,0.2,0.1,2,0,0,0,1,0,434,0.254,9.0065,0,0.5233,0.5543,1,100,1
dat2-pair-0825,mock-reco-v1,20260902,1,1,train,4,dat2,product-061,cat-beauty,shop-06,Thu Jul 16 2026 16:06:00 GMT+0700 (Indochina Time),1,synthetic-preference-rule,1,0.1,5,1,0,0,1,0,495,1,8.5528,1,0.926,0.9429,1,100,1
dat2-pair-0826,mock-reco-v1,20260902,1,1,heldout,0,dat2,product-034,cat-kitchen,shop-12,Fri Jul 17 2026 19:05:00 GMT+0700 (Indochina Time),0,synthetic-preference-rule,0.2,0.1,2,0,0,0,1,0,429,1,8.9527,1,0.9918,0.6114,1,100,1
dat2-pair-0827,mock-reco-v1,20260902,1,1,train,1,dat2,product-080,cat-sports,shop-06,Sat Jul 18 2026 10:08:00 GMT+0700 (Indochina Time),1,synthetic-preference-rule,1,0.1,4,1,0,1,1,0,457,0.505,8.1371,0,0.9863,0.8,1,100,1
dat2-pair-0828,mock-reco-v1,20260902,1,1,train,2,dat2,product-105,cat-pets,shop-01,Sun Jul 19 2026 13:07:00 GMT+0700 (Indochina Time),0,synthetic-preference-rule,0.2,0.1,1,0,0,1,1,0,446,0.172,9.1074,0,0.6603,0.4686,1,100,1
dat2-pair-0829,mock-reco-v1,20260902,1,1,train,3,dat2,product-118,cat-grocery,shop-07,Tue Jul 21 2026 04:02:00 GMT+0700 (Indochina Time),1,synthetic-preference-rule,0.2,1,6,1,1,1,0.5556,0,448,0.06,6.9754,0,0.6384,0.4971,1,100,1
dat2-pair-0830,mock-reco-v1,20260902,1,1,train,4,dat2,product-011,cat-computers,shop-03,Tue Jul 21 2026 07:01:00 GMT+0700 (Indochina Time),0,synthetic-preference-rule,0.2,0.1,1,1,0,0,1,0,378,0.384,7.698,1,0.6603,0.5257,1,100,1
dat2-pair-0831,mock-reco-v1,20260902,1,1,heldout,0,dat2,product-044,cat-fashion-women,shop-03,Thu Jul 23 2026 01:39:00 GMT+0700 (Indochina Time),1,synthetic-preference-rule,1,0.1,6,0,0,1,1,0,372,1,9.1178,0,0.726,0.9143,1,100,1
dat2-pair-0832,mock-reco-v1,20260902,1,1,train,1,dat2,product-051,cat-fashion-men,shop-03,Thu Jul 23 2026 22:40:00 GMT+0700 (Indochina Time),0,synthetic-preference-rule,0.2,0.1,2,0,0,0,0.1111,1,452,1,8.8582,1,0.8137,0.5829,1,100,1
dat2-pair-0833,mock-reco-v1,20260902,1,1,train,2,dat2,product-070,cat-beauty,shop-03,Fri Jul 24 2026 07:37:00 GMT+0700 (Indochina Time),1,synthetic-preference-rule,1,0.1,4,1,0,0,0.7778,0,488,0.972,8.6739,0,0.9014,0.9714,1,100,1
dat2-pair-0834,mock-reco-v1,20260902,1,1,train,3,dat2,product-109,cat-pets,shop-10,Sun Jul 26 2026 04:38:00 GMT+0700 (Indochina Time),0,synthetic-preference-rule,0.2,0.1,2,0,0,0,1,0,380,0.4,8.4007,0,0.6274,0.44,1,100,1
dat2-pair-0835,mock-reco-v1,20260902,1,1,train,4,dat2,product-089,cat-mother-baby,shop-04,Sun Jul 26 2026 13:43:00 GMT+0700 (Indochina Time),1,synthetic-preference-rule,1,0.1,5,1,0,0,1,0,489,0.969,8.4152,1,0.9096,0.8286,1,100,1
dat2-pair-0836,mock-reco-v1,20260902,1,1,heldout,0,dat2,product-018,cat-computers,shop-03,Mon Jul 27 2026 10:44:00 GMT+0700 (Indochina Time),0,synthetic-preference-rule,0.2,0.1,2,0,0,0,1,0,393,1,9.1428,0,0.6795,0.4971,0,100,1
dat2-pair-0837,mock-reco-v1,20260902,1,1,train,1,dat2,product-024,cat-home,shop-09,Tue Jul 28 2026 19:41:00 GMT+0700 (Indochina Time),1,synthetic-preference-rule,0.2,1,5,1,1,0,0.2778,1,482,1,7.2457,0,0.8959,0.5257,1,100,1
dat2-pair-0838,mock-reco-v1,20260902,1,1,train,2,dat2,product-056,cat-fashion-men,shop-04,Wed Jul 29 2026 16:42:00 GMT+0700 (Indochina Time),0,synthetic-preference-rule,0.2,0.1,1,1,0,0,1,0,437,1,9.3834,1,0.8055,0.5543,1,100,1
dat2-pair-0839,mock-reco-v1,20260902,1,1,train,3,dat2,product-059,cat-fashion-men,shop-07,Fri Jul 31 2026 01:31:00 GMT+0700 (Indochina Time),1,synthetic-preference-rule,0.2,1,5,1,1,1,1,0,408,1,9.0697,0,0.8356,0.5829,1,100,1
dat2-pair-0840,mock-reco-v1,20260902,1,1,train,4,dat2,product-114,cat-grocery,shop-11,Fri Jul 31 2026 22:32:00 GMT+0700 (Indochina Time),0,synthetic-preference-rule,0.2,0.1,1,1,0,0,1,0,470,1,8.9288,0,0.6274,0.6114,1,100,1
dat2-pair-0841,mock-reco-v1,20260902,1,1,heldout,0,dat2,product-079,cat-sports,shop-01,Sun Aug 02 2026 03:16:00 GMT+0700 (Indochina Time),1,synthetic-preference-rule,1,0.1,5,1,0,0,1,0,494,1,8.5248,0,0.9836,0.8,1,100,1
dat2-pair-0842,mock-reco-v1,20260902,1,1,train,1,dat2,product-023,cat-home,shop-04,Mon Aug 03 2026 06:15:00 GMT+0700 (Indochina Time),0,synthetic-preference-rule,0.2,0.1,2,0,0,0,1,0,445,1,9.3744,1,0.8986,0.4686,1,100,1
dat2-pair-0843,mock-reco-v1,20260902,1,1,train,2,dat2,product-116,cat-grocery,shop-09,Mon Aug 03 2026 09:14:00 GMT+0700 (Indochina Time),1,synthetic-preference-rule,0.2,1,4,1,1,1,1,0,396,0.898,9.1934,1,0.6438,0.4971,1,100,1
dat2-pair-0844,mock-reco-v1,20260902,1,1,train,3,dat2,product-093,cat-books,shop-12,Tue Aug 04 2026 12:13:00 GMT+0700 (Indochina Time),0,synthetic-preference-rule,0.2,0.1,2,0,0,0,1,0,436,0.046,8.9372,0,0.9726,0.5257,1,100,1
dat2-pair-0845,mock-reco-v1,20260902,1,1,train,4,dat2,product-043,cat-fashion-women,shop-10,Wed Aug 05 2026 15:12:00 GMT+0700 (Indochina Time),1,synthetic-preference-rule,1,0.1,6,1,0,1,1,0,461,1,8.9223,0,0.7288,0.9143,1,100,1
dat2-pair-0846,mock-reco-v1,20260902,1,1,heldout,0,dat2,product-001,cat-electronics,shop-01,Thu Aug 06 2026 18:11:00 GMT+0700 (Indochina Time),0,synthetic-preference-rule,0.2,0.1,2,0,0,1,1,0,449,1,9.1876,1,0.5205,0.5829,0,100,1
dat2-pair-0847,mock-reco-v1,20260902,1,1,train,1,dat2,product-069,cat-beauty,shop-10,Fri Aug 07 2026 21:10:00 GMT+0700 (Indochina Time),1,synthetic-preference-rule,1,0.1,6,0,0,1,1,0,451,0.191,8.3497,0,0.9041,0.9714,0,100,1
dat2-pair-0848,mock-reco-v1,20260902,1,1,train,2,dat2,product-029,cat-home,shop-11,Sun Aug 09 2026 00:09:00 GMT+0700 (Indochina Time),0,synthetic-preference-rule,0.2,0.1,1,1,0,0,1,0,415,1,9.1587,0,0.9151,0.44,1,100,1
dat2-pair-0849,mock-reco-v1,20260902,1,1,train,3,dat2,product-088,cat-mother-baby,shop-11,Mon Aug 10 2026 03:08:00 GMT+0700 (Indochina Time),1,synthetic-preference-rule,1,0.1,4,1,0,0,1,0,430,0.684,9.0384,0,0.8904,0.8286,1,100,1
dat2-pair-0850,mock-reco-v1,20260902,1,1,train,4,dat2,product-100,cat-books,shop-12,Tue Aug 11 2026 06:07:00 GMT+0700 (Indochina Time),0,synthetic-preference-rule,0.2,0.1,1,1,0,0,1,0,495,1,8.2174,1,0.9918,0.4971,1,100,1
dat2-pair-0851,mock-reco-v1,20260902,1,1,heldout,0,dat2,product-019,cat-computers,shop-08,Tue Aug 11 2026 22:37:00 GMT+0700 (Indochina Time),1,synthetic-preference-rule,0.2,1,5,1,1,0,1,0,460,1,7.1325,0,0.6384,0.5257,1,100,1
dat2-pair-0852,mock-reco-v1,20260902,1,1,train,1,dat2,product-006,cat-electronics,shop-02,Wed Aug 12 2026 19:38:00 GMT+0700 (Indochina Time),0,synthetic-preference-rule,0.2,0.1,2,0,0,0,1,0,382,0.14,8.5007,1,0.5288,0.5543,1,100,1
dat2-pair-0853,mock-reco-v1,20260902,1,1,train,2,dat2,product-057,cat-fashion-men,shop-09,Thu Aug 13 2026 16:39:00 GMT+0700 (Indochina Time),1,synthetic-preference-rule,0.2,1,5,0,1,1,1,0,422,1,8.6034,0,0.8082,0.5829,1,100,1
dat2-pair-0854,mock-reco-v1,20260902,1,1,train,3,dat2,product-036,cat-kitchen,shop-10,Fri Aug 14 2026 13:40:00 GMT+0700 (Indochina Time),0,synthetic-preference-rule,0.2,0.1,2,0,0,0,1,0,399,1,8.4098,1,0.9863,0.6114,1,100,1
dat2-pair-0855,mock-reco-v1,20260902,1,1,train,4,dat2,product-078,cat-sports,shop-08,Sat Aug 15 2026 10:33:00 GMT+0700 (Indochina Time),1,synthetic-preference-rule,1,1,5,1,1,1,1,0,405,1,8.9371,1,0.5205,0.8,1,100,1
dat2-pair-0856,mock-reco-v1,20260902,1,1,heldout,0,dat2,product-106,cat-pets,shop-06,Sun Aug 16 2026 07:34:00 GMT+0700 (Indochina Time),0,synthetic-preference-rule,0.2,0.1,2,0,0,1,1,0,409,1,8.9096,1,0.663,0.4686,1,100,1
dat2-pair-0857,mock-reco-v1,20260902,1,1,train,1,dat2,product-111,cat-grocery,shop-08,Tue Aug 18 2026 04:35:00 GMT+0700 (Indochina Time),1,synthetic-preference-rule,0.2,1,5,1,1,0,1,0,381,1,7.8969,1,0.6356,0.4971,1,100,1
dat2-pair-0858,mock-reco-v1,20260902,1,1,train,2,dat2,product-013,cat-computers,shop-02,Wed Aug 19 2026 01:36:00 GMT+0700 (Indochina Time),0,synthetic-preference-rule,0.2,0.1,1,1,0,0,1,0,452,1,8.6019,0,0.6658,0.5257,1,100,1
dat2-pair-0859,mock-reco-v1,20260902,1,1,train,3,dat2,product-042,cat-fashion-women,shop-05,Wed Aug 19 2026 22:29:00 GMT+0700 (Indochina Time),1,synthetic-preference-rule,1,1,5,1,1,1,1,0,446,0.306,5.8693,0,0.7315,0.9143,1,100,1
dat2-pair-0860,mock-reco-v1,20260902,1,1,train,4,dat2,product-053,cat-fashion-men,shop-01,Thu Aug 20 2026 19:30:00 GMT+0700 (Indochina Time),0,synthetic-preference-rule,0.2,0.1,1,1,0,0,1,0,400,1,9.237,0,0.8192,0.5829,1,100,1
dat2-pair-0861,mock-reco-v1,20260902,1,1,heldout,0,dat2,product-068,cat-beauty,shop-05,Fri Aug 21 2026 20:06:00 GMT+0700 (Indochina Time),1,synthetic-preference-rule,1,1,6,1,1,1,1,0,458,1,8.4149,0,0.9178,0.9714,1,100,1
dat2-pair-0862,mock-reco-v1,20260902,1,1,train,1,dat2,product-110,cat-pets,shop-03,Sat Aug 22 2026 23:05:00 GMT+0700 (Indochina Time),0,synthetic-preference-rule,0.2,0.1,2,0,0,0,1,0,469,1,7.9484,0,0.6301,0.44,1,100,1
dat2-pair-0863,mock-reco-v1,20260902,1,1,train,2,dat2,product-087,cat-mother-baby,shop-06,Sun Aug 23 2026 14:08:00 GMT+0700 (Indochina Time),1,synthetic-preference-rule,1,0.1,5,1,0,0,1,0,393,1,8.8248,0,0.8932,0.8286,1,100,1
dat2-pair-0864,mock-reco-v1,20260902,1,1,train,3,dat2,product-020,cat-computers,shop-01,Mon Aug 24 2026 17:07:00 GMT+0700 (Indochina Time),0,synthetic-preference-rule,0.2,0.1,2,0,0,0,1,0,423,1,9.3616,0,0.6411,0.4971,1,100,1
dat2-pair-0865,mock-reco-v1,20260902,1,1,train,4,dat2,product-016,cat-computers,shop-05,Tue Aug 25 2026 08:10:00 GMT+0700 (Indochina Time),1,synthetic-preference-rule,0.2,1,4,1,1,0,1,0,445,0.327,8.7175,1,0.674,0.5257,1,100,1
dat2-pair-0866,mock-reco-v1,20260902,1,1,heldout,0,dat2,product-058,cat-fashion-men,shop-02,Wed Aug 26 2026 11:09:00 GMT+0700 (Indochina Time),0,synthetic-preference-rule,0.2,0.1,2,0,0,1,1,0,385,0.449,8.2509,0,0.811,0.5543,1,100,1
dat2-pair-0867,mock-reco-v1,20260902,1,1,train,1,dat2,product-052,cat-fashion-men,shop-08,Fri Aug 28 2026 02:12:00 GMT+0700 (Indochina Time),1,synthetic-preference-rule,0.2,1,5,1,1,0,1,0,415,0.335,8.5966,0,0.8164,0.5829,0,100,1
dat2-pair-0868,mock-reco-v1,20260902,1,1,train,2,dat2,product-115,cat-grocery,shop-04,Sat Aug 29 2026 05:11:00 GMT+0700 (Indochina Time),0,synthetic-preference-rule,0.2,0.1,1,1,0,0,1,0,485,0.117,9.0135,0,0.6466,0.6114,1,100,1
dat2-pair-0869,mock-reco-v1,20260902,1,1,train,3,dat2,product-077,cat-sports,shop-03,Sat Aug 29 2026 19:58:00 GMT+0700 (Indochina Time),1,synthetic-preference-rule,1,0.1,5,0,0,1,1,0,442,0.22,9.13,0,0.5178,0.8,1,100,1
dat2-pair-0870,mock-reco-v1,20260902,1,1,train,4,dat2,product-025,cat-home,shop-03,Mon Jun 01 2026 22:57:00 GMT+0700 (Indochina Time),0,synthetic-preference-rule,0.2,0.1,1,1,0,0,1,0,393,1,7.2189,0,0.9041,0.4686,1,100,1
dat2-pair-0871,mock-reco-v1,20260902,1,1,heldout,0,dat2,product-104,cat-pets,shop-08,Tue Jun 02 2026 17:35:00 GMT+0700 (Indochina Time),1,synthetic-preference-rule,0.2,1,5,1,1,1,0.0833,1,461,1,9.2725,0,0.6575,0.4971,1,100,1
dat2-pair-0872,mock-reco-v1,20260902,1,1,train,1,dat2,product-095,cat-books,shop-10,Wed Jun 03 2026 14:36:00 GMT+0700 (Indochina Time),0,synthetic-preference-rule,0.2,0.1,2,0,0,0,1,0,466,1,9.1999,0,0.9781,0.5257,1,100,1
dat2-pair-0873,mock-reco-v1,20260902,1,1,train,2,dat2,product-041,cat-fashion-women,shop-12,Thu Jun 04 2026 23:33:00 GMT+0700 (Indochina Time),1,synthetic-preference-rule,1,0.1,5,1,0,0,1,0,409,1,9.2813,1,0.7342,0.9143,1,100,1
dat2-pair-0874,mock-reco-v1,20260902,1,1,train,3,dat2,product-002,cat-electronics,shop-06,Fri Jun 05 2026 20:34:00 GMT+0700 (Indochina Time),0,synthetic-preference-rule,0.2,0.1,2,0,0,0,1,0,486,1,9.3408,0,0.5178,0.5829,1,100,1
dat2-pair-0875,mock-reco-v1,20260902,1,1,train,4,dat2,product-067,cat-beauty,shop-12,Sun Jun 07 2026 05:31:00 GMT+0700 (Indochina Time),1,synthetic-preference-rule,1,0.1,5,1,0,1,1,0,421,1,7.9707,1,0.9205,0.9714,1,100,1
dat2-pair-0876,mock-reco-v1,20260902,1,1,heldout,0,dat2,product-030,cat-home,shop-04,Mon Jun 08 2026 02:32:00 GMT+0700 (Indochina Time),0,synthetic-preference-rule,0.2,0.1,1,0,0,1,1,0,452,1,9.3161,0,0.9123,0.44,1,100,1
dat2-pair-0877,mock-reco-v1,20260902,1,1,train,1,dat2,product-086,cat-mother-baby,shop-01,Mon Jun 08 2026 11:29:00 GMT+0700 (Indochina Time),1,synthetic-preference-rule,1,0.1,6,1,0,1,1,0,378,1,9.3637,1,0.8959,0.8286,0,100,1
dat2-pair-0878,mock-reco-v1,20260902,1,1,train,2,dat2,product-102,cat-pets,shop-10,Tue Jun 09 2026 08:30:00 GMT+0700 (Indochina Time),0,synthetic-preference-rule,0.2,0.1,1,1,0,0,1,0,387,1,7.5385,0,0.6521,0.4971,1,100,1
dat2-pair-0879,mock-reco-v1,20260902,1,1,train,3,dat2,product-014,cat-computers,shop-07,Wed Jun 10 2026 17:43:00 GMT+0700 (Indochina Time),1,synthetic-preference-rule,0.2,1,5,1,1,0,1,0,415,0.441,8.2488,0,0.6685,0.5257,1,100,1
dat2-pair-0880,mock-reco-v1,20260902,1,1,train,4,dat2,product-008,cat-electronics,shop-12,Thu Jun 11 2026 14:44:00 GMT+0700 (Indochina Time),0,synthetic-preference-rule,0.2,0.1,2,0,0,0,0.7222,0,456,0.978,7.4265,0,0.5342,0.5543,1,100,1
dat2-pair-0881,mock-reco-v1,20260902,1,1,heldout,0,dat2,product-050,cat-fashion-women,shop-10,Sat Jun 13 2026 05:04:00 GMT+0700 (Indochina Time),1,synthetic-preference-rule,1,0.1,4,1,0,0,1,0,490,1,9.3415,0,0.7534,0.9429,1,100,1
dat2-pair-0882,mock-reco-v1,20260902,1,1,train,1,dat2,product-037,cat-kitchen,shop-04,Sat Jun 13 2026 08:03:00 GMT+0700 (Indochina Time),0,synthetic-preference-rule,0.2,0.1,2,0,0,0,1,0,488,1,7.9628,0,0.9781,0.6114,1,100,1
dat2-pair-0883,mock-reco-v1,20260902,1,1,train,2,dat2,product-076,cat-sports,shop-10,Sun Jun 14 2026 11:02:00 GMT+0700 (Indochina Time),1,synthetic-preference-rule,1,0.1,5,1,0,1,0.5278,0,479,0.277,9.2916,1,0.526,0.8,1,100,1
dat2-pair-0884,mock-reco-v1,20260902,1,1,train,3,dat2,product-107,cat-pets,shop-11,Mon Jun 15 2026 14:01:00 GMT+0700 (Indochina Time),0,synthetic-preference-rule,0.2,0.1,2,0,0,0,1,0,394,1,8.6629,0,0.6658,0.4686,1,100,1
dat2-pair-0885,mock-reco-v1,20260902,1,1,train,4,dat2,product-101,cat-pets,shop-05,Tue Jun 16 2026 17:08:00 GMT+0700 (Indochina Time),1,synthetic-preference-rule,0.2,1,5,0,1,1,1,0,424,1,8.1599,1,0.6493,0.4971,1,100,1
dat2-pair-0886,mock-reco-v1,20260902,1,1,heldout,0,dat2,product-015,cat-computers,shop-12,Wed Jun 17 2026 20:07:00 GMT+0700 (Indochina Time),0,synthetic-preference-rule,0.2,0.1,1,0,0,1,1,0,482,1,8.9526,0,0.6712,0.5257,1,100,1
dat2-pair-0887,mock-reco-v1,20260902,1,1,train,1,dat2,product-040,cat-kitchen,shop-07,Thu Jun 18 2026 23:06:00 GMT+0700 (Indochina Time),1,synthetic-preference-rule,0.2,1,5,1,1,1,1,0,421,0.765,9.3859,0,0.9753,0.5543,1,100,1
dat2-pair-0888,mock-reco-v1,20260902,1,1,train,2,dat2,product-054,cat-fashion-men,shop-06,Sat Jun 20 2026 02:05:00 GMT+0700 (Indochina Time),0,synthetic-preference-rule,0.2,0.1,1,1,0,0,1,0,489,1,9.0654,0,0.8219,0.5829,1,100,1
dat2-pair-0889,mock-reco-v1,20260902,1,1,train,3,dat2,product-066,cat-beauty,shop-07,Sun Jun 21 2026 04:56:00 GMT+0700 (Indochina Time),1,synthetic-preference-rule,1,1,6,1,1,0,1,0,384,1,7.1515,1,0.9123,0.9714,1,100,1
dat2-pair-0890,mock-reco-v1,20260902,1,1,train,4,dat2,product-112,cat-grocery,shop-01,Sun Jun 21 2026 07:55:00 GMT+0700 (Indochina Time),0,synthetic-preference-rule,0.2,0.1,2,0,0,0,1,0,418,0.174,8.3682,0,0.6329,0.44,1,100,1
dat2-pair-0891,mock-reco-v1,20260902,1,1,heldout,0,dat2,product-085,cat-mother-baby,shop-08,Tue Jun 23 2026 02:33:00 GMT+0700 (Indochina Time),1,synthetic-preference-rule,1,1,5,1,1,1,0.8611,0,467,0.741,9.2142,0,0.8986,0.8286,1,100,1
dat2-pair-0892,mock-reco-v1,20260902,1,1,train,1,dat2,product-021,cat-home,shop-06,Tue Jun 23 2026 23:34:00 GMT+0700 (Indochina Time),0,synthetic-preference-rule,0.2,0.1,2,0,0,0,1,0,371,0.539,9.0531,1,0.8932,0.4971,1,100,1
dat2-pair-0893,mock-reco-v1,20260902,1,1,train,2,dat2,product-012,cat-computers,shop-08,Wed Jun 24 2026 20:35:00 GMT+0700 (Indochina Time),1,synthetic-preference-rule,0.2,1,5,1,1,0,0.3611,1,467,1,6.3716,1,0.663,0.5257,1,100,1
dat2-pair-0894,mock-reco-v1,20260902,1,1,train,3,dat2,product-060,cat-fashion-men,shop-12,Thu Jun 25 2026 17:36:00 GMT+0700 (Indochina Time),0,synthetic-preference-rule,0.2,0.1,2,0,0,0,1,0,371,1,8.8635,0,0.8384,0.5543,1,100,1
dat2-pair-0895,mock-reco-v1,20260902,1,1,train,4,dat2,product-049,cat-fashion-women,shop-05,Fri Jun 26 2026 14:37:00 GMT+0700 (Indochina Time),1,synthetic-preference-rule,1,1,5,1,1,0,1,0,453,0.477,9.1884,0,0.7562,0.9429,1,100,1
dat2-pair-0896,mock-reco-v1,20260902,1,1,heldout,0,dat2,product-117,cat-grocery,shop-02,Sat Jun 27 2026 11:38:00 GMT+0700 (Indochina Time),0,synthetic-preference-rule,0.2,0.1,1,1,0,0,1,0,411,1,9.3458,0,0.6411,0.6114,1,100,1
dat2-pair-0897,mock-reco-v1,20260902,1,1,train,1,dat2,product-075,cat-sports,shop-05,Sun Jun 28 2026 08:39:00 GMT+0700 (Indochina Time),1,synthetic-preference-rule,1,1,4,1,1,0,1,0,390,1,6.1442,0,0.5233,0.8,1,100,1
dat2-pair-0898,mock-reco-v1,20260902,1,1,train,2,dat2,product-027,cat-home,shop-01,Tue Jun 30 2026 05:40:00 GMT+0700 (Indochina Time),0,synthetic-preference-rule,0.2,0.1,1,1,0,0,1,0,467,1,8.5768,0,0.9096,0.4686,1,100,1
dat2-pair-0899,mock-reco-v1,20260902,1,1,train,3,dat2,product-099,cat-books,shop-07,Wed Jul 01 2026 02:25:00 GMT+0700 (Indochina Time),1,synthetic-preference-rule,0.2,1,5,1,1,1,0.5556,0,406,0.16,8.58,0,0.989,0.4971,1,100,1
dat2-pair-0900,mock-reco-v1,20260902,1,1,train,4,dat2,product-096,cat-books,shop-03,Wed Jul 01 2026 23:26:00 GMT+0700 (Indochina Time),0,synthetic-preference-rule,0.2,0.1,2,0,0,0,1,0,429,1,9.0212,1,0.9808,0.5257,1,100,1
dat2-pair-0901,mock-reco-v1,20260902,1,1,heldout,0,dat2,product-038,cat-kitchen,shop-09,Fri Jul 03 2026 02:59:00 GMT+0700 (Indochina Time),1,synthetic-preference-rule,0.2,1,5,0,1,1,1,0,451,0.651,7.1333,0,0.9808,0.5543,1,100,1
dat2-pair-0902,mock-reco-v1,20260902,1,1,train,1,dat2,product-003,cat-electronics,shop-11,Sat Jul 04 2026 00:00:00 GMT+0700 (Indochina Time),0,synthetic-preference-rule,0.2,0.1,2,0,0,0,1,0,397,1,8.7852,0,0.526,0.5829,1,100,1
dat2-pair-0903,mock-reco-v1,20260902,1,1,train,2,dat2,product-065,cat-beauty,shop-02,Sat Jul 04 2026 08:57:00 GMT+0700 (Indochina Time),1,synthetic-preference-rule,1,0.1,5,1,0,1,1,0,473,0.419,9.3637,0,0.9151,0.9714,1,100,1
dat2-pair-0904,mock-reco-v1,20260902,1,1,train,3,dat2,product-032,cat-kitchen,shop-02,Mon Jul 06 2026 05:58:00 GMT+0700 (Indochina Time),0,synthetic-preference-rule,0.2,0.1,2,0,0,1,1,0,377,1,9.3026,0,0.9973,0.44,1,100,1
dat2-pair-0905,mock-reco-v1,20260902,1,1,train,4,dat2,product-084,cat-mother-baby,shop-02,Mon Jul 06 2026 15:03:00 GMT+0700 (Indochina Time),1,synthetic-preference-rule,1,0.1,6,1,0,0,1,0,408,1,7.5725,0,0.8795,0.8286,1,100,1
dat2-pair-0906,mock-reco-v1,20260902,1,1,heldout,0,dat2,product-103,cat-pets,shop-03,Tue Jul 07 2026 12:04:00 GMT+0700 (Indochina Time),0,synthetic-preference-rule,0.2,0.1,1,1,0,0,1,0,372,0.286,5.5607,0,0.6548,0.4971,0,100,1
dat2-pair-0907,mock-reco-v1,20260902,1,1,train,1,dat2,product-009,cat-electronics,shop-05,Wed Jul 08 2026 21:01:00 GMT+0700 (Indochina Time),1,synthetic-preference-rule,0.2,1,5,1,1,1,1,0,405,1,9.0851,0,0.9918,0.5257,1,100,1
dat2-pair-0908,mock-reco-v1,20260902,1,1,train,2,dat2,product-010,cat-electronics,shop-10,Thu Jul 09 2026 18:02:00 GMT+0700 (Indochina Time),0,synthetic-preference-rule,0.2,0.1,1,1,0,0,1,0,442,0.368,9.2536,0,0.989,0.5543,1,100,1
dat2-pair-0909,mock-reco-v1,20260902,1,1,train,3,dat2,product-048,cat-fashion-women,shop-11,Sat Jul 11 2026 02:51:00 GMT+0700 (Indochina Time),1,synthetic-preference-rule,1,0.1,5,1,0,0,1,0,476,1,7.8785,0,0.7151,0.9429,1,100,1
dat2-pair-0910,mock-reco-v1,20260902,1,1,train,4,dat2,product-039,cat-kitchen,shop-02,Sat Jul 11 2026 23:52:00 GMT+0700 (Indochina Time),0,synthetic-preference-rule,0.2,0.1,2,0,0,0,1,0,458,1,7.3382,0,0.9726,0.6114,1,100,1
dat2-pair-0911,mock-reco-v1,20260902,1,1,heldout,0,dat2,product-074,cat-sports,shop-12,Sun Jul 12 2026 07:38:00 GMT+0700 (Indochina Time),1,synthetic-preference-rule,1,0.1,5,1,0,0,1,0,427,1,7.0326,0,0.5096,0.8,1,100,1
dat2-pair-0912,mock-reco-v1,20260902,1,1,train,1,dat2,product-108,cat-pets,shop-04,Mon Jul 13 2026 10:37:00 GMT+0700 (Indochina Time),0,synthetic-preference-rule,0.2,0.1,2,0,0,0,0.5833,0,483,0.229,8.3345,0,0.6685,0.4686,1,100,1
dat2-pair-0913,mock-reco-v1,20260902,1,1,train,2,dat2,product-097,cat-books,shop-09,Wed Jul 15 2026 01:40:00 GMT+0700 (Indochina Time),1,synthetic-preference-rule,0.2,1,4,1,1,1,1,0,414,0.77,7.0335,0,0.9836,0.4971,1,100,1
dat2-pair-0914,mock-reco-v1,20260902,1,1,train,3,dat2,product-017,cat-computers,shop-10,Thu Jul 16 2026 04:39:00 GMT+0700 (Indochina Time),0,synthetic-preference-rule,0.2,0.1,2,0,0,1,1,0,430,1,9.3026,0,0.6767,0.5257,1,100,1
dat2-pair-0915,mock-reco-v1,20260902,1,1,train,4,dat2,product-035,cat-kitchen,shop-05,Thu Jul 16 2026 19:34:00 GMT+0700 (Indochina Time),1,synthetic-preference-rule,0.2,1,5,1,1,1,1,0,436,1,8.7177,0,0.9836,0.5543,0,100,1
dat2-pair-0916,mock-reco-v1,20260902,1,1,heldout,0,dat2,product-055,cat-fashion-men,shop-11,Fri Jul 17 2026 22:33:00 GMT+0700 (Indochina Time),0,synthetic-preference-rule,0.2,0.1,1,1,0,0,0.7778,0,474,0.392,7.7017,0,0.8027,0.5829,1,100,1
dat2-pair-0917,mock-reco-v1,20260902,1,1,train,1,dat2,product-064,cat-beauty,shop-09,Sat Jul 18 2026 13:36:00 GMT+0700 (Indochina Time),1,synthetic-preference-rule,1,1,5,0,1,1,1,0,480,0.362,9.2141,0,0.9288,0.9714,1,100,1
dat2-pair-0918,mock-reco-v1,20260902,1,1,train,2,dat2,product-113,cat-grocery,shop-06,Sun Jul 19 2026 16:35:00 GMT+0700 (Indochina Time),0,synthetic-preference-rule,0.2,0.1,1,1,0,0,1,0,433,0.955,8.6873,0,0.6301,0.44,1,100,1
dat2-pair-0919,mock-reco-v1,20260902,1,1,train,3,dat2,product-083,cat-mother-baby,shop-09,Mon Jul 20 2026 07:30:00 GMT+0700 (Indochina Time),1,synthetic-preference-rule,1,1,5,1,1,1,1,0,371,1,5.7838,0,0.8822,0.8286,1,100,1
dat2-pair-0920,mock-reco-v1,20260902,1,1,train,4,dat2,product-022,cat-home,shop-11,Tue Jul 21 2026 10:29:00 GMT+0700 (Indochina Time),0,synthetic-preference-rule,0.2,0.1,2,0,0,0,1,0,408,1,9.2266,0,0.8904,0.4971,1,100,1
dat2-pair-0921,mock-reco-v1,20260902,1,1,heldout,0,dat2,product-007,cat-electronics,shop-07,Wed Jul 22 2026 09:37:00 GMT+0700 (Indochina Time),1,synthetic-preference-rule,0.2,1,6,1,1,0,1,0,419,0.197,4.1109,0,0.537,0.5257,1,100,1
dat2-pair-0922,mock-reco-v1,20260902,1,1,train,1,dat2,product-091,cat-books,shop-02,Fri Jul 24 2026 06:38:00 GMT+0700 (Indochina Time),0,synthetic-preference-rule,0.2,0.1,2,0,0,0,1,0,488,1,8.383,1,0.9671,0.5543,1,100,1
dat2-pair-0923,mock-reco-v1,20260902,1,1,train,2,dat2,product-047,cat-fashion-women,shop-06,Sat Jul 25 2026 03:39:00 GMT+0700 (Indochina Time),1,synthetic-preference-rule,1,0.1,5,1,0,0,1,0,439,0.363,6.9285,0,0.7178,0.9429,1,100,1
dat2-pair-0924,mock-reco-v1,20260902,1,1,train,3,dat2,product-119,cat-grocery,shop-12,Sun Jul 26 2026 00:40:00 GMT+0700 (Indochina Time),0,synthetic-preference-rule,0.2,0.1,1,0,0,1,0.75,0,425,0.345,8.2,0,0.6137,0.6114,1,100,1
dat2-pair-0925,mock-reco-v1,20260902,1,1,train,4,dat2,product-073,cat-sports,shop-07,Sun Jul 26 2026 21:41:00 GMT+0700 (Indochina Time),1,synthetic-preference-rule,1,1,5,1,1,0,1,0,464,1,7.9201,0,1,0.8,1,100,1
dat2-pair-0926,mock-reco-v1,20260902,1,1,heldout,0,dat2,product-028,cat-home,shop-06,Mon Jul 27 2026 18:42:00 GMT+0700 (Indochina Time),0,synthetic-preference-rule,0.2,0.1,1,1,0,0,0.9444,0,378,0.482,8.843,0,0.9068,0.4686,1,100,1
dat2-pair-0927,mock-reco-v1,20260902,1,1,train,1,dat2,product-094,cat-books,shop-05,Tue Jul 28 2026 15:43:00 GMT+0700 (Indochina Time),1,synthetic-preference-rule,0.2,1,5,1,1,0,0.4722,1,399,1,8.698,0,0.9753,0.4971,1,100,1
dat2-pair-0928,mock-reco-v1,20260902,1,1,train,2,dat2,product-098,cat-books,shop-02,Wed Jul 29 2026 12:44:00 GMT+0700 (Indochina Time),0,synthetic-preference-rule,0.2,0.1,2,0,0,0,0.1944,1,377,1,9.3514,0,0.9863,0.5257,1,100,1
dat2-pair-0929,mock-reco-v1,20260902,1,1,train,3,dat2,product-033,cat-kitchen,shop-07,Thu Jul 30 2026 09:45:00 GMT+0700 (Indochina Time),1,synthetic-preference-rule,0.2,1,4,1,1,1,1,0,466,1,9.1429,0,0.989,0.5543,1,100,1
dat2-pair-0930,mock-reco-v1,20260902,1,1,train,4,dat2,product-004,cat-electronics,shop-04,Sat Aug 01 2026 06:46:00 GMT+0700 (Indochina Time),0,synthetic-preference-rule,0.2,0.1,2,0,0,0,1,0,434,0.254,9.0065,0,0.5233,0.5829,1,100,1
dat2-pair-0931,mock-reco-v1,20260902,1,1,heldout,0,dat2,product-063,cat-beauty,shop-04,Sat Aug 01 2026 12:08:00 GMT+0700 (Indochina Time),1,synthetic-preference-rule,1,0.1,5,1,0,1,1,0,443,1,9.0382,0,0.9315,0.9714,1,100,1
dat2-pair-0932,mock-reco-v1,20260902,1,1,train,1,dat2,product-034,cat-kitchen,shop-12,Sun Aug 02 2026 15:07:00 GMT+0700 (Indochina Time),0,synthetic-preference-rule,0.2,0.1,2,0,0,0,1,0,429,1,8.9527,1,0.9918,0.44,1,100,1
dat2-pair-0933,mock-reco-v1,20260902,1,1,train,2,dat2,product-082,cat-mother-baby,shop-04,Mon Aug 03 2026 18:06:00 GMT+0700 (Indochina Time),1,synthetic-preference-rule,1,0.1,6,0,0,1,1,0,482,0.798,8.5529,0,0.8849,0.8286,1,100,1
dat2-pair-0934,mock-reco-v1,20260902,1,1,train,3,dat2,product-105,cat-pets,shop-01,Tue Aug 04 2026 21:05:00 GMT+0700 (Indochina Time),0,synthetic-preference-rule,0.2,0.1,1,0,0,1,1,0,446,0.172,9.1074,0,0.6603,0.4971,1,100,1
dat2-pair-0935,mock-reco-v1,20260902,1,1,train,4,dat2,product-005,cat-electronics,shop-09,Thu Aug 06 2026 00:12:00 GMT+0700 (Indochina Time),1,synthetic-preference-rule,0.2,1,5,1,1,1,1,0,471,1,8.1014,0,0.5315,0.5257,1,100,1
dat2-pair-0936,mock-reco-v1,20260902,1,1,heldout,0,dat2,product-011,cat-computers,shop-03,Fri Aug 07 2026 03:11:00 GMT+0700 (Indochina Time),0,synthetic-preference-rule,0.2,0.1,1,1,0,0,1,0,378,0.384,7.698,1,0.6603,0.5543,1,100,1
dat2-pair-0937,mock-reco-v1,20260902,1,1,train,1,dat2,product-046,cat-fashion-women,shop-01,Sat Aug 08 2026 06:10:00 GMT+0700 (Indochina Time),1,synthetic-preference-rule,1,0.1,5,1,0,0,1,0,424,1,8.679,1,0.7205,0.9429,1,100,1
dat2-pair-0938,mock-reco-v1,20260902,1,1,train,2,dat2,product-051,cat-fashion-men,shop-03,Sat Aug 08 2026 09:09:00 GMT+0700 (Indochina Time),0,synthetic-preference-rule,0.2,0.1,2,0,0,0,0.1111,1,452,1,8.8582,1,0.8137,0.6114,1,100,1
dat2-pair-0939,mock-reco-v1,20260902,1,1,train,3,dat2,product-072,cat-sports,shop-01,Sun Aug 09 2026 12:16:00 GMT+0700 (Indochina Time),1,synthetic-preference-rule,1,0.1,5,1,0,0,0.1389,1,375,1,8.3827,0,0.5151,0.8,1,100,1
dat2-pair-0940,mock-reco-v1,20260902,1,1,train,4,dat2,product-109,cat-pets,shop-10,Mon Aug 10 2026 15:15:00 GMT+0700 (Indochina Time),0,synthetic-preference-rule,0.2,0.1,2,0,0,0,1,0,380,0.4,8.4007,0,0.6274,0.4686,1,100,1
dat2-pair-0941,mock-reco-v1,20260902,1,1,heldout,0,dat2,product-092,cat-books,shop-07,Tue Aug 11 2026 21:03:00 GMT+0700 (Indochina Time),1,synthetic-preference-rule,0.2,1,5,1,1,0,1,0,451,0.827,7.9204,0,0.9699,0.4971,1,100,1
dat2-pair-0942,mock-reco-v1,20260902,1,1,train,1,dat2,product-018,cat-computers,shop-03,Wed Aug 12 2026 18:04:00 GMT+0700 (Indochina Time),0,synthetic-preference-rule,0.2,0.1,2,0,0,0,1,0,393,1,9.1428,0,0.6795,0.5257,0,100,1
dat2-pair-0943,mock-reco-v1,20260902,1,1,train,2,dat2,product-031,cat-kitchen,shop-09,Fri Aug 14 2026 03:01:00 GMT+0700 (Indochina Time),1,synthetic-preference-rule,0.2,1,5,1,1,0,1,0,414,0.594,6.3733,1,0.9945,0.5543,1,100,1
dat2-pair-0944,mock-reco-v1,20260902,1,1,train,3,dat2,product-056,cat-fashion-men,shop-04,Sat Aug 15 2026 00:02:00 GMT+0700 (Indochina Time),0,synthetic-preference-rule,0.2,0.1,1,1,0,0,1,0,437,1,9.3834,1,0.8055,0.5829,1,100,1
dat2-pair-0945,mock-reco-v1,20260902,1,1,train,4,dat2,product-062,cat-beauty,shop-11,Sat Aug 15 2026 08:59:00 GMT+0700 (Indochina Time),1,synthetic-preference-rule,1,0.1,4,1,0,1,1,0,406,1,8.8247,0,0.9233,0.9714,1,100,1
dat2-pair-0946,mock-reco-v1,20260902,1,1,heldout,0,dat2,product-114,cat-grocery,shop-11,Mon Aug 17 2026 06:00:00 GMT+0700 (Indochina Time),0,synthetic-preference-rule,0.2,0.1,1,1,0,0,1,0,470,1,8.9288,0,0.6274,0.44,1,100,1
dat2-pair-0947,mock-reco-v1,20260902,1,1,train,1,dat2,product-081,cat-mother-baby,shop-11,Mon Aug 17 2026 14:57:00 GMT+0700 (Indochina Time),1,synthetic-preference-rule,1,0.1,5,1,0,1,1,0,445,0.017,8.1784,1,0.8877,0.8286,1,100,1
dat2-pair-0948,mock-reco-v1,20260902,1,1,train,2,dat2,product-023,cat-home,shop-04,Tue Aug 18 2026 11:58:00 GMT+0700 (Indochina Time),0,synthetic-preference-rule,0.2,0.1,2,0,0,0,1,0,445,1,9.3744,1,0.8986,0.4971,1,100,1
dat2-pair-0949,mock-reco-v1,20260902,1,1,train,3,dat2,product-120,cat-grocery,shop-05,Wed Aug 19 2026 21:11:00 GMT+0700 (Indochina Time),1,synthetic-preference-rule,0.2,1,6,0,1,1,1,0,462,1,8.5679,0,0.611,0.5257,0,100,1
dat2-pair-0950,mock-reco-v1,20260902,1,1,train,4,dat2,product-093,cat-books,shop-12,Thu Aug 20 2026 18:12:00 GMT+0700 (Indochina Time),0,synthetic-preference-rule,0.2,0.1,2,0,0,0,1,0,436,0.046,8.9372,0,0.9726,0.5543,1,100,1
dat2-pair-0951,mock-reco-v1,20260902,1,1,heldout,0,dat2,product-045,cat-fashion-women,shop-08,Fri Aug 21 2026 23:34:00 GMT+0700 (Indochina Time),1,synthetic-preference-rule,1,1,5,1,1,1,0.1944,1,387,1,8.3568,1,0.7233,0.9429,1,100,1
dat2-pair-0952,mock-reco-v1,20260902,1,1,train,1,dat2,product-001,cat-electronics,shop-01,Sun Aug 23 2026 02:33:00 GMT+0700 (Indochina Time),0,synthetic-preference-rule,0.2,0.1,2,0,0,1,1,0,449,1,9.1876,1,0.5205,0.6114,0,100,1
dat2-pair-0953,mock-reco-v1,20260902,1,1,train,2,dat2,product-071,cat-sports,shop-08,Sun Aug 23 2026 17:36:00 GMT+0700 (Indochina Time),1,synthetic-preference-rule,1,1,5,1,1,0,1,0,412,0.334,8.6978,1,0.5123,0.8,1,100,1
dat2-pair-0954,mock-reco-v1,20260902,1,1,train,3,dat2,product-029,cat-home,shop-11,Mon Aug 24 2026 20:35:00 GMT+0700 (Indochina Time),0,synthetic-preference-rule,0.2,0.1,1,1,0,0,1,0,415,1,9.1587,0,0.9151,0.4686,1,100,1
dat2-pair-0955,mock-reco-v1,20260902,1,1,train,4,dat2,product-090,cat-mother-baby,shop-09,Tue Aug 25 2026 11:38:00 GMT+0700 (Indochina Time),1,synthetic-preference-rule,1,1,5,1,1,0,1,0,400,1,8.7216,0,0.9068,0.8571,1,100,1
dat2-pair-0956,mock-reco-v1,20260902,1,1,heldout,0,dat2,product-100,cat-books,shop-12,Wed Aug 26 2026 14:37:00 GMT+0700 (Indochina Time),0,synthetic-preference-rule,0.2,0.1,1,1,0,0,1,0,495,1,8.2174,1,0.9918,0.5257,1,100,1
dat2-pair-0957,mock-reco-v1,20260902,1,1,train,1,dat2,product-026,cat-home,shop-08,Fri Aug 28 2026 05:40:00 GMT+0700 (Indochina Time),1,synthetic-preference-rule,0.2,1,5,1,1,1,1,0,430,1,8.001,1,0.9014,0.5543,1,100,1
dat2-pair-0958,mock-reco-v1,20260902,1,1,train,2,dat2,product-006,cat-electronics,shop-02,Fri Aug 28 2026 08:39:00 GMT+0700 (Indochina Time),0,synthetic-preference-rule,0.2,0.1,2,0,0,0,1,0,382,0.14,8.5007,1,0.5288,0.5829,1,100,1
dat2-pair-0959,mock-reco-v1,20260902,1,1,train,3,dat2,product-061,cat-beauty,shop-06,Sat Aug 29 2026 23:26:00 GMT+0700 (Indochina Time),1,synthetic-preference-rule,1,0.1,5,1,0,0,1,0,495,1,8.5528,1,0.926,0.9714,1,100,1
dat2-pair-0960,mock-reco-v1,20260902,1,1,train,4,dat2,product-036,cat-kitchen,shop-10,Tue Jun 02 2026 02:25:00 GMT+0700 (Indochina Time),0,synthetic-preference-rule,0.2,0.1,2,0,0,0,1,0,399,1,8.4098,1,0.9863,0.44,1,100,1
dat2-pair-0961,mock-reco-v1,20260902,1,1,heldout,0,dat2,product-080,cat-sports,shop-06,Wed Jun 03 2026 02:05:00 GMT+0700 (Indochina Time),1,synthetic-preference-rule,1,0.1,4,1,0,1,1,0,457,0.505,8.1371,0,0.9863,0.8286,1,100,1
dat2-pair-0962,mock-reco-v1,20260902,1,1,train,1,dat2,product-106,cat-pets,shop-06,Wed Jun 03 2026 23:06:00 GMT+0700 (Indochina Time),0,synthetic-preference-rule,0.2,0.1,2,0,0,1,1,0,409,1,8.9096,1,0.663,0.4971,1,100,1
dat2-pair-0963,mock-reco-v1,20260902,1,1,train,2,dat2,product-118,cat-grocery,shop-07,Thu Jun 04 2026 20:07:00 GMT+0700 (Indochina Time),1,synthetic-preference-rule,0.2,1,6,1,1,1,0.5556,0,448,0.06,6.9754,0,0.6384,0.5257,1,100,1
dat2-pair-0964,mock-reco-v1,20260902,1,1,train,3,dat2,product-013,cat-computers,shop-02,Fri Jun 05 2026 17:08:00 GMT+0700 (Indochina Time),0,synthetic-preference-rule,0.2,0.1,1,1,0,0,1,0,452,1,8.6019,0,0.6658,0.5543,1,100,1
dat2-pair-0965,mock-reco-v1,20260902,1,1,train,4,dat2,product-044,cat-fashion-women,shop-03,Sat Jun 06 2026 14:01:00 GMT+0700 (Indochina Time),1,synthetic-preference-rule,1,0.1,6,0,0,1,1,0,372,1,9.1178,0,0.726,0.9429,1,100,1
dat2-pair-0966,mock-reco-v1,20260902,1,1,heldout,0,dat2,product-053,cat-fashion-men,shop-01,Sun Jun 07 2026 11:02:00 GMT+0700 (Indochina Time),0,synthetic-preference-rule,0.2,0.1,1,1,0,0,1,0,400,1,9.237,0,0.8192,0.6114,1,100,1
dat2-pair-0967,mock-reco-v1,20260902,1,1,train,1,dat2,product-070,cat-beauty,shop-03,Mon Jun 08 2026 08:03:00 GMT+0700 (Indochina Time),1,synthetic-preference-rule,1,0.1,4,1,0,0,0.7778,0,488,0.972,8.6739,0,0.9014,0.8,1,100,1
dat2-pair-0968,mock-reco-v1,20260902,1,1,train,2,dat2,product-110,cat-pets,shop-03,Wed Jun 10 2026 05:04:00 GMT+0700 (Indochina Time),0,synthetic-preference-rule,0.2,0.1,2,0,0,0,1,0,469,1,7.9484,0,0.6301,0.4686,1,100,1
dat2-pair-0969,mock-reco-v1,20260902,1,1,train,3,dat2,product-089,cat-mother-baby,shop-04,Thu Jun 11 2026 01:57:00 GMT+0700 (Indochina Time),1,synthetic-preference-rule,1,0.1,5,1,0,0,1,0,489,0.969,8.4152,1,0.9096,0.8571,1,100,1
dat2-pair-0970,mock-reco-v1,20260902,1,1,train,4,dat2,product-020,cat-computers,shop-01,Thu Jun 11 2026 22:58:00 GMT+0700 (Indochina Time),0,synthetic-preference-rule,0.2,0.1,2,0,0,0,1,0,423,1,9.3616,0,0.6411,0.5257,1,100,1
dat2-pair-0971,mock-reco-v1,20260902,1,1,heldout,0,dat2,product-024,cat-home,shop-09,Sat Jun 13 2026 04:36:00 GMT+0700 (Indochina Time),1,synthetic-preference-rule,0.2,1,5,1,1,0,0.2778,1,482,1,7.2457,0,0.8959,0.5543,1,100,1
dat2-pair-0972,mock-reco-v1,20260902,1,1,train,1,dat2,product-058,cat-fashion-men,shop-02,Sat Jun 13 2026 07:35:00 GMT+0700 (Indochina Time),0,synthetic-preference-rule,0.2,0.1,2,0,0,1,1,0,385,0.449,8.2509,0,0.811,0.5829,1,100,1
dat2-pair-0973,mock-reco-v1,20260902,1,1,train,2,dat2,product-059,cat-fashion-men,shop-07,Sun Jun 14 2026 10:34:00 GMT+0700 (Indochina Time),1,synthetic-preference-rule,0.2,1,5,1,1,1,1,0,408,1,9.0697,0,0.8356,0.6114,1,100,1
dat2-pair-0974,mock-reco-v1,20260902,1,1,train,3,dat2,product-115,cat-grocery,shop-04,Mon Jun 15 2026 13:33:00 GMT+0700 (Indochina Time),0,synthetic-preference-rule,0.2,0.1,1,1,0,0,1,0,485,0.117,9.0135,0,0.6466,0.44,1,100,1
dat2-pair-0975,mock-reco-v1,20260902,1,1,train,4,dat2,product-079,cat-sports,shop-01,Tue Jun 16 2026 16:32:00 GMT+0700 (Indochina Time),1,synthetic-preference-rule,1,0.1,5,1,0,0,1,0,494,1,8.5248,0,0.9836,0.8286,1,100,1
dat2-pair-0976,mock-reco-v1,20260902,1,1,heldout,0,dat2,product-025,cat-home,shop-03,Wed Jun 17 2026 19:31:00 GMT+0700 (Indochina Time),0,synthetic-preference-rule,0.2,0.1,1,1,0,0,1,0,393,1,7.2189,0,0.9041,0.4971,1,100,1
dat2-pair-0977,mock-reco-v1,20260902,1,1,train,1,dat2,product-116,cat-grocery,shop-09,Thu Jun 18 2026 22:30:00 GMT+0700 (Indochina Time),1,synthetic-preference-rule,0.2,1,4,1,1,1,1,0,396,0.898,9.1934,1,0.6438,0.5257,1,100,1
dat2-pair-0978,mock-reco-v1,20260902,1,1,train,2,dat2,product-095,cat-books,shop-10,Sat Jun 20 2026 01:29:00 GMT+0700 (Indochina Time),0,synthetic-preference-rule,0.2,0.1,2,0,0,0,1,0,466,1,9.1999,0,0.9781,0.5543,1,100,1
dat2-pair-0979,mock-reco-v1,20260902,1,1,train,3,dat2,product-043,cat-fashion-women,shop-10,Sun Jun 21 2026 04:28:00 GMT+0700 (Indochina Time),1,synthetic-preference-rule,1,0.1,6,1,0,1,1,0,461,1,8.9223,0,0.7288,0.9429,1,100,1
dat2-pair-0980,mock-reco-v1,20260902,1,1,train,4,dat2,product-002,cat-electronics,shop-06,Sun Jun 21 2026 07:27:00 GMT+0700 (Indochina Time),0,synthetic-preference-rule,0.2,0.1,2,0,0,0,1,0,486,1,9.3408,0,0.5178,0.6114,1,100,1
dat2-pair-0981,mock-reco-v1,20260902,1,1,heldout,0,dat2,product-069,cat-beauty,shop-10,Mon Jun 22 2026 22:51:00 GMT+0700 (Indochina Time),1,synthetic-preference-rule,1,0.1,6,0,0,1,1,0,451,0.191,8.3497,0,0.9041,0.8,0,100,1
dat2-pair-0982,mock-reco-v1,20260902,1,1,train,1,dat2,product-030,cat-home,shop-04,Tue Jun 23 2026 19:52:00 GMT+0700 (Indochina Time),0,synthetic-preference-rule,0.2,0.1,1,0,0,1,1,0,452,1,9.3161,0,0.9123,0.4686,1,100,1
dat2-pair-0983,mock-reco-v1,20260902,1,1,train,2,dat2,product-088,cat-mother-baby,shop-11,Thu Jun 25 2026 04:49:00 GMT+0700 (Indochina Time),1,synthetic-preference-rule,1,0.1,4,1,0,0,1,0,430,0.684,9.0384,0,0.8904,0.8571,1,100,1
dat2-pair-0984,mock-reco-v1,20260902,1,1,train,3,dat2,product-102,cat-pets,shop-10,Fri Jun 26 2026 01:50:00 GMT+0700 (Indochina Time),0,synthetic-preference-rule,0.2,0.1,1,1,0,0,1,0,387,1,7.5385,0,0.6521,0.5257,1,100,1
dat2-pair-0985,mock-reco-v1,20260902,1,1,train,4,dat2,product-019,cat-computers,shop-08,Fri Jun 26 2026 10:55:00 GMT+0700 (Indochina Time),1,synthetic-preference-rule,0.2,1,5,1,1,0,1,0,460,1,7.1325,0,0.6384,0.5543,1,100,1
dat2-pair-0986,mock-reco-v1,20260902,1,1,heldout,0,dat2,product-008,cat-electronics,shop-12,Sat Jun 27 2026 07:56:00 GMT+0700 (Indochina Time),0,synthetic-preference-rule,0.2,0.1,2,0,0,0,0.7222,0,456,0.978,7.4265,0,0.5342,0.5829,1,100,1
dat2-pair-0987,mock-reco-v1,20260902,1,1,train,1,dat2,product-057,cat-fashion-men,shop-09,Sun Jun 28 2026 16:53:00 GMT+0700 (Indochina Time),1,synthetic-preference-rule,0.2,1,5,0,1,1,1,0,422,1,8.6034,0,0.8082,0.6114,1,100,1
dat2-pair-0988,mock-reco-v1,20260902,1,1,train,2,dat2,product-037,cat-kitchen,shop-04,Mon Jun 29 2026 13:54:00 GMT+0700 (Indochina Time),0,synthetic-preference-rule,0.2,0.1,2,0,0,0,1,0,488,1,7.9628,0,0.9781,0.44,1,100,1
dat2-pair-0989,mock-reco-v1,20260902,1,1,train,3,dat2,product-078,cat-sports,shop-08,Tue Jun 30 2026 22:59:00 GMT+0700 (Indochina Time),1,synthetic-preference-rule,1,1,5,1,1,1,1,0,405,1,8.9371,1,0.5205,0.8286,1,100,1
dat2-pair-0990,mock-reco-v1,20260902,1,1,train,4,dat2,product-107,cat-pets,shop-11,Wed Jul 01 2026 20:00:00 GMT+0700 (Indochina Time),0,synthetic-preference-rule,0.2,0.1,2,0,0,0,1,0,394,1,8.6629,0,0.6658,0.4971,1,100,1
dat2-pair-0991,mock-reco-v1,20260902,1,1,heldout,0,dat2,product-111,cat-grocery,shop-08,Fri Jul 03 2026 01:22:00 GMT+0700 (Indochina Time),1,synthetic-preference-rule,0.2,1,5,1,1,0,1,0,381,1,7.8969,1,0.6356,0.5257,1,100,1
dat2-pair-0992,mock-reco-v1,20260902,1,1,train,1,dat2,product-015,cat-computers,shop-12,Sat Jul 04 2026 04:21:00 GMT+0700 (Indochina Time),0,synthetic-preference-rule,0.2,0.1,1,0,0,1,1,0,482,1,8.9526,0,0.6712,0.5543,1,100,1
dat2-pair-0993,mock-reco-v1,20260902,1,1,train,2,dat2,product-042,cat-fashion-women,shop-05,Sat Jul 04 2026 19:24:00 GMT+0700 (Indochina Time),1,synthetic-preference-rule,1,1,5,1,1,1,1,0,446,0.306,5.8693,0,0.7315,0.9429,1,100,1
dat2-pair-0994,mock-reco-v1,20260902,1,1,train,3,dat2,product-054,cat-fashion-men,shop-06,Sun Jul 05 2026 22:23:00 GMT+0700 (Indochina Time),0,synthetic-preference-rule,0.2,0.1,1,1,0,0,1,0,489,1,9.0654,0,0.8219,0.6114,1,100,1
dat2-pair-0995,mock-reco-v1,20260902,1,1,train,4,dat2,product-068,cat-beauty,shop-05,Mon Jul 06 2026 13:18:00 GMT+0700 (Indochina Time),1,synthetic-preference-rule,1,1,6,1,1,1,1,0,458,1,8.4149,0,0.9178,0.8,1,100,1
dat2-pair-0996,mock-reco-v1,20260902,1,1,heldout,0,dat2,product-112,cat-grocery,shop-01,Tue Jul 07 2026 16:17:00 GMT+0700 (Indochina Time),0,synthetic-preference-rule,0.2,0.1,2,0,0,0,1,0,418,0.174,8.3682,0,0.6329,0.4686,1,100,1
dat2-pair-0997,mock-reco-v1,20260902,1,1,train,1,dat2,product-087,cat-mother-baby,shop-06,Wed Jul 08 2026 07:20:00 GMT+0700 (Indochina Time),1,synthetic-preference-rule,1,0.1,5,1,0,0,1,0,393,1,8.8248,0,0.8932,0.8571,1,100,1
dat2-pair-0998,mock-reco-v1,20260902,1,1,train,2,dat2,product-021,cat-home,shop-06,Thu Jul 09 2026 10:19:00 GMT+0700 (Indochina Time),0,synthetic-preference-rule,0.2,0.1,2,0,0,0,1,0,371,0.539,9.0531,1,0.8932,0.5257,1,100,1
dat2-pair-0999,mock-reco-v1,20260902,1,1,train,3,dat2,product-016,cat-computers,shop-05,Sat Jul 11 2026 01:30:00 GMT+0700 (Indochina Time),1,synthetic-preference-rule,0.2,1,4,1,1,0,1,0,445,0.327,8.7175,1,0.674,0.5543,1,100,1
dat2-pair-1000,mock-reco-v1,20260902,1,1,train,4,dat2,product-060,cat-fashion-men,shop-12,Sun Jul 12 2026 04:29:00 GMT+0700 (Indochina Time),0,synthetic-preference-rule,0.2,0.1,2,0,0,0,1,0,371,1,8.8635,0,0.8384,0.5829,1,100,1
dat2-pair-1001,mock-reco-v1,20260902,1,1,heldout,0,dat2,product-052,cat-fashion-men,shop-08,Sun Jul 12 2026 20:57:00 GMT+0700 (Indochina Time),1,synthetic-preference-rule,0.2,1,5,1,1,0,1,0,415,0.335,8.5966,0,0.8164,0.6114,0,100,1
dat2-pair-1002,mock-reco-v1,20260902,1,1,train,1,dat2,product-117,cat-grocery,shop-02,Mon Jul 13 2026 17:58:00 GMT+0700 (Indochina Time),0,synthetic-preference-rule,0.2,0.1,1,1,0,0,1,0,411,1,9.3458,0,0.6411,0.44,1,100,1
dat2-pair-1003,mock-reco-v1,20260902,1,1,train,2,dat2,product-077,cat-sports,shop-03,Tue Jul 14 2026 14:59:00 GMT+0700 (Indochina Time),1,synthetic-preference-rule,1,0.1,5,0,0,1,1,0,442,0.22,9.13,0,0.5178,0.8286,1,100,1
dat2-pair-1004,mock-reco-v1,20260902,1,1,train,3,dat2,product-027,cat-home,shop-01,Wed Jul 15 2026 12:00:00 GMT+0700 (Indochina Time),0,synthetic-preference-rule,0.2,0.1,1,1,0,0,1,0,467,1,8.5768,0,0.9096,0.4971,1,100,1
dat2-pair-1005,mock-reco-v1,20260902,1,1,train,4,dat2,product-104,cat-pets,shop-08,Thu Jul 16 2026 09:01:00 GMT+0700 (Indochina Time),1,synthetic-preference-rule,0.2,1,5,1,1,1,0.0833,1,461,1,9.2725,0,0.6575,0.5257,1,100,1
dat2-pair-1006,mock-reco-v1,20260902,1,1,heldout,0,dat2,product-096,cat-books,shop-03,Sat Jul 18 2026 06:02:00 GMT+0700 (Indochina Time),0,synthetic-preference-rule,0.2,0.1,2,0,0,0,1,0,429,1,9.0212,1,0.9808,0.5543,1,100,1
dat2-pair-1007,mock-reco-v1,20260902,1,1,train,1,dat2,product-041,cat-fashion-women,shop-12,Sun Jul 19 2026 03:03:00 GMT+0700 (Indochina Time),1,synthetic-preference-rule,1,0.1,5,1,0,0,1,0,409,1,9.2813,1,0.7342,0.9429,1,100,1
dat2-pair-1008,mock-reco-v1,20260902,1,1,train,2,dat2,product-003,cat-electronics,shop-11,Mon Jul 20 2026 00:04:00 GMT+0700 (Indochina Time),0,synthetic-preference-rule,0.2,0.1,2,0,0,0,1,0,397,1,8.7852,0,0.526,0.6114,1,100,1
dat2-pair-1009,mock-reco-v1,20260902,1,1,train,3,dat2,product-067,cat-beauty,shop-12,Mon Jul 20 2026 20:49:00 GMT+0700 (Indochina Time),1,synthetic-preference-rule,1,0.1,5,1,0,1,1,0,421,1,7.9707,1,0.9205,0.8,1,100,1
dat2-pair-1010,mock-reco-v1,20260902,1,1,train,4,dat2,product-032,cat-kitchen,shop-02,Tue Jul 21 2026 17:50:00 GMT+0700 (Indochina Time),0,synthetic-preference-rule,0.2,0.1,2,0,0,1,1,0,377,1,9.3026,0,0.9973,0.4686,1,100,1
dat2-pair-1011,mock-reco-v1,20260902,1,1,heldout,0,dat2,product-086,cat-mother-baby,shop-01,Wed Jul 22 2026 23:28:00 GMT+0700 (Indochina Time),1,synthetic-preference-rule,1,0.1,6,1,0,1,1,0,378,1,9.3637,1,0.8959,0.8571,0,100,1
dat2-pair-1012,mock-reco-v1,20260902,1,1,train,1,dat2,product-103,cat-pets,shop-03,Fri Jul 24 2026 02:27:00 GMT+0700 (Indochina Time),0,synthetic-preference-rule,0.2,0.1,1,1,0,0,1,0,372,0.286,5.5607,0,0.6548,0.5257,0,100,1
dat2-pair-1013,mock-reco-v1,20260902,1,1,train,2,dat2,product-014,cat-computers,shop-07,Sat Jul 25 2026 05:26:00 GMT+0700 (Indochina Time),1,synthetic-preference-rule,0.2,1,5,1,1,0,1,0,415,0.441,8.2488,0,0.6685,0.5543,1,100,1
dat2-pair-1014,mock-reco-v1,20260902,1,1,train,3,dat2,product-010,cat-electronics,shop-10,Sat Jul 25 2026 08:25:00 GMT+0700 (Indochina Time),0,synthetic-preference-rule,0.2,0.1,1,1,0,0,1,0,442,0.368,9.2536,0,0.989,0.5829,1,100,1
dat2-pair-1015,mock-reco-v1,20260902,1,1,train,4,dat2,product-050,cat-fashion-women,shop-10,Sun Jul 26 2026 11:32:00 GMT+0700 (Indochina Time),1,synthetic-preference-rule,1,0.1,4,1,0,0,1,0,490,1,9.3415,0,0.7534,0.9714,1,100,1
dat2-pair-1016,mock-reco-v1,20260902,1,1,heldout,0,dat2,product-039,cat-kitchen,shop-02,Mon Jul 27 2026 14:31:00 GMT+0700 (Indochina Time),0,synthetic-preference-rule,0.2,0.1,2,0,0,0,1,0,458,1,7.3382,0,0.9726,0.44,1,100,1
dat2-pair-1017,mock-reco-v1,20260902,1,1,train,1,dat2,product-076,cat-sports,shop-10,Tue Jul 28 2026 17:30:00 GMT+0700 (Indochina Time),1,synthetic-preference-rule,1,0.1,5,1,0,1,0.5278,0,479,0.277,9.2916,1,0.526,0.8286,1,100,1
dat2-pair-1018,mock-reco-v1,20260902,1,1,train,2,dat2,product-108,cat-pets,shop-04,Wed Jul 29 2026 20:29:00 GMT+0700 (Indochina Time),0,synthetic-preference-rule,0.2,0.1,2,0,0,0,0.5833,0,483,0.229,8.3345,0,0.6685,0.4971,1,100,1
dat2-pair-1019,mock-reco-v1,20260902,1,1,train,3,dat2,product-101,cat-pets,shop-05,Thu Jul 30 2026 23:20:00 GMT+0700 (Indochina Time),1,synthetic-preference-rule,0.2,1,5,0,1,1,1,0,424,1,8.1599,1,0.6493,0.5257,1,100,1
dat2-pair-1020,mock-reco-v1,20260902,1,1,train,4,dat2,product-017,cat-computers,shop-10,Sat Aug 01 2026 02:19:00 GMT+0700 (Indochina Time),0,synthetic-preference-rule,0.2,0.1,2,0,0,1,1,0,430,1,9.3026,0,0.6767,0.5543,1,100,1
dat2-pair-1021,mock-reco-v1,20260902,1,1,heldout,0,dat2,product-040,cat-kitchen,shop-07,Sat Aug 01 2026 13:47:00 GMT+0700 (Indochina Time),1,synthetic-preference-rule,0.2,1,5,1,1,1,1,0,421,0.765,9.3859,0,0.9753,0.5829,1,100,1
dat2-pair-1022,mock-reco-v1,20260902,1,1,train,1,dat2,product-055,cat-fashion-men,shop-11,Sun Aug 02 2026 10:48:00 GMT+0700 (Indochina Time),0,synthetic-preference-rule,0.2,0.1,1,1,0,0,0.7778,0,474,0.392,7.7017,0,0.8027,0.6114,1,100,1
dat2-pair-1023,mock-reco-v1,20260902,1,1,train,2,dat2,product-066,cat-beauty,shop-07,Mon Aug 03 2026 19:45:00 GMT+0700 (Indochina Time),1,synthetic-preference-rule,1,1,6,1,1,0,1,0,384,1,7.1515,1,0.9123,0.8,1,100,1
dat2-pair-1024,mock-reco-v1,20260902,1,1,train,3,dat2,product-113,cat-grocery,shop-06,Tue Aug 04 2026 16:46:00 GMT+0700 (Indochina Time),0,synthetic-preference-rule,0.2,0.1,1,1,0,0,1,0,433,0.955,8.6873,0,0.6301,0.4686,1,100,1
dat2-pair-1025,mock-reco-v1,20260902,1,1,train,4,dat2,product-085,cat-mother-baby,shop-08,Thu Aug 06 2026 01:51:00 GMT+0700 (Indochina Time),1,synthetic-preference-rule,1,1,5,1,1,1,0.8611,0,467,0.741,9.2142,0,0.8986,0.8571,1,100,1
dat2-pair-1026,mock-reco-v1,20260902,1,1,heldout,0,dat2,product-022,cat-home,shop-11,Thu Aug 06 2026 22:52:00 GMT+0700 (Indochina Time),0,synthetic-preference-rule,0.2,0.1,2,0,0,0,1,0,408,1,9.2266,0,0.8904,0.5257,1,100,1
dat2-pair-1027,mock-reco-v1,20260902,1,1,train,1,dat2,product-012,cat-computers,shop-08,Fri Aug 07 2026 07:49:00 GMT+0700 (Indochina Time),1,synthetic-preference-rule,0.2,1,5,1,1,0,0.3611,1,467,1,6.3716,1,0.663,0.5543,1,100,1
dat2-pair-1028,mock-reco-v1,20260902,1,1,train,2,dat2,product-091,cat-books,shop-02,Sun Aug 09 2026 04:50:00 GMT+0700 (Indochina Time),0,synthetic-preference-rule,0.2,0.1,2,0,0,0,1,0,488,1,8.383,1,0.9671,0.5829,1,100,1
dat2-pair-1029,mock-reco-v1,20260902,1,1,train,3,dat2,product-049,cat-fashion-women,shop-05,Sun Aug 09 2026 13:55:00 GMT+0700 (Indochina Time),1,synthetic-preference-rule,1,1,5,1,1,0,1,0,453,0.477,9.1884,0,0.7562,0.9714,1,100,1
dat2-pair-1030,mock-reco-v1,20260902,1,1,train,4,dat2,product-119,cat-grocery,shop-12,Mon Aug 10 2026 10:56:00 GMT+0700 (Indochina Time),0,synthetic-preference-rule,0.2,0.1,1,0,0,1,0.75,0,425,0.345,8.2,0,0.6137,0.44,1,100,1
dat2-pair-1031,mock-reco-v1,20260902,1,1,heldout,0,dat2,product-075,cat-sports,shop-05,Tue Aug 11 2026 16:18:00 GMT+0700 (Indochina Time),1,synthetic-preference-rule,1,1,4,1,1,0,1,0,390,1,6.1442,0,0.5233,0.8286,1,100,1
dat2-pair-1032,mock-reco-v1,20260902,1,1,train,1,dat2,product-028,cat-home,shop-06,Wed Aug 12 2026 19:17:00 GMT+0700 (Indochina Time),0,synthetic-preference-rule,0.2,0.1,1,1,0,0,0.9444,0,378,0.482,8.843,0,0.9068,0.4971,1,100,1
dat2-pair-1033,mock-reco-v1,20260902,1,1,train,2,dat2,product-099,cat-books,shop-07,Thu Aug 13 2026 10:20:00 GMT+0700 (Indochina Time),1,synthetic-preference-rule,0.2,1,5,1,1,1,0.5556,0,406,0.16,8.58,0,0.989,0.5257,1,100,1
dat2-pair-1034,mock-reco-v1,20260902,1,1,train,3,dat2,product-098,cat-books,shop-02,Fri Aug 14 2026 13:19:00 GMT+0700 (Indochina Time),0,synthetic-preference-rule,0.2,0.1,2,0,0,0,0.1944,1,377,1,9.3514,0,0.9863,0.5543,1,100,1
dat2-pair-1035,mock-reco-v1,20260902,1,1,train,4,dat2,product-038,cat-kitchen,shop-09,Sun Aug 16 2026 04:14:00 GMT+0700 (Indochina Time),1,synthetic-preference-rule,0.2,1,5,0,1,1,1,0,451,0.651,7.1333,0,0.9808,0.5829,1,100,1
dat2-pair-1036,mock-reco-v1,20260902,1,1,heldout,0,dat2,product-004,cat-electronics,shop-04,Sun Aug 16 2026 07:13:00 GMT+0700 (Indochina Time),0,synthetic-preference-rule,0.2,0.1,2,0,0,0,1,0,434,0.254,9.0065,0,0.5233,0.6114,1,100,1
dat2-pair-1037,mock-reco-v1,20260902,1,1,train,1,dat2,product-065,cat-beauty,shop-02,Mon Aug 17 2026 22:16:00 GMT+0700 (Indochina Time),1,synthetic-preference-rule,1,0.1,5,1,0,1,1,0,473,0.419,9.3637,0,0.9151,0.8,1,100,1
dat2-pair-1038,mock-reco-v1,20260902,1,1,train,2,dat2,product-034,cat-kitchen,shop-12,Wed Aug 19 2026 01:15:00 GMT+0700 (Indochina Time),0,synthetic-preference-rule,0.2,0.1,2,0,0,0,1,0,429,1,8.9527,1,0.9918,0.4686,1,100,1
dat2-pair-1039,mock-reco-v1,20260902,1,1,train,3,dat2,product-084,cat-mother-baby,shop-02,Wed Aug 19 2026 16:26:00 GMT+0700 (Indochina Time),1,synthetic-preference-rule,1,0.1,6,1,0,0,1,0,408,1,7.5725,0,0.8795,0.8571,1,100,1
dat2-pair-1040,mock-reco-v1,20260902,1,1,train,4,dat2,product-105,cat-pets,shop-01,Thu Aug 20 2026 19:25:00 GMT+0700 (Indochina Time),0,synthetic-preference-rule,0.2,0.1,1,0,0,1,1,0,446,0.172,9.1074,0,0.6603,0.5257,1,100,1
dat2-pair-1041,mock-reco-v1,20260902,1,1,heldout,0,dat2,product-009,cat-electronics,shop-05,Fri Aug 21 2026 12:53:00 GMT+0700 (Indochina Time),1,synthetic-preference-rule,0.2,1,5,1,1,1,1,0,405,1,9.0851,0,0.9918,0.5543,1,100,1
dat2-pair-1042,mock-reco-v1,20260902,1,1,train,1,dat2,product-011,cat-computers,shop-03,Sat Aug 22 2026 09:54:00 GMT+0700 (Indochina Time),0,synthetic-preference-rule,0.2,0.1,1,1,0,0,1,0,378,0.384,7.698,1,0.6603,0.5829,1,100,1
dat2-pair-1043,mock-reco-v1,20260902,1,1,train,2,dat2,product-048,cat-fashion-women,shop-11,Mon Aug 24 2026 06:55:00 GMT+0700 (Indochina Time),1,synthetic-preference-rule,1,0.1,5,1,0,0,1,0,476,1,7.8785,0,0.7151,0.9714,1,100,1
dat2-pair-1044,mock-reco-v1,20260902,1,1,train,3,dat2,product-051,cat-fashion-men,shop-03,Tue Aug 25 2026 03:56:00 GMT+0700 (Indochina Time),0,synthetic-preference-rule,0.2,0.1,2,0,0,0,0.1111,1,452,1,8.8582,1,0.8137,0.44,1,100,1
dat2-pair-1045,mock-reco-v1,20260902,1,1,train,4,dat2,product-074,cat-sports,shop-12,Wed Aug 26 2026 00:49:00 GMT+0700 (Indochina Time),1,synthetic-preference-rule,1,0.1,5,1,0,0,1,0,427,1,7.0326,0,0.5096,0.8286,1,100,1
dat2-pair-1046,mock-reco-v1,20260902,1,1,heldout,0,dat2,product-109,cat-pets,shop-10,Wed Aug 26 2026 21:50:00 GMT+0700 (Indochina Time),0,synthetic-preference-rule,0.2,0.1,2,0,0,0,1,0,380,0.4,8.4007,0,0.6274,0.4971,1,100,1
dat2-pair-1047,mock-reco-v1,20260902,1,1,train,1,dat2,product-097,cat-books,shop-09,Thu Aug 27 2026 18:51:00 GMT+0700 (Indochina Time),1,synthetic-preference-rule,0.2,1,4,1,1,1,1,0,414,0.77,7.0335,0,0.9836,0.5257,1,100,1
dat2-pair-1048,mock-reco-v1,20260902,1,1,train,2,dat2,product-018,cat-computers,shop-03,Fri Aug 28 2026 15:52:00 GMT+0700 (Indochina Time),0,synthetic-preference-rule,0.2,0.1,2,0,0,0,1,0,393,1,9.1428,0,0.6795,0.5543,0,100,1
dat2-pair-1049,mock-reco-v1,20260902,1,1,train,3,dat2,product-035,cat-kitchen,shop-05,Sat Aug 29 2026 13:01:00 GMT+0700 (Indochina Time),1,synthetic-preference-rule,0.2,1,5,1,1,1,1,0,436,1,8.7177,0,0.9836,0.5829,0,100,1
dat2-pair-1050,mock-reco-v1,20260902,1,1,train,4,dat2,product-056,cat-fashion-men,shop-04,Mon Jun 01 2026 10:02:00 GMT+0700 (Indochina Time),0,synthetic-preference-rule,0.2,0.1,1,1,0,0,1,0,437,1,9.3834,1,0.8055,0.6114,1,100,1
dat2-pair-1051,mock-reco-v1,20260902,1,1,heldout,0,dat2,product-064,cat-beauty,shop-09,Tue Jun 02 2026 15:24:00 GMT+0700 (Indochina Time),1,synthetic-preference-rule,1,1,5,0,1,1,1,0,480,0.362,9.2141,0,0.9288,0.8,1,100,1
dat2-pair-1052,mock-reco-v1,20260902,1,1,train,1,dat2,product-114,cat-grocery,shop-11,Wed Jun 03 2026 18:23:00 GMT+0700 (Indochina Time),0,synthetic-preference-rule,0.2,0.1,1,1,0,0,1,0,470,1,8.9288,0,0.6274,0.4686,1,100,1
dat2-pair-1053,mock-reco-v1,20260902,1,1,train,2,dat2,product-083,cat-mother-baby,shop-09,Thu Jun 04 2026 21:22:00 GMT+0700 (Indochina Time),1,synthetic-preference-rule,1,1,5,1,1,1,1,0,371,1,5.7838,0,0.8822,0.8571,1,100,1
dat2-pair-1054,mock-reco-v1,20260902,1,1,train,3,dat2,product-023,cat-home,shop-04,Sat Jun 06 2026 00:21:00 GMT+0700 (Indochina Time),0,synthetic-preference-rule,0.2,0.1,2,0,0,0,1,0,445,1,9.3744,1,0.8986,0.5257,1,100,1
dat2-pair-1055,mock-reco-v1,20260902,1,1,train,4,dat2,product-007,cat-electronics,shop-07,Sun Jun 07 2026 03:20:00 GMT+0700 (Indochina Time),1,synthetic-preference-rule,0.2,1,6,1,1,0,1,0,419,0.197,4.1109,0,0.537,0.5543,1,100,1
dat2-pair-1056,mock-reco-v1,20260902,1,1,heldout,0,dat2,product-093,cat-books,shop-12,Mon Jun 08 2026 06:19:00 GMT+0700 (Indochina Time),0,synthetic-preference-rule,0.2,0.1,2,0,0,0,1,0,436,0.046,8.9372,0,0.9726,0.5829,1,100,1
dat2-pair-1057,mock-reco-v1,20260902,1,1,train,1,dat2,product-047,cat-fashion-women,shop-06,Mon Jun 08 2026 09:18:00 GMT+0700 (Indochina Time),1,synthetic-preference-rule,1,0.1,5,1,0,0,1,0,439,0.363,6.9285,0,0.7178,0.9714,1,100,1
dat2-pair-1058,mock-reco-v1,20260902,1,1,train,2,dat2,product-001,cat-electronics,shop-01,Tue Jun 09 2026 12:17:00 GMT+0700 (Indochina Time),0,synthetic-preference-rule,0.2,0.1,2,0,0,1,1,0,449,1,9.1876,1,0.5205,0.44,0,100,1
dat2-pair-1059,mock-reco-v1,20260902,1,1,train,3,dat2,product-073,cat-sports,shop-07,Wed Jun 10 2026 15:32:00 GMT+0700 (Indochina Time),1,synthetic-preference-rule,1,1,5,1,1,0,1,0,464,1,7.9201,0,1,0.8286,1,100,1
dat2-pair-1060,mock-reco-v1,20260902,1,1,train,4,dat2,product-029,cat-home,shop-11,Thu Jun 11 2026 18:31:00 GMT+0700 (Indochina Time),0,synthetic-preference-rule,0.2,0.1,1,1,0,0,1,0,415,1,9.1587,0,0.9151,0.4971,1,100,1
dat2-pair-1061,mock-reco-v1,20260902,1,1,heldout,0,dat2,product-094,cat-books,shop-05,Sat Jun 13 2026 01:59:00 GMT+0700 (Indochina Time),1,synthetic-preference-rule,0.2,1,5,1,1,0,0.4722,1,399,1,8.698,0,0.9753,0.5257,1,100,1
dat2-pair-1062,mock-reco-v1,20260902,1,1,train,1,dat2,product-100,cat-books,shop-12,Sat Jun 13 2026 23:00:00 GMT+0700 (Indochina Time),0,synthetic-preference-rule,0.2,0.1,1,1,0,0,1,0,495,1,8.2174,1,0.9918,0.5543,1,100,1
dat2-pair-1063,mock-reco-v1,20260902,1,1,train,2,dat2,product-033,cat-kitchen,shop-07,Sun Jun 14 2026 07:57:00 GMT+0700 (Indochina Time),1,synthetic-preference-rule,0.2,1,4,1,1,1,1,0,466,1,9.1429,0,0.989,0.5829,1,100,1
dat2-pair-1064,mock-reco-v1,20260902,1,1,train,3,dat2,product-006,cat-electronics,shop-02,Tue Jun 16 2026 04:58:00 GMT+0700 (Indochina Time),0,synthetic-preference-rule,0.2,0.1,2,0,0,0,1,0,382,0.14,8.5007,1,0.5288,0.6114,1,100,1
dat2-pair-1065,mock-reco-v1,20260902,1,1,train,4,dat2,product-063,cat-beauty,shop-04,Tue Jun 16 2026 13:55:00 GMT+0700 (Indochina Time),1,synthetic-preference-rule,1,0.1,5,1,0,1,1,0,443,1,9.0382,0,0.9315,0.8,1,100,1
dat2-pair-1066,mock-reco-v1,20260902,1,1,heldout,0,dat2,product-036,cat-kitchen,shop-10,Wed Jun 17 2026 10:56:00 GMT+0700 (Indochina Time),0,synthetic-preference-rule,0.2,0.1,2,0,0,0,1,0,399,1,8.4098,1,0.9863,0.4686,1,100,1
dat2-pair-1067,mock-reco-v1,20260902,1,1,train,1,dat2,product-082,cat-mother-baby,shop-04,Thu Jun 18 2026 19:53:00 GMT+0700 (Indochina Time),1,synthetic-preference-rule,1,0.1,6,0,0,1,1,0,482,0.798,8.5529,0,0.8849,0.8571,1,100,1
dat2-pair-1068,mock-reco-v1,20260902,1,1,train,2,dat2,product-106,cat-pets,shop-06,Fri Jun 19 2026 16:54:00 GMT+0700 (Indochina Time),0,synthetic-preference-rule,0.2,0.1,2,0,0,1,1,0,409,1,8.9096,1,0.663,0.5257,1,100,1
dat2-pair-1069,mock-reco-v1,20260902,1,1,train,3,dat2,product-005,cat-electronics,shop-09,Sun Jun 21 2026 01:51:00 GMT+0700 (Indochina Time),1,synthetic-preference-rule,0.2,1,5,1,1,1,1,0,471,1,8.1014,0,0.5315,0.5543,1,100,1
dat2-pair-1070,mock-reco-v1,20260902,1,1,train,4,dat2,product-013,cat-computers,shop-02,Sun Jun 21 2026 22:52:00 GMT+0700 (Indochina Time),0,synthetic-preference-rule,0.2,0.1,1,1,0,0,1,0,452,1,8.6019,0,0.6658,0.5829,1,100,1
dat2-pair-1071,mock-reco-v1,20260902,1,1,heldout,0,dat2,product-046,cat-fashion-women,shop-01,Mon Jun 22 2026 10:22:00 GMT+0700 (Indochina Time),1,synthetic-preference-rule,1,0.1,5,1,0,0,1,0,424,1,8.679,1,0.7205,0.9714,1,100,1
dat2-pair-1072,mock-reco-v1,20260902,1,1,train,1,dat2,product-053,cat-fashion-men,shop-01,Tue Jun 23 2026 13:21:00 GMT+0700 (Indochina Time),0,synthetic-preference-rule,0.2,0.1,1,1,0,0,1,0,400,1,9.237,0,0.8192,0.44,1,100,1
dat2-pair-1073,mock-reco-v1,20260902,1,1,train,2,dat2,product-072,cat-sports,shop-01,Thu Jun 25 2026 04:24:00 GMT+0700 (Indochina Time),1,synthetic-preference-rule,1,0.1,5,1,0,0,0.1389,1,375,1,8.3827,0,0.5151,0.8286,1,100,1
dat2-pair-1074,mock-reco-v1,20260902,1,1,train,3,dat2,product-110,cat-pets,shop-03,Thu Jun 25 2026 07:23:00 GMT+0700 (Indochina Time),0,synthetic-preference-rule,0.2,0.1,2,0,0,0,1,0,469,1,7.9484,0,0.6301,0.4971,1,100,1
dat2-pair-1075,mock-reco-v1,20260902,1,1,train,4,dat2,product-092,cat-books,shop-07,Fri Jun 26 2026 22:26:00 GMT+0700 (Indochina Time),1,synthetic-preference-rule,0.2,1,5,1,1,0,1,0,451,0.827,7.9204,0,0.9699,0.5257,1,100,1
dat2-pair-1076,mock-reco-v1,20260902,1,1,heldout,0,dat2,product-020,cat-computers,shop-01,Sun Jun 28 2026 01:25:00 GMT+0700 (Indochina Time),0,synthetic-preference-rule,0.2,0.1,2,0,0,0,1,0,423,1,9.3616,0,0.6411,0.5543,1,100,1
dat2-pair-1077,mock-reco-v1,20260902,1,1,train,1,dat2,product-031,cat-kitchen,shop-09,Sun Jun 28 2026 16:28:00 GMT+0700 (Indochina Time),1,synthetic-preference-rule,0.2,1,5,1,1,0,1,0,414,0.594,6.3733,1,0.9945,0.5829,1,100,1
dat2-pair-1078,mock-reco-v1,20260902,1,1,train,2,dat2,product-058,cat-fashion-men,shop-02,Mon Jun 29 2026 19:27:00 GMT+0700 (Indochina Time),0,synthetic-preference-rule,0.2,0.1,2,0,0,1,1,0,385,0.449,8.2509,0,0.811,0.6114,1,100,1
dat2-pair-1079,mock-reco-v1,20260902,1,1,train,3,dat2,product-062,cat-beauty,shop-11,Tue Jun 30 2026 10:30:00 GMT+0700 (Indochina Time),1,synthetic-preference-rule,1,0.1,4,1,0,1,1,0,406,1,8.8247,0,0.9233,0.8,1,100,1
dat2-pair-1080,mock-reco-v1,20260902,1,1,train,4,dat2,product-115,cat-grocery,shop-04,Wed Jul 01 2026 13:29:00 GMT+0700 (Indochina Time),0,synthetic-preference-rule,0.2,0.1,1,1,0,0,1,0,485,0.117,9.0135,0,0.6466,0.4686,1,100,1
dat2-pair-1081,mock-reco-v1,20260902,1,1,heldout,0,dat2,product-081,cat-mother-baby,shop-11,Fri Jul 03 2026 00:33:00 GMT+0700 (Indochina Time),1,synthetic-preference-rule,1,0.1,5,1,0,1,1,0,445,0.017,8.1784,1,0.8877,0.8571,1,100,1
dat2-pair-1082,mock-reco-v1,20260902,1,1,train,1,dat2,product-025,cat-home,shop-03,Fri Jul 03 2026 21:34:00 GMT+0700 (Indochina Time),0,synthetic-preference-rule,0.2,0.1,1,1,0,0,1,0,393,1,7.2189,0,0.9041,0.5257,1,100,1
dat2-pair-1083,mock-reco-v1,20260902,1,1,train,2,dat2,product-120,cat-grocery,shop-05,Sat Jul 04 2026 18:35:00 GMT+0700 (Indochina Time),1,synthetic-preference-rule,0.2,1,6,0,1,1,1,0,462,1,8.5679,0,0.611,0.5543,0,100,1
dat2-pair-1084,mock-reco-v1,20260902,1,1,train,3,dat2,product-095,cat-books,shop-10,Sun Jul 05 2026 15:36:00 GMT+0700 (Indochina Time),0,synthetic-preference-rule,0.2,0.1,2,0,0,0,1,0,466,1,9.1999,0,0.9781,0.5829,1,100,1
dat2-pair-1085,mock-reco-v1,20260902,1,1,train,4,dat2,product-045,cat-fashion-women,shop-08,Mon Jul 06 2026 12:37:00 GMT+0700 (Indochina Time),1,synthetic-preference-rule,1,1,5,1,1,1,0.1944,1,387,1,8.3568,1,0.7233,0.9714,1,100,1
dat2-pair-1086,mock-reco-v1,20260902,1,1,heldout,0,dat2,product-002,cat-electronics,shop-06,Tue Jul 07 2026 09:38:00 GMT+0700 (Indochina Time),0,synthetic-preference-rule,0.2,0.1,2,0,0,0,1,0,486,1,9.3408,0,0.5178,0.44,1,100,1
dat2-pair-1087,mock-reco-v1,20260902,1,1,train,1,dat2,product-071,cat-sports,shop-08,Thu Jul 09 2026 06:39:00 GMT+0700 (Indochina Time),1,synthetic-preference-rule,1,1,5,1,1,0,1,0,412,0.334,8.6978,1,0.5123,0.8286,1,100,1
dat2-pair-1088,mock-reco-v1,20260902,1,1,train,2,dat2,product-030,cat-home,shop-04,Fri Jul 10 2026 03:40:00 GMT+0700 (Indochina Time),0,synthetic-preference-rule,0.2,0.1,1,0,0,1,1,0,452,1,9.3161,0,0.9123,0.4971,1,100,1
dat2-pair-1089,mock-reco-v1,20260902,1,1,train,3,dat2,product-090,cat-mother-baby,shop-09,Sat Jul 11 2026 00:41:00 GMT+0700 (Indochina Time),1,synthetic-preference-rule,1,1,5,1,1,0,1,0,400,1,8.7216,0,0.9068,0.8857,1,100,1
dat2-pair-1090,mock-reco-v1,20260902,1,1,train,4,dat2,product-102,cat-pets,shop-10,Sat Jul 11 2026 21:42:00 GMT+0700 (Indochina Time),0,synthetic-preference-rule,0.2,0.1,1,1,0,0,1,0,387,1,7.5385,0,0.6521,0.5543,1,100,1
dat2-pair-1091,mock-reco-v1,20260902,1,1,heldout,0,dat2,product-026,cat-home,shop-08,Mon Jul 13 2026 03:04:00 GMT+0700 (Indochina Time),1,synthetic-preference-rule,0.2,1,5,1,1,1,1,0,430,1,8.001,1,0.9014,0.5829,1,100,1
dat2-pair-1092,mock-reco-v1,20260902,1,1,train,1,dat2,product-008,cat-electronics,shop-12,Tue Jul 14 2026 06:03:00 GMT+0700 (Indochina Time),0,synthetic-preference-rule,0.2,0.1,2,0,0,0,0.7222,0,456,0.978,7.4265,0,0.5342,0.6114,1,100,1
dat2-pair-1093,mock-reco-v1,20260902,1,1,train,2,dat2,product-061,cat-beauty,shop-06,Tue Jul 14 2026 09:02:00 GMT+0700 (Indochina Time),1,synthetic-preference-rule,1,0.1,5,1,0,0,1,0,495,1,8.5528,1,0.926,0.8,1,100,1
dat2-pair-1094,mock-reco-v1,20260902,1,1,train,3,dat2,product-037,cat-kitchen,shop-04,Wed Jul 15 2026 12:01:00 GMT+0700 (Indochina Time),0,synthetic-preference-rule,0.2,0.1,2,0,0,0,1,0,488,1,7.9628,0,0.9781,0.4686,1,100,1
dat2-pair-1095,mock-reco-v1,20260902,1,1,train,4,dat2,product-080,cat-sports,shop-06,Thu Jul 16 2026 15:08:00 GMT+0700 (Indochina Time),1,synthetic-preference-rule,1,0.1,4,1,0,1,1,0,457,0.505,8.1371,0,0.9863,0.8571,1,100,1
dat2-pair-1096,mock-reco-v1,20260902,1,1,heldout,0,dat2,product-107,cat-pets,shop-11,Fri Jul 17 2026 18:07:00 GMT+0700 (Indochina Time),0,synthetic-preference-rule,0.2,0.1,2,0,0,0,1,0,394,1,8.6629,0,0.6658,0.5257,1,100,1
dat2-pair-1097,mock-reco-v1,20260902,1,1,train,1,dat2,product-118,cat-grocery,shop-07,Sat Jul 18 2026 21:06:00 GMT+0700 (Indochina Time),1,synthetic-preference-rule,0.2,1,6,1,1,1,0.5556,0,448,0.06,6.9754,0,0.6384,0.5543,1,100,1
dat2-pair-1098,mock-reco-v1,20260902,1,1,train,2,dat2,product-015,cat-computers,shop-12,Mon Jul 20 2026 00:05:00 GMT+0700 (Indochina Time),0,synthetic-preference-rule,0.2,0.1,1,0,0,1,1,0,482,1,8.9526,0,0.6712,0.5829,1,100,1
dat2-pair-1099,mock-reco-v1,20260902,1,1,train,3,dat2,product-044,cat-fashion-women,shop-03,Tue Jul 21 2026 03:12:00 GMT+0700 (Indochina Time),1,synthetic-preference-rule,1,0.1,6,0,0,1,1,0,372,1,9.1178,0,0.726,0.9714,1,100,1
dat2-pair-1100,mock-reco-v1,20260902,1,1,train,4,dat2,product-054,cat-fashion-men,shop-06,Wed Jul 22 2026 06:11:00 GMT+0700 (Indochina Time),0,synthetic-preference-rule,0.2,0.1,1,1,0,0,1,0,489,1,9.0654,0,0.8219,0.44,1,100,1
dat2-pair-1101,mock-reco-v1,20260902,1,1,heldout,0,dat2,product-070,cat-beauty,shop-03,Thu Jul 23 2026 06:54:00 GMT+0700 (Indochina Time),1,synthetic-preference-rule,1,0.1,4,1,0,0,0.7778,0,488,0.972,8.6739,0,0.9014,0.8286,1,100,1
dat2-pair-1102,mock-reco-v1,20260902,1,1,train,1,dat2,product-112,cat-grocery,shop-01,Thu Jul 23 2026 09:53:00 GMT+0700 (Indochina Time),0,synthetic-preference-rule,0.2,0.1,2,0,0,0,1,0,418,0.174,8.3682,0,0.6329,0.4971,1,100,1
dat2-pair-1103,mock-reco-v1,20260902,1,1,train,2,dat2,product-089,cat-mother-baby,shop-04,Sat Jul 25 2026 00:56:00 GMT+0700 (Indochina Time),1,synthetic-preference-rule,1,0.1,5,1,0,0,1,0,489,0.969,8.4152,1,0.9096,0.8857,1,100,1
dat2-pair-1104,mock-reco-v1,20260902,1,1,train,3,dat2,product-021,cat-home,shop-06,Sun Jul 26 2026 03:55:00 GMT+0700 (Indochina Time),0,synthetic-preference-rule,0.2,0.1,2,0,0,0,1,0,371,0.539,9.0531,1,0.8932,0.5543,1,100,1
dat2-pair-1105,mock-reco-v1,20260902,1,1,train,4,dat2,product-024,cat-home,shop-09,Sun Jul 26 2026 18:58:00 GMT+0700 (Indochina Time),1,synthetic-preference-rule,0.2,1,5,1,1,0,0.2778,1,482,1,7.2457,0,0.8959,0.5829,1,100,1
dat2-pair-1106,mock-reco-v1,20260902,1,1,heldout,0,dat2,product-060,cat-fashion-men,shop-12,Mon Jul 27 2026 21:57:00 GMT+0700 (Indochina Time),0,synthetic-preference-rule,0.2,0.1,2,0,0,0,1,0,371,1,8.8635,0,0.8384,0.6114,1,100,1
dat2-pair-1107,mock-reco-v1,20260902,1,1,train,1,dat2,product-059,cat-fashion-men,shop-07,Tue Jul 28 2026 13:00:00 GMT+0700 (Indochina Time),1,synthetic-preference-rule,0.2,1,5,1,1,1,1,0,408,1,9.0697,0,0.8356,0.44,1,100,1
dat2-pair-1108,mock-reco-v1,20260902,1,1,train,2,dat2,product-117,cat-grocery,shop-02,Wed Jul 29 2026 15:59:00 GMT+0700 (Indochina Time),0,synthetic-preference-rule,0.2,0.1,1,1,0,0,1,0,411,1,9.3458,0,0.6411,0.4686,1,100,1
dat2-pair-1109,mock-reco-v1,20260902,1,1,train,3,dat2,product-079,cat-sports,shop-01,Thu Jul 30 2026 07:02:00 GMT+0700 (Indochina Time),1,synthetic-preference-rule,1,0.1,5,1,0,0,1,0,494,1,8.5248,0,0.9836,0.8571,1,100,1
dat2-pair-1110,mock-reco-v1,20260902,1,1,train,4,dat2,product-027,cat-home,shop-01,Fri Jul 31 2026 10:01:00 GMT+0700 (Indochina Time),0,synthetic-preference-rule,0.2,0.1,1,1,0,0,1,0,467,1,8.5768,0,0.9096,0.5257,1,100,1
dat2-pair-1111,mock-reco-v1,20260902,1,1,heldout,0,dat2,product-116,cat-grocery,shop-09,Sat Aug 01 2026 22:31:00 GMT+0700 (Indochina Time),1,synthetic-preference-rule,0.2,1,4,1,1,1,1,0,396,0.898,9.1934,1,0.6438,0.5543,1,100,1
dat2-pair-1112,mock-reco-v1,20260902,1,1,train,1,dat2,product-096,cat-books,shop-03,Sun Aug 02 2026 19:32:00 GMT+0700 (Indochina Time),0,synthetic-preference-rule,0.2,0.1,2,0,0,0,1,0,429,1,9.0212,1,0.9808,0.5829,1,100,1
dat2-pair-1113,mock-reco-v1,20260902,1,1,train,2,dat2,product-043,cat-fashion-women,shop-10,Tue Aug 04 2026 04:29:00 GMT+0700 (Indochina Time),1,synthetic-preference-rule,1,0.1,6,1,0,1,1,0,461,1,8.9223,0,0.7288,0.9714,1,100,1
dat2-pair-1114,mock-reco-v1,20260902,1,1,train,3,dat2,product-003,cat-electronics,shop-11,Wed Aug 05 2026 01:30:00 GMT+0700 (Indochina Time),0,synthetic-preference-rule,0.2,0.1,2,0,0,0,1,0,397,1,8.7852,0,0.526,0.44,1,100,1
dat2-pair-1115,mock-reco-v1,20260902,1,1,train,4,dat2,product-069,cat-beauty,shop-10,Wed Aug 05 2026 10:27:00 GMT+0700 (Indochina Time),1,synthetic-preference-rule,1,0.1,6,0,0,1,1,0,451,0.191,8.3497,0,0.9041,0.8286,0,100,1
dat2-pair-1116,mock-reco-v1,20260902,1,1,heldout,0,dat2,product-032,cat-kitchen,shop-02,Thu Aug 06 2026 07:28:00 GMT+0700 (Indochina Time),0,synthetic-preference-rule,0.2,0.1,2,0,0,1,1,0,377,1,9.3026,0,0.9973,0.4971,1,100,1
dat2-pair-1117,mock-reco-v1,20260902,1,1,train,1,dat2,product-088,cat-mother-baby,shop-11,Fri Aug 07 2026 16:25:00 GMT+0700 (Indochina Time),1,synthetic-preference-rule,1,0.1,4,1,0,0,1,0,430,0.684,9.0384,0,0.8904,0.8857,1,100,1
dat2-pair-1118,mock-reco-v1,20260902,1,1,train,2,dat2,product-103,cat-pets,shop-03,Sat Aug 08 2026 13:26:00 GMT+0700 (Indochina Time),0,synthetic-preference-rule,0.2,0.1,1,1,0,0,1,0,372,0.286,5.5607,0,0.6548,0.5543,0,100,1
dat2-pair-1119,mock-reco-v1,20260902,1,1,train,3,dat2,product-019,cat-computers,shop-08,Sun Aug 09 2026 22:23:00 GMT+0700 (Indochina Time),1,synthetic-preference-rule,0.2,1,5,1,1,0,1,0,460,1,7.1325,0,0.6384,0.5829,1,100,1
dat2-pair-1120,mock-reco-v1,20260902,1,1,train,4,dat2,product-010,cat-electronics,shop-10,Mon Aug 10 2026 19:24:00 GMT+0700 (Indochina Time),0,synthetic-preference-rule,0.2,0.1,1,1,0,0,1,0,442,0.368,9.2536,0,0.989,0.6114,1,100,1
dat2-pair-1121,mock-reco-v1,20260902,1,1,heldout,0,dat2,product-057,cat-fashion-men,shop-09,Tue Aug 11 2026 11:56:00 GMT+0700 (Indochina Time),1,synthetic-preference-rule,0.2,1,5,0,1,1,1,0,422,1,8.6034,0,0.8082,0.44,1,100,1
dat2-pair-1122,mock-reco-v1,20260902,1,1,train,1,dat2,product-039,cat-kitchen,shop-02,Wed Aug 12 2026 14:55:00 GMT+0700 (Indochina Time),0,synthetic-preference-rule,0.2,0.1,2,0,0,0,1,0,458,1,7.3382,0,0.9726,0.4686,1,100,1
dat2-pair-1123,mock-reco-v1,20260902,1,1,train,2,dat2,product-078,cat-sports,shop-08,Thu Aug 13 2026 17:54:00 GMT+0700 (Indochina Time),1,synthetic-preference-rule,1,1,5,1,1,1,1,0,405,1,8.9371,1,0.5205,0.8571,1,100,1
dat2-pair-1124,mock-reco-v1,20260902,1,1,train,3,dat2,product-108,cat-pets,shop-04,Fri Aug 14 2026 20:53:00 GMT+0700 (Indochina Time),0,synthetic-preference-rule,0.2,0.1,2,0,0,0,0.5833,0,483,0.229,8.3345,0,0.6685,0.5257,1,100,1
dat2-pair-1125,mock-reco-v1,20260902,1,1,train,4,dat2,product-111,cat-grocery,shop-08,Sat Aug 15 2026 23:52:00 GMT+0700 (Indochina Time),1,synthetic-preference-rule,0.2,1,5,1,1,0,1,0,381,1,7.8969,1,0.6356,0.5543,1,100,1
dat2-pair-1126,mock-reco-v1,20260902,1,1,heldout,0,dat2,product-017,cat-computers,shop-10,Mon Aug 17 2026 02:51:00 GMT+0700 (Indochina Time),0,synthetic-preference-rule,0.2,0.1,2,0,0,1,1,0,430,1,9.3026,0,0.6767,0.5829,1,100,1
dat2-pair-1127,mock-reco-v1,20260902,1,1,train,1,dat2,product-042,cat-fashion-women,shop-05,Tue Aug 18 2026 05:50:00 GMT+0700 (Indochina Time),1,synthetic-preference-rule,1,1,5,1,1,1,1,0,446,0.306,5.8693,0,0.7315,0.9714,1,100,1
dat2-pair-1128,mock-reco-v1,20260902,1,1,train,2,dat2,product-055,cat-fashion-men,shop-11,Tue Aug 18 2026 08:49:00 GMT+0700 (Indochina Time),0,synthetic-preference-rule,0.2,0.1,1,1,0,0,0.7778,0,474,0.392,7.7017,0,0.8027,0.44,1,100,1
dat2-pair-1129,mock-reco-v1,20260902,1,1,train,3,dat2,product-068,cat-beauty,shop-05,Wed Aug 19 2026 12:04:00 GMT+0700 (Indochina Time),1,synthetic-preference-rule,1,1,6,1,1,1,1,0,458,1,8.4149,0,0.9178,0.8286,1,100,1
dat2-pair-1130,mock-reco-v1,20260902,1,1,train,4,dat2,product-113,cat-grocery,shop-06,Thu Aug 20 2026 15:03:00 GMT+0700 (Indochina Time),0,synthetic-preference-rule,0.2,0.1,1,1,0,0,1,0,433,0.955,8.6873,0,0.6301,0.4971,1,100,1
dat2-pair-1131,mock-reco-v1,20260902,1,1,heldout,0,dat2,product-087,cat-mother-baby,shop-06,Fri Aug 21 2026 09:25:00 GMT+0700 (Indochina Time),1,synthetic-preference-rule,1,0.1,5,1,0,0,1,0,393,1,8.8248,0,0.8932,0.8857,1,100,1
dat2-pair-1132,mock-reco-v1,20260902,1,1,train,1,dat2,product-022,cat-home,shop-11,Sun Aug 23 2026 06:26:00 GMT+0700 (Indochina Time),0,synthetic-preference-rule,0.2,0.1,2,0,0,0,1,0,408,1,9.2266,0,0.8904,0.5543,1,100,1
dat2-pair-1133,mock-reco-v1,20260902,1,1,train,2,dat2,product-016,cat-computers,shop-05,Mon Aug 24 2026 03:27:00 GMT+0700 (Indochina Time),1,synthetic-preference-rule,0.2,1,4,1,1,0,1,0,445,0.327,8.7175,1,0.674,0.5829,1,100,1
dat2-pair-1134,mock-reco-v1,20260902,1,1,train,3,dat2,product-091,cat-books,shop-02,Tue Aug 25 2026 00:28:00 GMT+0700 (Indochina Time),0,synthetic-preference-rule,0.2,0.1,2,0,0,0,1,0,488,1,8.383,1,0.9671,0.6114,1,100,1
dat2-pair-1135,mock-reco-v1,20260902,1,1,train,4,dat2,product-052,cat-fashion-men,shop-08,Tue Aug 25 2026 21:21:00 GMT+0700 (Indochina Time),1,synthetic-preference-rule,0.2,1,5,1,1,0,1,0,415,0.335,8.5966,0,0.8164,0.44,0,100,1
dat2-pair-1136,mock-reco-v1,20260902,1,1,heldout,0,dat2,product-119,cat-grocery,shop-12,Wed Aug 26 2026 18:22:00 GMT+0700 (Indochina Time),0,synthetic-preference-rule,0.2,0.1,1,0,0,1,0.75,0,425,0.345,8.2,0,0.6137,0.4686,1,100,1
dat2-pair-1137,mock-reco-v1,20260902,1,1,train,1,dat2,product-077,cat-sports,shop-03,Thu Aug 27 2026 15:23:00 GMT+0700 (Indochina Time),1,synthetic-preference-rule,1,0.1,5,0,0,1,1,0,442,0.22,9.13,0,0.5178,0.8571,1,100,1
dat2-pair-1138,mock-reco-v1,20260902,1,1,train,2,dat2,product-028,cat-home,shop-06,Fri Aug 28 2026 12:24:00 GMT+0700 (Indochina Time),0,synthetic-preference-rule,0.2,0.1,1,1,0,0,0.9444,0,378,0.482,8.843,0,0.9068,0.5257,1,100,1
dat2-pair-1139,mock-reco-v1,20260902,1,1,train,3,dat2,product-104,cat-pets,shop-08,Sat Aug 29 2026 09:33:00 GMT+0700 (Indochina Time),1,synthetic-preference-rule,0.2,1,5,1,1,1,0.0833,1,461,1,9.2725,0,0.6575,0.5543,1,100,1
dat2-pair-1140,mock-reco-v1,20260902,1,1,train,4,dat2,product-098,cat-books,shop-02,Tue Jun 02 2026 06:34:00 GMT+0700 (Indochina Time),0,synthetic-preference-rule,0.2,0.1,2,0,0,0,0.1944,1,377,1,9.3514,0,0.9863,0.5829,1,100,1
dat2-pair-1141,mock-reco-v1,20260902,1,1,heldout,0,dat2,product-041,cat-fashion-women,shop-12,Tue Jun 02 2026 14:58:00 GMT+0700 (Indochina Time),1,synthetic-preference-rule,1,0.1,5,1,0,0,1,0,409,1,9.2813,1,0.7342,0.9714,1,100,1
dat2-pair-1142,mock-reco-v1,20260902,1,1,train,1,dat2,product-004,cat-electronics,shop-04,Wed Jun 03 2026 17:57:00 GMT+0700 (Indochina Time),0,synthetic-preference-rule,0.2,0.1,2,0,0,0,1,0,434,0.254,9.0065,0,0.5233,0.44,1,100,1
dat2-pair-1143,mock-reco-v1,20260902,1,1,train,2,dat2,product-067,cat-beauty,shop-12,Thu Jun 04 2026 09:00:00 GMT+0700 (Indochina Time),1,synthetic-preference-rule,1,0.1,5,1,0,1,1,0,421,1,7.9707,1,0.9205,0.8286,1,100,1
dat2-pair-1144,mock-reco-v1,20260902,1,1,train,3,dat2,product-034,cat-kitchen,shop-12,Fri Jun 05 2026 11:59:00 GMT+0700 (Indochina Time),0,synthetic-preference-rule,0.2,0.1,2,0,0,0,1,0,429,1,8.9527,1,0.9918,0.4971,1,100,1
dat2-pair-1145,mock-reco-v1,20260902,1,1,train,4,dat2,product-086,cat-mother-baby,shop-01,Sun Jun 07 2026 02:54:00 GMT+0700 (Indochina Time),1,synthetic-preference-rule,1,0.1,6,1,0,1,1,0,378,1,9.3637,1,0.8959,0.8857,0,100,1
dat2-pair-1146,mock-reco-v1,20260902,1,1,heldout,0,dat2,product-105,cat-pets,shop-01,Mon Jun 08 2026 05:53:00 GMT+0700 (Indochina Time),0,synthetic-preference-rule,0.2,0.1,1,0,0,1,1,0,446,0.172,9.1074,0,0.6603,0.5543,1,100,1
dat2-pair-1147,mock-reco-v1,20260902,1,1,train,1,dat2,product-014,cat-computers,shop-07,Mon Jun 08 2026 20:56:00 GMT+0700 (Indochina Time),1,synthetic-preference-rule,0.2,1,5,1,1,0,1,0,415,0.441,8.2488,0,0.6685,0.5829,1,100,1
dat2-pair-1148,mock-reco-v1,20260902,1,1,train,2,dat2,product-011,cat-computers,shop-03,Tue Jun 09 2026 23:55:00 GMT+0700 (Indochina Time),0,synthetic-preference-rule,0.2,0.1,1,1,0,0,1,0,378,0.384,7.698,1,0.6603,0.6114,1,100,1
dat2-pair-1149,mock-reco-v1,20260902,1,1,train,3,dat2,product-050,cat-fashion-women,shop-10,Wed Jun 10 2026 15:06:00 GMT+0700 (Indochina Time),1,synthetic-preference-rule,1,0.1,4,1,0,0,1,0,490,1,9.3415,0,0.7534,0.8,1,100,1
dat2-pair-1150,mock-reco-v1,20260902,1,1,train,4,dat2,product-051,cat-fashion-men,shop-03,Thu Jun 11 2026 18:05:00 GMT+0700 (Indochina Time),0,synthetic-preference-rule,0.2,0.1,2,0,0,0,0.1111,1,452,1,8.8582,1,0.8137,0.4686,1,100,1
dat2-pair-1151,mock-reco-v1,20260902,1,1,heldout,0,dat2,product-076,cat-sports,shop-10,Fri Jun 12 2026 10:19:00 GMT+0700 (Indochina Time),1,synthetic-preference-rule,1,0.1,5,1,0,1,0.5278,0,479,0.277,9.2916,1,0.526,0.8571,1,100,1
dat2-pair-1152,mock-reco-v1,20260902,1,1,train,1,dat2,product-109,cat-pets,shop-10,Sat Jun 13 2026 07:20:00 GMT+0700 (Indochina Time),0,synthetic-preference-rule,0.2,0.1,2,0,0,0,1,0,380,0.4,8.4007,0,0.6274,0.5257,1,100,1
dat2-pair-1153,mock-reco-v1,20260902,1,1,train,2,dat2,product-101,cat-pets,shop-05,Sun Jun 14 2026 16:17:00 GMT+0700 (Indochina Time),1,synthetic-preference-rule,0.2,1,5,0,1,1,1,0,424,1,8.1599,1,0.6493,0.5543,1,100,1
dat2-pair-1154,mock-reco-v1,20260902,1,1,train,3,dat2,product-018,cat-computers,shop-03,Mon Jun 15 2026 13:18:00 GMT+0700 (Indochina Time),0,synthetic-preference-rule,0.2,0.1,2,0,0,0,1,0,393,1,9.1428,0,0.6795,0.5829,0,100,1
dat2-pair-1155,mock-reco-v1,20260902,1,1,train,4,dat2,product-040,cat-kitchen,shop-07,Tue Jun 16 2026 22:23:00 GMT+0700 (Indochina Time),1,synthetic-preference-rule,0.2,1,5,1,1,1,1,0,421,0.765,9.3859,0,0.9753,0.6114,1,100,1
dat2-pair-1156,mock-reco-v1,20260902,1,1,heldout,0,dat2,product-056,cat-fashion-men,shop-04,Wed Jun 17 2026 19:24:00 GMT+0700 (Indochina Time),0,synthetic-preference-rule,0.2,0.1,1,1,0,0,1,0,437,1,9.3834,1,0.8055,0.44,1,100,1
dat2-pair-1157,mock-reco-v1,20260902,1,1,train,1,dat2,product-066,cat-beauty,shop-07,Fri Jun 19 2026 04:21:00 GMT+0700 (Indochina Time),1,synthetic-preference-rule,1,1,6,1,1,0,1,0,384,1,7.1515,1,0.9123,0.8286,1,100,1
dat2-pair-1158,mock-reco-v1,20260902,1,1,train,2,dat2,product-114,cat-grocery,shop-11,Sat Jun 20 2026 01:22:00 GMT+0700 (Indochina Time),0,synthetic-preference-rule,0.2,0.1,1,1,0,0,1,0,470,1,8.9288,0,0.6274,0.4971,1,100,1
dat2-pair-1159,mock-reco-v1,20260902,1,1,train,3,dat2,product-085,cat-mother-baby,shop-08,Sat Jun 20 2026 10:27:00 GMT+0700 (Indochina Time),1,synthetic-preference-rule,1,1,5,1,1,1,0.8611,0,467,0.741,9.2142,0,0.8986,0.8857,1,100,1
dat2-pair-1160,mock-reco-v1,20260902,1,1,train,4,dat2,product-023,cat-home,shop-04,Sun Jun 21 2026 07:28:00 GMT+0700 (Indochina Time),0,synthetic-preference-rule,0.2,0.1,2,0,0,0,1,0,445,1,9.3744,1,0.8986,0.5543,1,100,1
dat2-pair-1161,mock-reco-v1,20260902,1,1,heldout,0,dat2,product-012,cat-computers,shop-08,Mon Jun 22 2026 20:00:00 GMT+0700 (Indochina Time),1,synthetic-preference-rule,0.2,1,5,1,1,0,0.3611,1,467,1,6.3716,1,0.663,0.5829,1,100,1
dat2-pair-1162,mock-reco-v1,20260902,1,1,train,1,dat2,product-093,cat-books,shop-12,Tue Jun 23 2026 22:59:00 GMT+0700 (Indochina Time),0,synthetic-preference-rule,0.2,0.1,2,0,0,0,1,0,436,0.046,8.9372,0,0.9726,0.6114,1,100,1
dat2-pair-1163,mock-reco-v1,20260902,1,1,train,2,dat2,product-049,cat-fashion-women,shop-05,Thu Jun 25 2026 01:58:00 GMT+0700 (Indochina Time),1,synthetic-preference-rule,1,1,5,1,1,0,1,0,453,0.477,9.1884,0,0.7562,0.8,1,100,1
dat2-pair-1164,mock-reco-v1,20260902,1,1,train,3,dat2,product-001,cat-electronics,shop-01,Fri Jun 26 2026 04:57:00 GMT+0700 (Indochina Time),0,synthetic-preference-rule,0.2,0.1,2,0,0,1,1,0,449,1,9.1876,1,0.5205,0.4686,0,100,1
dat2-pair-1165,mock-reco-v1,20260902,1,1,train,4,dat2,product-075,cat-sports,shop-05,Fri Jun 26 2026 08:04:00 GMT+0700 (Indochina Time),1,synthetic-preference-rule,1,1,4,1,1,0,1,0,390,1,6.1442,0,0.5233,0.8571,1,100,1
dat2-pair-1166,mock-reco-v1,20260902,1,1,heldout,0,dat2,product-029,cat-home,shop-11,Sat Jun 27 2026 11:03:00 GMT+0700 (Indochina Time),0,synthetic-preference-rule,0.2,0.1,1,1,0,0,1,0,415,1,9.1587,0,0.9151,0.5257,1,100,1
dat2-pair-1167,mock-reco-v1,20260902,1,1,train,1,dat2,product-099,cat-books,shop-07,Sun Jun 28 2026 14:02:00 GMT+0700 (Indochina Time),1,synthetic-preference-rule,0.2,1,5,1,1,1,0.5556,0,406,0.16,8.58,0,0.989,0.5543,1,100,1
dat2-pair-1168,mock-reco-v1,20260902,1,1,train,2,dat2,product-100,cat-books,shop-12,Mon Jun 29 2026 17:01:00 GMT+0700 (Indochina Time),0,synthetic-preference-rule,0.2,0.1,1,1,0,0,1,0,495,1,8.2174,1,0.9918,0.5829,1,100,1
dat2-pair-1169,mock-reco-v1,20260902,1,1,train,3,dat2,product-038,cat-kitchen,shop-09,Tue Jun 30 2026 19:52:00 GMT+0700 (Indochina Time),1,synthetic-preference-rule,0.2,1,5,0,1,1,1,0,451,0.651,7.1333,0,0.9808,0.6114,1,100,1
dat2-pair-1170,mock-reco-v1,20260902,1,1,train,4,dat2,product-006,cat-electronics,shop-02,Wed Jul 01 2026 22:51:00 GMT+0700 (Indochina Time),0,synthetic-preference-rule,0.2,0.1,2,0,0,0,1,0,382,0.14,8.5007,1,0.5288,0.44,1,100,1
dat2-pair-1171,mock-reco-v1,20260902,1,1,heldout,0,dat2,product-065,cat-beauty,shop-02,Thu Jul 02 2026 17:29:00 GMT+0700 (Indochina Time),1,synthetic-preference-rule,1,0.1,5,1,0,1,1,0,473,0.419,9.3637,0,0.9151,0.8286,1,100,1
dat2-pair-1172,mock-reco-v1,20260902,1,1,train,1,dat2,product-036,cat-kitchen,shop-10,Fri Jul 03 2026 14:30:00 GMT+0700 (Indochina Time),0,synthetic-preference-rule,0.2,0.1,2,0,0,0,1,0,399,1,8.4098,1,0.9863,0.4971,1,100,1
dat2-pair-1173,mock-reco-v1,20260902,1,1,train,2,dat2,product-084,cat-mother-baby,shop-02,Sat Jul 04 2026 11:31:00 GMT+0700 (Indochina Time),1,synthetic-preference-rule,1,0.1,6,1,0,0,1,0,408,1,7.5725,0,0.8795,0.8857,1,100,1
dat2-pair-1174,mock-reco-v1,20260902,1,1,train,3,dat2,product-106,cat-pets,shop-06,Sun Jul 05 2026 08:32:00 GMT+0700 (Indochina Time),0,synthetic-preference-rule,0.2,0.1,2,0,0,1,1,0,409,1,8.9096,1,0.663,0.5543,1,100,1
dat2-pair-1175,mock-reco-v1,20260902,1,1,train,4,dat2,product-009,cat-electronics,shop-05,Tue Jul 07 2026 05:33:00 GMT+0700 (Indochina Time),1,synthetic-preference-rule,0.2,1,5,1,1,1,1,0,405,1,9.0851,0,0.9918,0.5829,1,100,1
dat2-pair-1176,mock-reco-v1,20260902,1,1,heldout,0,dat2,product-013,cat-computers,shop-02,Wed Jul 08 2026 02:34:00 GMT+0700 (Indochina Time),0,synthetic-preference-rule,0.2,0.1,1,1,0,0,1,0,452,1,8.6019,0,0.6658,0.6114,1,100,1
dat2-pair-1177,mock-reco-v1,20260902,1,1,train,1,dat2,product-048,cat-fashion-women,shop-11,Wed Jul 08 2026 23:35:00 GMT+0700 (Indochina Time),1,synthetic-preference-rule,1,0.1,5,1,0,0,1,0,476,1,7.8785,0,0.7151,0.8,1,100,1
dat2-pair-1178,mock-reco-v1,20260902,1,1,train,2,dat2,product-053,cat-fashion-men,shop-01,Thu Jul 09 2026 20:36:00 GMT+0700 (Indochina Time),0,synthetic-preference-rule,0.2,0.1,1,1,0,0,1,0,400,1,9.237,0,0.8192,0.4686,1,100,1
dat2-pair-1179,mock-reco-v1,20260902,1,1,train,3,dat2,product-074,cat-sports,shop-12,Fri Jul 10 2026 17:21:00 GMT+0700 (Indochina Time),1,synthetic-preference-rule,1,0.1,5,1,0,0,1,0,427,1,7.0326,0,0.5096,0.8571,1,100,1
dat2-pair-1180,mock-reco-v1,20260902,1,1,train,4,dat2,product-110,cat-pets,shop-03,Sat Jul 11 2026 14:22:00 GMT+0700 (Indochina Time),0,synthetic-preference-rule,0.2,0.1,2,0,0,0,1,0,469,1,7.9484,0,0.6301,0.5257,1,100,1
dat2-pair-1181,mock-reco-v1,20260902,1,1,heldout,0,dat2,product-097,cat-books,shop-09,Sun Jul 12 2026 11:02:00 GMT+0700 (Indochina Time),1,synthetic-preference-rule,0.2,1,4,1,1,1,1,0,414,0.77,7.0335,0,0.9836,0.5543,1,100,1
dat2-pair-1182,mock-reco-v1,20260902,1,1,train,1,dat2,product-020,cat-computers,shop-01,Mon Jul 13 2026 14:01:00 GMT+0700 (Indochina Time),0,synthetic-preference-rule,0.2,0.1,2,0,0,0,1,0,423,1,9.3616,0,0.6411,0.5829,1,100,1
dat2-pair-1183,mock-reco-v1,20260902,1,1,train,2,dat2,product-035,cat-kitchen,shop-05,Wed Jul 15 2026 05:04:00 GMT+0700 (Indochina Time),1,synthetic-preference-rule,0.2,1,5,1,1,1,1,0,436,1,8.7177,0,0.9836,0.6114,0,100,1
dat2-pair-1184,mock-reco-v1,20260902,1,1,train,3,dat2,product-058,cat-fashion-men,shop-02,Wed Jul 15 2026 08:03:00 GMT+0700 (Indochina Time),0,synthetic-preference-rule,0.2,0.1,2,0,0,1,1,0,385,0.449,8.2509,0,0.811,0.44,1,100,1
dat2-pair-1185,mock-reco-v1,20260902,1,1,train,4,dat2,product-064,cat-beauty,shop-09,Thu Jul 16 2026 23:06:00 GMT+0700 (Indochina Time),1,synthetic-preference-rule,1,1,5,0,1,1,1,0,480,0.362,9.2141,0,0.9288,0.8286,1,100,1
dat2-pair-1186,mock-reco-v1,20260902,1,1,heldout,0,dat2,product-115,cat-grocery,shop-04,Sat Jul 18 2026 02:05:00 GMT+0700 (Indochina Time),0,synthetic-preference-rule,0.2,0.1,1,1,0,0,1,0,485,0.117,9.0135,0,0.6466,0.4971,1,100,1
dat2-pair-1187,mock-reco-v1,20260902,1,1,train,1,dat2,product-083,cat-mother-baby,shop-09,Sat Jul 18 2026 17:08:00 GMT+0700 (Indochina Time),1,synthetic-preference-rule,1,1,5,1,1,1,1,0,371,1,5.7838,0,0.8822,0.8857,1,100,1
dat2-pair-1188,mock-reco-v1,20260902,1,1,train,2,dat2,product-025,cat-home,shop-03,Sun Jul 19 2026 20:07:00 GMT+0700 (Indochina Time),0,synthetic-preference-rule,0.2,0.1,1,1,0,0,1,0,393,1,7.2189,0,0.9041,0.5543,1,100,1
dat2-pair-1189,mock-reco-v1,20260902,1,1,train,3,dat2,product-007,cat-electronics,shop-07,Mon Jul 20 2026 10:54:00 GMT+0700 (Indochina Time),1,synthetic-preference-rule,0.2,1,6,1,1,0,1,0,419,0.197,4.1109,0,0.537,0.5829,1,100,1
dat2-pair-1190,mock-reco-v1,20260902,1,1,train,4,dat2,product-095,cat-books,shop-10,Tue Jul 21 2026 13:53:00 GMT+0700 (Indochina Time),0,synthetic-preference-rule,0.2,0.1,2,0,0,0,1,0,466,1,9.1999,0,0.9781,0.6114,1,100,1
dat2-pair-1191,mock-reco-v1,20260902,1,1,heldout,0,dat2,product-047,cat-fashion-women,shop-06,Wed Jul 22 2026 08:31:00 GMT+0700 (Indochina Time),1,synthetic-preference-rule,1,0.1,5,1,0,0,1,0,439,0.363,6.9285,0,0.7178,0.8,1,100,1
dat2-pair-1192,mock-reco-v1,20260902,1,1,train,1,dat2,product-002,cat-electronics,shop-06,Fri Jul 24 2026 05:32:00 GMT+0700 (Indochina Time),0,synthetic-preference-rule,0.2,0.1,2,0,0,0,1,0,486,1,9.3408,0,0.5178,0.4686,1,100,1
dat2-pair-1193,mock-reco-v1,20260902,1,1,train,2,dat2,product-073,cat-sports,shop-07,Fri Jul 24 2026 14:29:00 GMT+0700 (Indochina Time),1,synthetic-preference-rule,1,1,5,1,1,0,1,0,464,1,7.9201,0,1,0.8571,1,100,1
dat2-pair-1194,mock-reco-v1,20260902,1,1,train,3,dat2,product-030,cat-home,shop-04,Sat Jul 25 2026 11:30:00 GMT+0700 (Indochina Time),0,synthetic-preference-rule,0.2,0.1,1,0,0,1,1,0,452,1,9.3161,0,0.9123,0.5257,1,100,1
dat2-pair-1195,mock-reco-v1,20260902,1,1,train,4,dat2,product-094,cat-books,shop-05,Sun Jul 26 2026 20:27:00 GMT+0700 (Indochina Time),1,synthetic-preference-rule,0.2,1,5,1,1,0,0.4722,1,399,1,8.698,0,0.9753,0.5543,1,100,1
dat2-pair-1196,mock-reco-v1,20260902,1,1,heldout,0,dat2,product-102,cat-pets,shop-10,Mon Jul 27 2026 17:28:00 GMT+0700 (Indochina Time),0,synthetic-preference-rule,0.2,0.1,1,1,0,0,1,0,387,1,7.5385,0,0.6521,0.5829,1,100,1
dat2-pair-1197,mock-reco-v1,20260902,1,1,train,1,dat2,product-033,cat-kitchen,shop-07,Wed Jul 29 2026 02:25:00 GMT+0700 (Indochina Time),1,synthetic-preference-rule,0.2,1,4,1,1,1,1,0,466,1,9.1429,0,0.989,0.6114,1,100,1
dat2-pair-1198,mock-reco-v1,20260902,1,1,train,2,dat2,product-008,cat-electronics,shop-12,Wed Jul 29 2026 23:26:00 GMT+0700 (Indochina Time),0,synthetic-preference-rule,0.2,0.1,2,0,0,0,0.7222,0,456,0.978,7.4265,0,0.5342,0.44,1,100,1
dat2-pair-1199,mock-reco-v1,20260902,1,1,train,3,dat2,product-063,cat-beauty,shop-04,Thu Jul 30 2026 08:39:00 GMT+0700 (Indochina Time),1,synthetic-preference-rule,1,0.1,5,1,0,1,1,0,443,1,9.0382,0,0.9315,0.8286,1,100,1
dat2-pair-1200,mock-reco-v1,20260902,1,1,train,4,dat2,product-037,cat-kitchen,shop-04,Sat Aug 01 2026 05:40:00 GMT+0700 (Indochina Time),0,synthetic-preference-rule,0.2,0.1,2,0,0,0,1,0,488,1,7.9628,0,0.9781,0.4971,1,100,1
dat2-pair-1201,mock-reco-v1,20260902,1,1,heldout,0,dat2,product-082,cat-mother-baby,shop-04,Sat Aug 01 2026 13:07:00 GMT+0700 (Indochina Time),1,synthetic-preference-rule,1,0.1,6,0,0,1,1,0,482,0.798,8.5529,0,0.8849,0.8857,1,100,1
dat2-pair-1202,mock-reco-v1,20260902,1,1,train,1,dat2,product-107,cat-pets,shop-11,Sun Aug 02 2026 10:08:00 GMT+0700 (Indochina Time),0,synthetic-preference-rule,0.2,0.1,2,0,0,0,1,0,394,1,8.6629,0,0.6658,0.5543,1,100,1
dat2-pair-1203,mock-reco-v1,20260902,1,1,train,2,dat2,product-005,cat-electronics,shop-09,Mon Aug 03 2026 19:05:00 GMT+0700 (Indochina Time),1,synthetic-preference-rule,0.2,1,5,1,1,1,1,0,471,1,8.1014,0,0.5315,0.5829,1,100,1
dat2-pair-1204,mock-reco-v1,20260902,1,1,train,3,dat2,product-015,cat-computers,shop-12,Tue Aug 04 2026 16:06:00 GMT+0700 (Indochina Time),0,synthetic-preference-rule,0.2,0.1,1,0,0,1,1,0,482,1,8.9526,0,0.6712,0.6114,1,100,1
dat2-pair-1205,mock-reco-v1,20260902,1,1,train,4,dat2,product-046,cat-fashion-women,shop-01,Thu Aug 06 2026 01:11:00 GMT+0700 (Indochina Time),1,synthetic-preference-rule,1,0.1,5,1,0,0,1,0,424,1,8.679,1,0.7205,0.8,1,100,1
dat2-pair-1206,mock-reco-v1,20260902,1,1,heldout,0,dat2,product-054,cat-fashion-men,shop-06,Thu Aug 06 2026 22:12:00 GMT+0700 (Indochina Time),0,synthetic-preference-rule,0.2,0.1,1,1,0,0,1,0,489,1,9.0654,0,0.8219,0.4686,1,100,1
dat2-pair-1207,mock-reco-v1,20260902,1,1,train,1,dat2,product-072,cat-sports,shop-01,Fri Aug 07 2026 07:09:00 GMT+0700 (Indochina Time),1,synthetic-preference-rule,1,0.1,5,1,0,0,0.1389,1,375,1,8.3827,0,0.5151,0.8571,1,100,1
dat2-pair-1208,mock-reco-v1,20260902,1,1,train,2,dat2,product-112,cat-grocery,shop-01,Sun Aug 09 2026 04:10:00 GMT+0700 (Indochina Time),0,synthetic-preference-rule,0.2,0.1,2,0,0,0,1,0,418,0.174,8.3682,0,0.6329,0.5257,1,100,1
dat2-pair-1209,mock-reco-v1,20260902,1,1,train,3,dat2,product-092,cat-books,shop-07,Sun Aug 09 2026 12:59:00 GMT+0700 (Indochina Time),1,synthetic-preference-rule,0.2,1,5,1,1,0,1,0,451,0.827,7.9204,0,0.9699,0.5543,1,100,1
dat2-pair-1210,mock-reco-v1,20260902,1,1,train,4,dat2,product-021,cat-home,shop-06,Mon Aug 10 2026 10:00:00 GMT+0700 (Indochina Time),0,synthetic-preference-rule,0.2,0.1,2,0,0,0,1,0,371,0.539,9.0531,1,0.8932,0.5829,1,100,1
dat2-pair-1211,mock-reco-v1,20260902,1,1,heldout,0,dat2,product-031,cat-kitchen,shop-09,Tue Aug 11 2026 15:38:00 GMT+0700 (Indochina Time),1,synthetic-preference-rule,0.2,1,5,1,1,0,1,0,414,0.594,6.3733,1,0.9945,0.6114,1,100,1
dat2-pair-1212,mock-reco-v1,20260902,1,1,train,1,dat2,product-060,cat-fashion-men,shop-12,Wed Aug 12 2026 18:37:00 GMT+0700 (Indochina Time),0,synthetic-preference-rule,0.2,0.1,2,0,0,0,1,0,371,1,8.8635,0,0.8384,0.44,1,100,1
dat2-pair-1213,mock-reco-v1,20260902,1,1,train,2,dat2,product-062,cat-beauty,shop-11,Thu Aug 13 2026 09:40:00 GMT+0700 (Indochina Time),1,synthetic-preference-rule,1,0.1,4,1,0,1,1,0,406,1,8.8247,0,0.9233,0.8286,1,100,1
dat2-pair-1214,mock-reco-v1,20260902,1,1,train,3,dat2,product-117,cat-grocery,shop-02,Fri Aug 14 2026 12:39:00 GMT+0700 (Indochina Time),0,synthetic-preference-rule,0.2,0.1,1,1,0,0,1,0,411,1,9.3458,0,0.6411,0.4971,1,100,1
dat2-pair-1215,mock-reco-v1,20260902,1,1,train,4,dat2,product-081,cat-mother-baby,shop-11,Sun Aug 16 2026 03:34:00 GMT+0700 (Indochina Time),1,synthetic-preference-rule,1,0.1,5,1,0,1,1,0,445,0.017,8.1784,1,0.8877,0.8857,1,100,1
dat2-pair-1216,mock-reco-v1,20260902,1,1,heldout,0,dat2,product-027,cat-home,shop-01,Mon Aug 17 2026 06:33:00 GMT+0700 (Indochina Time),0,synthetic-preference-rule,0.2,0.1,1,1,0,0,1,0,467,1,8.5768,0,0.9096,0.5543,1,100,1
dat2-pair-1217,mock-reco-v1,20260902,1,1,train,1,dat2,product-120,cat-grocery,shop-05,Mon Aug 17 2026 21:36:00 GMT+0700 (Indochina Time),1,synthetic-preference-rule,0.2,1,6,0,1,1,1,0,462,1,8.5679,0,0.611,0.5829,0,100,1
dat2-pair-1218,mock-reco-v1,20260902,1,1,train,2,dat2,product-096,cat-books,shop-03,Wed Aug 19 2026 00:35:00 GMT+0700 (Indochina Time),0,synthetic-preference-rule,0.2,0.1,2,0,0,0,1,0,429,1,9.0212,1,0.9808,0.6114,1,100,1
dat2-pair-1219,mock-reco-v1,20260902,1,1,train,3,dat2,product-045,cat-fashion-women,shop-08,Wed Aug 19 2026 15:30:00 GMT+0700 (Indochina Time),1,synthetic-preference-rule,1,1,5,1,1,1,0.1944,1,387,1,8.3568,1,0.7233,0.8,1,100,1
dat2-pair-1220,mock-reco-v1,20260902,1,1,train,4,dat2,product-003,cat-electronics,shop-11,Thu Aug 20 2026 18:29:00 GMT+0700 (Indochina Time),0,synthetic-preference-rule,0.2,0.1,2,0,0,0,1,0,397,1,8.7852,0,0.526,0.4686,1,100,1
dat2-pair-1221,mock-reco-v1,20260902,1,1,heldout,0,dat2,product-071,cat-sports,shop-08,Sat Aug 22 2026 00:01:00 GMT+0700 (Indochina Time),1,synthetic-preference-rule,1,1,5,1,1,0,1,0,412,0.334,8.6978,1,0.5123,0.8571,1,100,1
dat2-pair-1222,mock-reco-v1,20260902,1,1,train,1,dat2,product-032,cat-kitchen,shop-02,Sat Aug 22 2026 21:02:00 GMT+0700 (Indochina Time),0,synthetic-preference-rule,0.2,0.1,2,0,0,1,1,0,377,1,9.3026,0,0.9973,0.5257,1,100,1
dat2-pair-1223,mock-reco-v1,20260902,1,1,train,2,dat2,product-090,cat-mother-baby,shop-09,Sun Aug 23 2026 18:03:00 GMT+0700 (Indochina Time),1,synthetic-preference-rule,1,1,5,1,1,0,1,0,400,1,8.7216,0,0.9068,0.9143,1,100,1
dat2-pair-1224,mock-reco-v1,20260902,1,1,train,3,dat2,product-103,cat-pets,shop-03,Mon Aug 24 2026 15:04:00 GMT+0700 (Indochina Time),0,synthetic-preference-rule,0.2,0.1,1,1,0,0,1,0,372,0.286,5.5607,0,0.6548,0.5829,0,100,1
dat2-pair-1225,mock-reco-v1,20260902,1,1,train,4,dat2,product-026,cat-home,shop-08,Tue Aug 25 2026 12:05:00 GMT+0700 (Indochina Time),1,synthetic-preference-rule,0.2,1,5,1,1,1,1,0,430,1,8.001,1,0.9014,0.6114,1,100,1
dat2-pair-1226,mock-reco-v1,20260902,1,1,heldout,0,dat2,product-010,cat-electronics,shop-10,Wed Aug 26 2026 09:06:00 GMT+0700 (Indochina Time),0,synthetic-preference-rule,0.2,0.1,1,1,0,0,1,0,442,0.368,9.2536,0,0.989,0.44,1,100,1
dat2-pair-1227,mock-reco-v1,20260902,1,1,train,1,dat2,product-061,cat-beauty,shop-06,Fri Aug 28 2026 06:07:00 GMT+0700 (Indochina Time),1,synthetic-preference-rule,1,0.1,5,1,0,0,1,0,495,1,8.5528,1,0.926,0.8286,1,100,1
dat2-pair-1228,mock-reco-v1,20260902,1,1,train,2,dat2,product-039,cat-kitchen,shop-02,Sat Aug 29 2026 03:08:00 GMT+0700 (Indochina Time),0,synthetic-preference-rule,0.2,0.1,2,0,0,0,1,0,458,1,7.3382,0,0.9726,0.4971,1,100,1
dat2-pair-1229,mock-reco-v1,20260902,1,1,train,3,dat2,product-080,cat-sports,shop-06,Sun Aug 30 2026 00:09:00 GMT+0700 (Indochina Time),1,synthetic-preference-rule,1,0.1,4,1,0,1,1,0,457,0.505,8.1371,0,0.9863,0.8857,1,100,1
dat2-pair-1230,mock-reco-v1,20260902,1,1,train,4,dat2,product-108,cat-pets,shop-04,Mon Jun 01 2026 21:10:00 GMT+0700 (Indochina Time),0,synthetic-preference-rule,0.2,0.1,2,0,0,0,0.5833,0,483,0.229,8.3345,0,0.6685,0.5543,1,100,1
dat2-pair-1231,mock-reco-v1,20260902,1,1,heldout,0,dat2,product-118,cat-grocery,shop-07,Wed Jun 03 2026 02:32:00 GMT+0700 (Indochina Time),1,synthetic-preference-rule,0.2,1,6,1,1,1,0.5556,0,448,0.06,6.9754,0,0.6384,0.5829,1,100,1
dat2-pair-1232,mock-reco-v1,20260902,1,1,train,1,dat2,product-017,cat-computers,shop-10,Thu Jun 04 2026 05:31:00 GMT+0700 (Indochina Time),0,synthetic-preference-rule,0.2,0.1,2,0,0,1,1,0,430,1,9.3026,0,0.6767,0.6114,1,100,1
dat2-pair-1233,mock-reco-v1,20260902,1,1,train,2,dat2,product-044,cat-fashion-women,shop-03,Thu Jun 04 2026 08:30:00 GMT+0700 (Indochina Time),1,synthetic-preference-rule,1,0.1,6,0,0,1,1,0,372,1,9.1178,0,0.726,0.8,1,100,1
dat2-pair-1234,mock-reco-v1,20260902,1,1,train,3,dat2,product-055,cat-fashion-men,shop-11,Fri Jun 05 2026 11:29:00 GMT+0700 (Indochina Time),0,synthetic-preference-rule,0.2,0.1,1,1,0,0,0.7778,0,474,0.392,7.7017,0,0.8027,0.4686,1,100,1
dat2-pair-1235,mock-reco-v1,20260902,1,1,train,4,dat2,product-070,cat-beauty,shop-03,Sat Jun 06 2026 14:36:00 GMT+0700 (Indochina Time),1,synthetic-preference-rule,1,0.1,4,1,0,0,0.7778,0,488,0.972,8.6739,0,0.9014,0.8571,1,100,1
dat2-pair-1236,mock-reco-v1,20260902,1,1,heldout,0,dat2,product-113,cat-grocery,shop-06,Sun Jun 07 2026 17:35:00 GMT+0700 (Indochina Time),0,synthetic-preference-rule,0.2,0.1,1,1,0,0,1,0,433,0.955,8.6873,0,0.6301,0.5257,1,100,1
dat2-pair-1237,mock-reco-v1,20260902,1,1,train,1,dat2,product-089,cat-mother-baby,shop-04,Mon Jun 08 2026 20:34:00 GMT+0700 (Indochina Time),1,synthetic-preference-rule,1,0.1,5,1,0,0,1,0,489,0.969,8.4152,1,0.9096,0.9143,1,100,1
dat2-pair-1238,mock-reco-v1,20260902,1,1,train,2,dat2,product-022,cat-home,shop-11,Tue Jun 09 2026 23:33:00 GMT+0700 (Indochina Time),0,synthetic-preference-rule,0.2,0.1,2,0,0,0,1,0,408,1,9.2266,0,0.8904,0.5829,1,100,1
dat2-pair-1239,mock-reco-v1,20260902,1,1,train,3,dat2,product-024,cat-home,shop-09,Thu Jun 11 2026 02:40:00 GMT+0700 (Indochina Time),1,synthetic-preference-rule,0.2,1,5,1,1,0,0.2778,1,482,1,7.2457,0,0.8959,0.6114,1,100,1
dat2-pair-1240,mock-reco-v1,20260902,1,1,train,4,dat2,product-091,cat-books,shop-02,Fri Jun 12 2026 05:39:00 GMT+0700 (Indochina Time),0,synthetic-preference-rule,0.2,0.1,2,0,0,0,1,0,488,1,8.383,1,0.9671,0.44,1,100,1
dat2-pair-1241,mock-reco-v1,20260902,1,1,heldout,0,dat2,product-059,cat-fashion-men,shop-07,Sat Jun 13 2026 05:03:00 GMT+0700 (Indochina Time),1,synthetic-preference-rule,0.2,1,5,1,1,1,1,0,408,1,9.0697,0,0.8356,0.4686,1,100,1
dat2-pair-1242,mock-reco-v1,20260902,1,1,train,1,dat2,product-119,cat-grocery,shop-12,Sun Jun 14 2026 02:04:00 GMT+0700 (Indochina Time),0,synthetic-preference-rule,0.2,0.1,1,0,0,1,0.75,0,425,0.345,8.2,0,0.6137,0.4971,1,100,1
dat2-pair-1243,mock-reco-v1,20260902,1,1,train,2,dat2,product-079,cat-sports,shop-01,Sun Jun 14 2026 11:01:00 GMT+0700 (Indochina Time),1,synthetic-preference-rule,1,0.1,5,1,0,0,1,0,494,1,8.5248,0,0.9836,0.8857,1,100,1
dat2-pair-1244,mock-reco-v1,20260902,1,1,train,3,dat2,product-028,cat-home,shop-06,Mon Jun 15 2026 08:02:00 GMT+0700 (Indochina Time),0,synthetic-preference-rule,0.2,0.1,1,1,0,0,0.9444,0,378,0.482,8.843,0,0.9068,0.5543,1,100,1
dat2-pair-1245,mock-reco-v1,20260902,1,1,train,4,dat2,product-116,cat-grocery,shop-09,Tue Jun 16 2026 16:59:00 GMT+0700 (Indochina Time),1,synthetic-preference-rule,0.2,1,4,1,1,1,1,0,396,0.898,9.1934,1,0.6438,0.5829,1,100,1
dat2-pair-1246,mock-reco-v1,20260902,1,1,heldout,0,dat2,product-098,cat-books,shop-02,Wed Jun 17 2026 14:00:00 GMT+0700 (Indochina Time),0,synthetic-preference-rule,0.2,0.1,2,0,0,0,0.1944,1,377,1,9.3514,0,0.9863,0.6114,1,100,1
dat2-pair-1247,mock-reco-v1,20260902,1,1,train,1,dat2,product-043,cat-fashion-women,shop-10,Thu Jun 18 2026 22:57:00 GMT+0700 (Indochina Time),1,synthetic-preference-rule,1,0.1,6,1,0,1,1,0,461,1,8.9223,0,0.7288,0.8,1,100,1
dat2-pair-1248,mock-reco-v1,20260902,1,1,train,2,dat2,product-004,cat-electronics,shop-04,Fri Jun 19 2026 19:58:00 GMT+0700 (Indochina Time),0,synthetic-preference-rule,0.2,0.1,2,0,0,0,1,0,434,0.254,9.0065,0,0.5233,0.4686,1,100,1
dat2-pair-1249,mock-reco-v1,20260902,1,1,train,3,dat2,product-069,cat-beauty,shop-10,Sun Jun 21 2026 05:11:00 GMT+0700 (Indochina Time),1,synthetic-preference-rule,1,0.1,6,0,0,1,1,0,451,0.191,8.3497,0,0.9041,0.8571,0,100,1
dat2-pair-1250,mock-reco-v1,20260902,1,1,train,4,dat2,product-034,cat-kitchen,shop-12,Mon Jun 22 2026 02:12:00 GMT+0700 (Indochina Time),0,synthetic-preference-rule,0.2,0.1,2,0,0,0,1,0,429,1,8.9527,1,0.9918,0.5257,1,100,1
dat2-pair-1251,mock-reco-v1,20260902,1,1,heldout,0,dat2,product-088,cat-mother-baby,shop-11,Mon Jun 22 2026 07:34:00 GMT+0700 (Indochina Time),1,synthetic-preference-rule,1,0.1,4,1,0,0,1,0,430,0.684,9.0384,0,0.8904,0.9143,1,100,1
dat2-pair-1252,mock-reco-v1,20260902,1,1,train,1,dat2,product-105,cat-pets,shop-01,Tue Jun 23 2026 10:33:00 GMT+0700 (Indochina Time),0,synthetic-preference-rule,0.2,0.1,1,0,0,1,1,0,446,0.172,9.1074,0,0.6603,0.5829,1,100,1
dat2-pair-1253,mock-reco-v1,20260902,1,1,train,2,dat2,product-019,cat-computers,shop-08,Thu Jun 25 2026 01:36:00 GMT+0700 (Indochina Time),1,synthetic-preference-rule,0.2,1,5,1,1,0,1,0,460,1,7.1325,0,0.6384,0.6114,1,100,1
dat2-pair-1254,mock-reco-v1,20260902,1,1,train,3,dat2,product-011,cat-computers,shop-03,Fri Jun 26 2026 04:35:00 GMT+0700 (Indochina Time),0,synthetic-preference-rule,0.2,0.1,1,1,0,0,1,0,378,0.384,7.698,1,0.6603,0.44,1,100,1
dat2-pair-1255,mock-reco-v1,20260902,1,1,train,4,dat2,product-057,cat-fashion-men,shop-09,Fri Jun 26 2026 19:38:00 GMT+0700 (Indochina Time),1,synthetic-preference-rule,0.2,1,5,0,1,1,1,0,422,1,8.6034,0,0.8082,0.4686,1,100,1
dat2-pair-1256,mock-reco-v1,20260902,1,1,heldout,0,dat2,product-051,cat-fashion-men,shop-03,Sat Jun 27 2026 22:37:00 GMT+0700 (Indochina Time),0,synthetic-preference-rule,0.2,0.1,2,0,0,0,0.1111,1,452,1,8.8582,1,0.8137,0.4971,1,100,1
dat2-pair-1257,mock-reco-v1,20260902,1,1,train,1,dat2,product-078,cat-sports,shop-08,Sun Jun 28 2026 13:40:00 GMT+0700 (Indochina Time),1,synthetic-preference-rule,1,1,5,1,1,1,1,0,405,1,8.9371,1,0.5205,0.8857,1,100,1
dat2-pair-1258,mock-reco-v1,20260902,1,1,train,2,dat2,product-109,cat-pets,shop-10,Mon Jun 29 2026 16:39:00 GMT+0700 (Indochina Time),0,synthetic-preference-rule,0.2,0.1,2,0,0,0,1,0,380,0.4,8.4007,0,0.6274,0.5543,1,100,1
dat2-pair-1259,mock-reco-v1,20260902,1,1,train,3,dat2,product-111,cat-grocery,shop-08,Tue Jun 30 2026 07:26:00 GMT+0700 (Indochina Time),1,synthetic-preference-rule,0.2,1,5,1,1,0,1,0,381,1,7.8969,1,0.6356,0.5829,1,100,1
dat2-pair-1260,mock-reco-v1,20260902,1,1,train,4,dat2,product-018,cat-computers,shop-03,Wed Jul 01 2026 10:25:00 GMT+0700 (Indochina Time),0,synthetic-preference-rule,0.2,0.1,2,0,0,0,1,0,393,1,9.1428,0,0.6795,0.6114,0,100,1
dat2-pair-1261,mock-reco-v1,20260902,1,1,heldout,0,dat2,product-042,cat-fashion-women,shop-05,Thu Jul 02 2026 12:13:00 GMT+0700 (Indochina Time),1,synthetic-preference-rule,1,1,5,1,1,1,1,0,446,0.306,5.8693,0,0.7315,0.8,1,100,1
dat2-pair-1262,mock-reco-v1,20260902,1,1,train,1,dat2,product-056,cat-fashion-men,shop-04,Fri Jul 03 2026 09:14:00 GMT+0700 (Indochina Time),0,synthetic-preference-rule,0.2,0.1,1,1,0,0,1,0,437,1,9.3834,1,0.8055,0.4686,1,100,1
dat2-pair-1263,mock-reco-v1,20260902,1,1,train,2,dat2,product-068,cat-beauty,shop-05,Sun Jul 05 2026 06:15:00 GMT+0700 (Indochina Time),1,synthetic-preference-rule,1,1,6,1,1,1,1,0,458,1,8.4149,0,0.9178,0.8571,1,100,1
dat2-pair-1264,mock-reco-v1,20260902,1,1,train,3,dat2,product-114,cat-grocery,shop-11,Mon Jul 06 2026 03:16:00 GMT+0700 (Indochina Time),0,synthetic-preference-rule,0.2,0.1,1,1,0,0,1,0,470,1,8.9288,0,0.6274,0.5257,1,100,1
dat2-pair-1265,mock-reco-v1,20260902,1,1,train,4,dat2,product-087,cat-mother-baby,shop-06,Tue Jul 07 2026 00:09:00 GMT+0700 (Indochina Time),1,synthetic-preference-rule,1,0.1,5,1,0,0,1,0,393,1,8.8248,0,0.8932,0.9143,1,100,1
dat2-pair-1266,mock-reco-v1,20260902,1,1,heldout,0,dat2,product-023,cat-home,shop-04,Tue Jul 07 2026 21:10:00 GMT+0700 (Indochina Time),0,synthetic-preference-rule,0.2,0.1,2,0,0,0,1,0,445,1,9.3744,1,0.8986,0.5829,1,100,1
dat2-pair-1267,mock-reco-v1,20260902,1,1,train,1,dat2,product-016,cat-computers,shop-05,Wed Jul 08 2026 18:11:00 GMT+0700 (Indochina Time),1,synthetic-preference-rule,0.2,1,4,1,1,0,1,0,445,0.327,8.7175,1,0.674,0.6114,1,100,1
dat2-pair-1268,mock-reco-v1,20260902,1,1,train,2,dat2,product-093,cat-books,shop-12,Thu Jul 09 2026 15:12:00 GMT+0700 (Indochina Time),0,synthetic-preference-rule,0.2,0.1,2,0,0,0,1,0,436,0.046,8.9372,0,0.9726,0.44,1,100,1
dat2-pair-1269,mock-reco-v1,20260902,1,1,train,3,dat2,product-052,cat-fashion-men,shop-08,Fri Jul 10 2026 12:05:00 GMT+0700 (Indochina Time),1,synthetic-preference-rule,0.2,1,5,1,1,0,1,0,415,0.335,8.5966,0,0.8164,0.4686,0,100,1
dat2-pair-1270,mock-reco-v1,20260902,1,1,train,4,dat2,product-001,cat-electronics,shop-01,Sat Jul 11 2026 09:06:00 GMT+0700 (Indochina Time),0,synthetic-preference-rule,0.2,0.1,2,0,0,1,1,0,449,1,9.1876,1,0.5205,0.4971,0,100,1
dat2-pair-1271,mock-reco-v1,20260902,1,1,heldout,0,dat2,product-077,cat-sports,shop-03,Sun Jul 12 2026 14:44:00 GMT+0700 (Indochina Time),1,synthetic-preference-rule,1,0.1,5,0,0,1,1,0,442,0.22,9.13,0,0.5178,0.8857,1,100,1
dat2-pair-1272,mock-reco-v1,20260902,1,1,train,1,dat2,product-029,cat-home,shop-11,Mon Jul 13 2026 17:43:00 GMT+0700 (Indochina Time),0,synthetic-preference-rule,0.2,0.1,1,1,0,0,1,0,415,1,9.1587,0,0.9151,0.5543,1,100,1
dat2-pair-1273,mock-reco-v1,20260902,1,1,train,2,dat2,product-104,cat-pets,shop-08,Tue Jul 14 2026 20:42:00 GMT+0700 (Indochina Time),1,synthetic-preference-rule,0.2,1,5,1,1,1,0.0833,1,461,1,9.2725,0,0.6575,0.5829,1,100,1
dat2-pair-1274,mock-reco-v1,20260902,1,1,train,3,dat2,product-100,cat-books,shop-12,Wed Jul 15 2026 23:41:00 GMT+0700 (Indochina Time),0,synthetic-preference-rule,0.2,0.1,1,1,0,0,1,0,495,1,8.2174,1,0.9918,0.6114,1,100,1
dat2-pair-1275,mock-reco-v1,20260902,1,1,train,4,dat2,product-041,cat-fashion-women,shop-12,Fri Jul 17 2026 02:40:00 GMT+0700 (Indochina Time),1,synthetic-preference-rule,1,0.1,5,1,0,0,1,0,409,1,9.2813,1,0.7342,0.8,1,100,1
dat2-pair-1276,mock-reco-v1,20260902,1,1,heldout,0,dat2,product-006,cat-electronics,shop-02,Sat Jul 18 2026 05:39:00 GMT+0700 (Indochina Time),0,synthetic-preference-rule,0.2,0.1,2,0,0,0,1,0,382,0.14,8.5007,1,0.5288,0.4686,1,100,1
dat2-pair-1277,mock-reco-v1,20260902,1,1,train,1,dat2,product-067,cat-beauty,shop-12,Sat Jul 18 2026 08:38:00 GMT+0700 (Indochina Time),1,synthetic-preference-rule,1,0.1,5,1,0,1,1,0,421,1,7.9707,1,0.9205,0.8571,1,100,1
dat2-pair-1278,mock-reco-v1,20260902,1,1,train,2,dat2,product-036,cat-kitchen,shop-10,Sun Jul 19 2026 11:37:00 GMT+0700 (Indochina Time),0,synthetic-preference-rule,0.2,0.1,2,0,0,0,1,0,399,1,8.4098,1,0.9863,0.5257,1,100,1
dat2-pair-1279,mock-reco-v1,20260902,1,1,train,3,dat2,product-086,cat-mother-baby,shop-01,Mon Jul 20 2026 14:36:00 GMT+0700 (Indochina Time),1,synthetic-preference-rule,1,0.1,6,1,0,1,1,0,378,1,9.3637,1,0.8959,0.9143,0,100,1
dat2-pair-1280,mock-reco-v1,20260902,1,1,train,4,dat2,product-106,cat-pets,shop-06,Tue Jul 21 2026 17:35:00 GMT+0700 (Indochina Time),0,synthetic-preference-rule,0.2,0.1,2,0,0,1,1,0,409,1,8.9096,1,0.663,0.5829,1,100,1
dat2-pair-1281,mock-reco-v1,20260902,1,1,heldout,0,dat2,product-014,cat-computers,shop-07,Wed Jul 22 2026 08:59:00 GMT+0700 (Indochina Time),1,synthetic-preference-rule,0.2,1,5,1,1,0,1,0,415,0.441,8.2488,0,0.6685,0.6114,1,100,1
dat2-pair-1282,mock-reco-v1,20260902,1,1,train,1,dat2,product-013,cat-computers,shop-02,Fri Jul 24 2026 06:00:00 GMT+0700 (Indochina Time),0,synthetic-preference-rule,0.2,0.1,1,1,0,0,1,0,452,1,8.6019,0,0.6658,0.44,1,100,1
dat2-pair-1283,mock-reco-v1,20260902,1,1,train,2,dat2,product-050,cat-fashion-women,shop-10,Fri Jul 24 2026 14:57:00 GMT+0700 (Indochina Time),1,synthetic-preference-rule,1,0.1,4,1,0,0,1,0,490,1,9.3415,0,0.7534,0.8286,1,100,1
dat2-pair-1284,mock-reco-v1,20260902,1,1,train,3,dat2,product-053,cat-fashion-men,shop-01,Sat Jul 25 2026 11:58:00 GMT+0700 (Indochina Time),0,synthetic-preference-rule,0.2,0.1,1,1,0,0,1,0,400,1,9.237,0,0.8192,0.4971,1,100,1
dat2-pair-1285,mock-reco-v1,20260902,1,1,train,4,dat2,product-076,cat-sports,shop-10,Sun Jul 26 2026 21:03:00 GMT+0700 (Indochina Time),1,synthetic-preference-rule,1,0.1,5,1,0,1,0.5278,0,479,0.277,9.2916,1,0.526,0.8857,1,100,1
dat2-pair-1286,mock-reco-v1,20260902,1,1,heldout,0,dat2,product-110,cat-pets,shop-03,Mon Jul 27 2026 18:04:00 GMT+0700 (Indochina Time),0,synthetic-preference-rule,0.2,0.1,2,0,0,0,1,0,469,1,7.9484,0,0.6301,0.5543,1,100,1
dat2-pair-1287,mock-reco-v1,20260902,1,1,train,1,dat2,product-101,cat-pets,shop-05,Wed Jul 29 2026 03:01:00 GMT+0700 (Indochina Time),1,synthetic-preference-rule,0.2,1,5,0,1,1,1,0,424,1,8.1599,1,0.6493,0.5829,1,100,1
dat2-pair-1288,mock-reco-v1,20260902,1,1,train,2,dat2,product-020,cat-computers,shop-01,Thu Jul 30 2026 00:02:00 GMT+0700 (Indochina Time),0,synthetic-preference-rule,0.2,0.1,2,0,0,0,1,0,423,1,9.3616,0,0.6411,0.6114,1,100,1
dat2-pair-1289,mock-reco-v1,20260902,1,1,train,3,dat2,product-040,cat-kitchen,shop-07,Thu Jul 30 2026 09:07:00 GMT+0700 (Indochina Time),1,synthetic-preference-rule,0.2,1,5,1,1,1,1,0,421,0.765,9.3859,0,0.9753,0.44,1,100,1
dat2-pair-1290,mock-reco-v1,20260902,1,1,train,4,dat2,product-058,cat-fashion-men,shop-02,Sat Aug 01 2026 06:08:00 GMT+0700 (Indochina Time),0,synthetic-preference-rule,0.2,0.1,2,0,0,1,1,0,385,0.449,8.2509,0,0.811,0.4686,1,100,1
dat2-pair-1291,mock-reco-v1,20260902,1,1,heldout,0,dat2,product-066,cat-beauty,shop-07,Sat Aug 01 2026 11:30:00 GMT+0700 (Indochina Time),1,synthetic-preference-rule,1,1,6,1,1,0,1,0,384,1,7.1515,1,0.9123,0.8571,1,100,1
dat2-pair-1292,mock-reco-v1,20260902,1,1,train,1,dat2,product-115,cat-grocery,shop-04,Sun Aug 02 2026 14:29:00 GMT+0700 (Indochina Time),0,synthetic-preference-rule,0.2,0.1,1,1,0,0,1,0,485,0.117,9.0135,0,0.6466,0.5257,1,100,1
dat2-pair-1293,mock-reco-v1,20260902,1,1,train,2,dat2,product-085,cat-mother-baby,shop-08,Tue Aug 04 2026 05:32:00 GMT+0700 (Indochina Time),1,synthetic-preference-rule,1,1,5,1,1,1,0.8611,0,467,0.741,9.2142,0,0.8986,0.9143,1,100,1
dat2-pair-1294,mock-reco-v1,20260902,1,1,train,3,dat2,product-025,cat-home,shop-03,Tue Aug 04 2026 08:31:00 GMT+0700 (Indochina Time),0,synthetic-preference-rule,0.2,0.1,1,1,0,0,1,0,393,1,7.2189,0,0.9041,0.5829,1,100,1
dat2-pair-1295,mock-reco-v1,20260902,1,1,train,4,dat2,product-012,cat-computers,shop-08,Wed Aug 05 2026 23:26:00 GMT+0700 (Indochina Time),1,synthetic-preference-rule,0.2,1,5,1,1,0,0.3611,1,467,1,6.3716,1,0.663,0.6114,1,100,1
dat2-pair-1296,mock-reco-v1,20260902,1,1,heldout,0,dat2,product-095,cat-books,shop-10,Fri Aug 07 2026 02:25:00 GMT+0700 (Indochina Time),0,synthetic-preference-rule,0.2,0.1,2,0,0,0,1,0,466,1,9.1999,0,0.9781,0.44,1,100,1
dat2-pair-1297,mock-reco-v1,20260902,1,1,train,1,dat2,product-049,cat-fashion-women,shop-05,Fri Aug 07 2026 17:28:00 GMT+0700 (Indochina Time),1,synthetic-preference-rule,1,1,5,1,1,0,1,0,453,0.477,9.1884,0,0.7562,0.8286,1,100,1
dat2-pair-1298,mock-reco-v1,20260902,1,1,train,2,dat2,product-002,cat-electronics,shop-06,Sat Aug 08 2026 20:27:00 GMT+0700 (Indochina Time),0,synthetic-preference-rule,0.2,0.1,2,0,0,0,1,0,486,1,9.3408,0,0.5178,0.4971,1,100,1
dat2-pair-1299,mock-reco-v1,20260902,1,1,train,3,dat2,product-075,cat-sports,shop-05,Sun Aug 09 2026 11:38:00 GMT+0700 (Indochina Time),1,synthetic-preference-rule,1,1,4,1,1,0,1,0,390,1,6.1442,0,0.5233,0.8857,1,100,1
dat2-pair-1300,mock-reco-v1,20260902,1,1,train,4,dat2,product-030,cat-home,shop-04,Mon Aug 10 2026 14:37:00 GMT+0700 (Indochina Time),0,synthetic-preference-rule,0.2,0.1,1,0,0,1,1,0,452,1,9.3161,0,0.9123,0.5543,1,100,1
dat2-pair-1301,mock-reco-v1,20260902,1,1,heldout,0,dat2,product-099,cat-books,shop-07,Tue Aug 11 2026 18:48:00 GMT+0700 (Indochina Time),1,synthetic-preference-rule,0.2,1,5,1,1,1,0.5556,0,406,0.16,8.58,0,0.989,0.5829,1,100,1
dat2-pair-1302,mock-reco-v1,20260902,1,1,train,1,dat2,product-102,cat-pets,shop-10,Wed Aug 12 2026 21:47:00 GMT+0700 (Indochina Time),0,synthetic-preference-rule,0.2,0.1,1,1,0,0,1,0,387,1,7.5385,0,0.6521,0.6114,1,100,1
dat2-pair-1303,mock-reco-v1,20260902,1,1,train,2,dat2,product-038,cat-kitchen,shop-09,Fri Aug 14 2026 00:46:00 GMT+0700 (Indochina Time),1,synthetic-preference-rule,0.2,1,5,0,1,1,1,0,451,0.651,7.1333,0,0.9808,0.44,1,100,1
dat2-pair-1304,mock-reco-v1,20260902,1,1,train,3,dat2,product-008,cat-electronics,shop-12,Sat Aug 15 2026 03:45:00 GMT+0700 (Indochina Time),0,synthetic-preference-rule,0.2,0.1,2,0,0,0,0.7222,0,456,0.978,7.4265,0,0.5342,0.4686,1,100,1
dat2-pair-1305,mock-reco-v1,20260902,1,1,train,4,dat2,product-065,cat-beauty,shop-02,Sun Aug 16 2026 06:52:00 GMT+0700 (Indochina Time),1,synthetic-preference-rule,1,0.1,5,1,0,1,1,0,473,0.419,9.3637,0,0.9151,0.8571,1,100,1
dat2-pair-1306,mock-reco-v1,20260902,1,1,heldout,0,dat2,product-037,cat-kitchen,shop-04,Sun Aug 16 2026 09:51:00 GMT+0700 (Indochina Time),0,synthetic-preference-rule,0.2,0.1,2,0,0,0,1,0,488,1,7.9628,0,0.9781,0.5257,1,100,1
dat2-pair-1307,mock-reco-v1,20260902,1,1,train,1,dat2,product-084,cat-mother-baby,shop-02,Mon Aug 17 2026 12:50:00 GMT+0700 (Indochina Time),1,synthetic-preference-rule,1,0.1,6,1,0,0,1,0,408,1,7.5725,0,0.8795,0.9143,1,100,1
dat2-pair-1308,mock-reco-v1,20260902,1,1,train,2,dat2,product-107,cat-pets,shop-11,Tue Aug 18 2026 15:49:00 GMT+0700 (Indochina Time),0,synthetic-preference-rule,0.2,0.1,2,0,0,0,1,0,394,1,8.6629,0,0.6658,0.5829,1,100,1
dat2-pair-1309,mock-reco-v1,20260902,1,1,train,3,dat2,product-009,cat-electronics,shop-05,Wed Aug 19 2026 23:12:00 GMT+0700 (Indochina Time),1,synthetic-preference-rule,0.2,1,5,1,1,1,1,0,405,1,9.0851,0,0.9918,0.6114,1,100,1
dat2-pair-1310,mock-reco-v1,20260902,1,1,train,4,dat2,product-015,cat-computers,shop-12,Thu Aug 20 2026 21:55:00 GMT+0700 (Indochina Time),0,synthetic-preference-rule,0.2,0.1,1,0,0,1,1,0,482,1,8.9526,0,0.6712,0.44,1,100,1
dat2-pair-1311,mock-reco-v1,20260902,1,1,heldout,0,dat2,product-048,cat-fashion-women,shop-11,Fri Aug 21 2026 16:17:00 GMT+0700 (Indochina Time),1,synthetic-preference-rule,1,0.1,5,1,0,0,1,0,476,1,7.8785,0,0.7151,0.8286,1,100,1
dat2-pair-1312,mock-reco-v1,20260902,1,1,train,1,dat2,product-054,cat-fashion-men,shop-06,Sat Aug 22 2026 13:18:00 GMT+0700 (Indochina Time),0,synthetic-preference-rule,0.2,0.1,1,1,0,0,1,0,489,1,9.0654,0,0.8219,0.4971,1,100,1
dat2-pair-1313,mock-reco-v1,20260902,1,1,train,2,dat2,product-074,cat-sports,shop-12,Sun Aug 23 2026 10:19:00 GMT+0700 (Indochina Time),1,synthetic-preference-rule,1,0.1,5,1,0,0,1,0,427,1,7.0326,0,0.5096,0.8857,1,100,1
dat2-pair-1314,mock-reco-v1,20260902,1,1,train,3,dat2,product-112,cat-grocery,shop-01,Mon Aug 24 2026 07:20:00 GMT+0700 (Indochina Time),0,synthetic-preference-rule,0.2,0.1,2,0,0,0,1,0,418,0.174,8.3682,0,0.6329,0.5543,1,100,1
dat2-pair-1315,mock-reco-v1,20260902,1,1,train,4,dat2,product-097,cat-books,shop-09,Wed Aug 26 2026 04:21:00 GMT+0700 (Indochina Time),1,synthetic-preference-rule,0.2,1,4,1,1,1,1,0,414,0.77,7.0335,0,0.9836,0.5829,1,100,1
dat2-pair-1316,mock-reco-v1,20260902,1,1,heldout,0,dat2,product-021,cat-home,shop-06,Thu Aug 27 2026 01:22:00 GMT+0700 (Indochina Time),0,synthetic-preference-rule,0.2,0.1,2,0,0,0,1,0,371,0.539,9.0531,1,0.8932,0.6114,1,100,1
dat2-pair-1317,mock-reco-v1,20260902,1,1,train,1,dat2,product-035,cat-kitchen,shop-05,Thu Aug 27 2026 22:23:00 GMT+0700 (Indochina Time),1,synthetic-preference-rule,0.2,1,5,1,1,1,1,0,436,1,8.7177,0,0.9836,0.44,0,100,1
dat2-pair-1318,mock-reco-v1,20260902,1,1,train,2,dat2,product-060,cat-fashion-men,shop-12,Fri Aug 28 2026 19:24:00 GMT+0700 (Indochina Time),0,synthetic-preference-rule,0.2,0.1,2,0,0,0,1,0,371,1,8.8635,0,0.8384,0.4686,1,100,1
dat2-pair-1319,mock-reco-v1,20260902,1,1,train,3,dat2,product-064,cat-beauty,shop-09,Sat Aug 29 2026 16:25:00 GMT+0700 (Indochina Time),1,synthetic-preference-rule,1,1,5,0,1,1,1,0,480,0.362,9.2141,0,0.9288,0.8571,1,100,1
dat2-pair-1320,mock-reco-v1,20260902,1,1,train,4,dat2,product-117,cat-grocery,shop-02,Mon Jun 01 2026 13:26:00 GMT+0700 (Indochina Time),0,synthetic-preference-rule,0.2,0.1,1,1,0,0,1,0,411,1,9.3458,0,0.6411,0.5257,1,100,1
dat2-pair-1321,mock-reco-v1,20260902,1,1,heldout,0,dat2,product-083,cat-mother-baby,shop-09,Tue Jun 02 2026 12:10:00 GMT+0700 (Indochina Time),1,synthetic-preference-rule,1,1,5,1,1,1,1,0,371,1,5.7838,0,0.8822,0.9143,1,100,1
dat2-pair-1322,mock-reco-v1,20260902,1,1,train,1,dat2,product-027,cat-home,shop-01,Wed Jun 03 2026 15:09:00 GMT+0700 (Indochina Time),0,synthetic-preference-rule,0.2,0.1,1,1,0,0,1,0,467,1,8.5768,0,0.9096,0.5829,1,100,1
dat2-pair-1323,mock-reco-v1,20260902,1,1,train,2,dat2,product-007,cat-electronics,shop-07,Fri Jun 05 2026 06:12:00 GMT+0700 (Indochina Time),1,synthetic-preference-rule,0.2,1,6,1,1,0,1,0,419,0.197,4.1109,0,0.537,0.6114,1,100,1
dat2-pair-1324,mock-reco-v1,20260902,1,1,train,3,dat2,product-096,cat-books,shop-03,Fri Jun 05 2026 09:11:00 GMT+0700 (Indochina Time),0,synthetic-preference-rule,0.2,0.1,2,0,0,0,1,0,429,1,9.0212,1,0.9808,0.44,1,100,1
dat2-pair-1325,mock-reco-v1,20260902,1,1,train,4,dat2,product-047,cat-fashion-women,shop-06,Sun Jun 07 2026 00:06:00 GMT+0700 (Indochina Time),1,synthetic-preference-rule,1,0.1,5,1,0,0,1,0,439,0.363,6.9285,0,0.7178,0.8286,1,100,1
dat2-pair-1326,mock-reco-v1,20260902,1,1,heldout,0,dat2,product-003,cat-electronics,shop-11,Mon Jun 08 2026 03:05:00 GMT+0700 (Indochina Time),0,synthetic-preference-rule,0.2,0.1,2,0,0,0,1,0,397,1,8.7852,0,0.526,0.4971,1,100,1
dat2-pair-1327,mock-reco-v1,20260902,1,1,train,1,dat2,product-073,cat-sports,shop-07,Mon Jun 08 2026 18:08:00 GMT+0700 (Indochina Time),1,synthetic-preference-rule,1,1,5,1,1,0,1,0,464,1,7.9201,0,1,0.8857,1,100,1
dat2-pair-1328,mock-reco-v1,20260902,1,1,train,2,dat2,product-032,cat-kitchen,shop-02,Tue Jun 09 2026 21:07:00 GMT+0700 (Indochina Time),0,synthetic-preference-rule,0.2,0.1,2,0,0,1,1,0,377,1,9.3026,0,0.9973,0.5543,1,100,1
dat2-pair-1329,mock-reco-v1,20260902,1,1,train,3,dat2,product-094,cat-books,shop-05,Wed Jun 10 2026 12:02:00 GMT+0700 (Indochina Time),1,synthetic-preference-rule,0.2,1,5,1,1,0,0.4722,1,399,1,8.698,0,0.9753,0.5829,1,100,1
dat2-pair-1330,mock-reco-v1,20260902,1,1,train,4,dat2,product-103,cat-pets,shop-03,Thu Jun 11 2026 15:01:00 GMT+0700 (Indochina Time),0,synthetic-preference-rule,0.2,0.1,1,1,0,0,1,0,372,0.286,5.5607,0,0.6548,0.6114,0,100,1
dat2-pair-1331,mock-reco-v1,20260902,1,1,heldout,0,dat2,product-033,cat-kitchen,shop-07,Fri Jun 12 2026 09:39:00 GMT+0700 (Indochina Time),1,synthetic-preference-rule,0.2,1,4,1,1,1,1,0,466,1,9.1429,0,0.989,0.44,1,100,1
dat2-pair-1332,mock-reco-v1,20260902,1,1,train,1,dat2,product-010,cat-electronics,shop-10,Sun Jun 14 2026 06:40:00 GMT+0700 (Indochina Time),0,synthetic-preference-rule,0.2,0.1,1,1,0,0,1,0,442,0.368,9.2536,0,0.989,0.4686,1,100,1
dat2-pair-1333,mock-reco-v1,20260902,1,1,train,2,dat2,product-063,cat-beauty,shop-04,Sun Jun 14 2026 15:37:00 GMT+0700 (Indochina Time),1,synthetic-preference-rule,1,0.1,5,1,0,1,1,0,443,1,9.0382,0,0.9315,0.8571,1,100,1
dat2-pair-1334,mock-reco-v1,20260902,1,1,train,3,dat2,product-039,cat-kitchen,shop-02,Mon Jun 15 2026 12:38:00 GMT+0700 (Indochina Time),0,synthetic-preference-rule,0.2,0.1,2,0,0,0,1,0,458,1,7.3382,0,0.9726,0.5257,1,100,1
dat2-pair-1335,mock-reco-v1,20260902,1,1,train,4,dat2,product-082,cat-mother-baby,shop-04,Tue Jun 16 2026 21:43:00 GMT+0700 (Indochina Time),1,synthetic-preference-rule,1,0.1,6,0,0,1,1,0,482,0.798,8.5529,0,0.8849,0.9143,1,100,1
dat2-pair-1336,mock-reco-v1,20260902,1,1,heldout,0,dat2,product-108,cat-pets,shop-04,Wed Jun 17 2026 18:44:00 GMT+0700 (Indochina Time),0,synthetic-preference-rule,0.2,0.1,2,0,0,0,0.5833,0,483,0.229,8.3345,0,0.6685,0.5829,1,100,1
dat2-pair-1337,mock-reco-v1,20260902,1,1,train,1,dat2,product-005,cat-electronics,shop-09,Fri Jun 19 2026 03:41:00 GMT+0700 (Indochina Time),1,synthetic-preference-rule,0.2,1,5,1,1,1,1,0,471,1,8.1014,0,0.5315,0.6114,1,100,1
dat2-pair-1338,mock-reco-v1,20260902,1,1,train,2,dat2,product-017,cat-computers,shop-10,Sat Jun 20 2026 00:42:00 GMT+0700 (Indochina Time),0,synthetic-preference-rule,0.2,0.1,2,0,0,1,1,0,430,1,9.3026,0,0.6767,0.44,1,100,1
dat2-pair-1339,mock-reco-v1,20260902,1,1,train,3,dat2,product-046,cat-fashion-women,shop-01,Sat Jun 20 2026 09:31:00 GMT+0700 (Indochina Time),1,synthetic-preference-rule,1,0.1,5,1,0,0,1,0,424,1,8.679,1,0.7205,0.8286,1,100,1
dat2-pair-1340,mock-reco-v1,20260902,1,1,train,4,dat2,product-055,cat-fashion-men,shop-11,Mon Jun 22 2026 06:32:00 GMT+0700 (Indochina Time),0,synthetic-preference-rule,0.2,0.1,1,1,0,0,0.7778,0,474,0.392,7.7017,0,0.8027,0.4971,1,100,1
dat2-pair-1341,mock-reco-v1,20260902,1,1,heldout,0,dat2,product-072,cat-sports,shop-01,Mon Jun 22 2026 11:16:00 GMT+0700 (Indochina Time),1,synthetic-preference-rule,1,0.1,5,1,0,0,0.1389,1,375,1,8.3827,0,0.5151,0.8857,1,100,1
dat2-pair-1342,mock-reco-v1,20260902,1,1,train,1,dat2,product-113,cat-grocery,shop-06,Tue Jun 23 2026 14:15:00 GMT+0700 (Indochina Time),0,synthetic-preference-rule,0.2,0.1,1,1,0,0,1,0,433,0.955,8.6873,0,0.6301,0.5543,1,100,1
dat2-pair-1343,mock-reco-v1,20260902,1,1,train,2,dat2,product-092,cat-books,shop-07,Wed Jun 24 2026 17:14:00 GMT+0700 (Indochina Time),1,synthetic-preference-rule,0.2,1,5,1,1,0,1,0,451,0.827,7.9204,0,0.9699,0.5829,1,100,1
dat2-pair-1344,mock-reco-v1,20260902,1,1,train,3,dat2,product-022,cat-home,shop-11,Thu Jun 25 2026 20:13:00 GMT+0700 (Indochina Time),0,synthetic-preference-rule,0.2,0.1,2,0,0,0,1,0,408,1,9.2266,0,0.8904,0.6114,1,100,1
dat2-pair-1345,mock-reco-v1,20260902,1,1,train,4,dat2,product-031,cat-kitchen,shop-09,Fri Jun 26 2026 23:12:00 GMT+0700 (Indochina Time),1,synthetic-preference-rule,0.2,1,5,1,1,0,1,0,414,0.594,6.3733,1,0.9945,0.44,1,100,1
dat2-pair-1346,mock-reco-v1,20260902,1,1,heldout,0,dat2,product-091,cat-books,shop-02,Sun Jun 28 2026 02:11:00 GMT+0700 (Indochina Time),0,synthetic-preference-rule,0.2,0.1,2,0,0,0,1,0,488,1,8.383,1,0.9671,0.4686,1,100,1
dat2-pair-1347,mock-reco-v1,20260902,1,1,train,1,dat2,product-062,cat-beauty,shop-11,Mon Jun 29 2026 05:10:00 GMT+0700 (Indochina Time),1,synthetic-preference-rule,1,0.1,4,1,0,1,1,0,406,1,8.8247,0,0.9233,0.8571,1,100,1
dat2-pair-1348,mock-reco-v1,20260902,1,1,train,2,dat2,product-119,cat-grocery,shop-12,Mon Jun 29 2026 08:09:00 GMT+0700 (Indochina Time),0,synthetic-preference-rule,0.2,0.1,1,0,0,1,0.75,0,425,0.345,8.2,0,0.6137,0.5257,1,100,1
dat2-pair-1349,mock-reco-v1,20260902,1,1,train,3,dat2,product-081,cat-mother-baby,shop-11,Tue Jun 30 2026 11:08:00 GMT+0700 (Indochina Time),1,synthetic-preference-rule,1,0.1,5,1,0,1,1,0,445,0.017,8.1784,1,0.8877,0.9143,1,100,1
dat2-pair-1350,mock-reco-v1,20260902,1,1,train,4,dat2,product-028,cat-home,shop-06,Wed Jul 01 2026 14:07:00 GMT+0700 (Indochina Time),0,synthetic-preference-rule,0.2,0.1,1,1,0,0,0.9444,0,378,0.482,8.843,0,0.9068,0.5829,1,100,1
dat2-pair-1351,mock-reco-v1,20260902,1,1,heldout,0,dat2,product-120,cat-grocery,shop-05,Thu Jul 02 2026 08:45:00 GMT+0700 (Indochina Time),1,synthetic-preference-rule,0.2,1,6,0,1,1,1,0,462,1,8.5679,0,0.611,0.6114,0,100,1
dat2-pair-1352,mock-reco-v1,20260902,1,1,train,1,dat2,product-098,cat-books,shop-02,Sat Jul 04 2026 05:46:00 GMT+0700 (Indochina Time),0,synthetic-preference-rule,0.2,0.1,2,0,0,0,0.1944,1,377,1,9.3514,0,0.9863,0.44,1,100,1
dat2-pair-1353,mock-reco-v1,20260902,1,1,train,2,dat2,product-045,cat-fashion-women,shop-08,Sun Jul 05 2026 02:47:00 GMT+0700 (Indochina Time),1,synthetic-preference-rule,1,1,5,1,1,1,0.1944,1,387,1,8.3568,1,0.7233,0.8286,1,100,1
dat2-pair-1354,mock-reco-v1,20260902,1,1,train,3,dat2,product-004,cat-electronics,shop-04,Sun Jul 05 2026 23:48:00 GMT+0700 (Indochina Time),0,synthetic-preference-rule,0.2,0.1,2,0,0,0,1,0,434,0.254,9.0065,0,0.5233,0.4971,1,100,1
dat2-pair-1355,mock-reco-v1,20260902,1,1,train,4,dat2,product-071,cat-sports,shop-08,Mon Jul 06 2026 20:41:00 GMT+0700 (Indochina Time),1,synthetic-preference-rule,1,1,5,1,1,0,1,0,412,0.334,8.6978,1,0.5123,0.8857,1,100,1
dat2-pair-1356,mock-reco-v1,20260902,1,1,heldout,0,dat2,product-034,cat-kitchen,shop-12,Tue Jul 07 2026 17:42:00 GMT+0700 (Indochina Time),0,synthetic-preference-rule,0.2,0.1,2,0,0,0,1,0,429,1,8.9527,1,0.9918,0.5543,1,100,1
dat2-pair-1357,mock-reco-v1,20260902,1,1,train,1,dat2,product-090,cat-mother-baby,shop-09,Wed Jul 08 2026 14:43:00 GMT+0700 (Indochina Time),1,synthetic-preference-rule,1,1,5,1,1,0,1,0,400,1,8.7216,0,0.9068,0.9429,1,100,1
dat2-pair-1358,mock-reco-v1,20260902,1,1,train,2,dat2,product-105,cat-pets,shop-01,Thu Jul 09 2026 11:44:00 GMT+0700 (Indochina Time),0,synthetic-preference-rule,0.2,0.1,1,0,0,1,1,0,446,0.172,9.1074,0,0.6603,0.6114,1,100,1
dat2-pair-1359,mock-reco-v1,20260902,1,1,train,3,dat2,product-026,cat-home,shop-08,Fri Jul 10 2026 08:37:00 GMT+0700 (Indochina Time),1,synthetic-preference-rule,0.2,1,5,1,1,1,1,0,430,1,8.001,1,0.9014,0.44,1,100,1
dat2-pair-1360,mock-reco-v1,20260902,1,1,train,4,dat2,product-011,cat-computers,shop-03,Sun Jul 12 2026 05:38:00 GMT+0700 (Indochina Time),0,synthetic-preference-rule,0.2,0.1,1,1,0,0,1,0,378,0.384,7.698,1,0.6603,0.4686,1,100,1
dat2-pair-1361,mock-reco-v1,20260902,1,1,heldout,0,dat2,product-061,cat-beauty,shop-06,Mon Jul 13 2026 06:14:00 GMT+0700 (Indochina Time),1,synthetic-preference-rule,1,0.1,5,1,0,0,1,0,495,1,8.5528,1,0.926,0.8571,1,100,1
dat2-pair-1362,mock-reco-v1,20260902,1,1,train,1,dat2,product-051,cat-fashion-men,shop-03,Mon Jul 13 2026 09:13:00 GMT+0700 (Indochina Time),0,synthetic-preference-rule,0.2,0.1,2,0,0,0,0.1111,1,452,1,8.8582,1,0.8137,0.5257,1,100,1
dat2-pair-1363,mock-reco-v1,20260902,1,1,train,2,dat2,product-080,cat-sports,shop-06,Wed Jul 15 2026 00:16:00 GMT+0700 (Indochina Time),1,synthetic-preference-rule,1,0.1,4,1,0,1,1,0,457,0.505,8.1371,0,0.9863,0.9143,1,100,1
dat2-pair-1364,mock-reco-v1,20260902,1,1,train,3,dat2,product-109,cat-pets,shop-10,Thu Jul 16 2026 03:15:00 GMT+0700 (Indochina Time),0,synthetic-preference-rule,0.2,0.1,2,0,0,0,1,0,380,0.4,8.4007,0,0.6274,0.5829,1,100,1
dat2-pair-1365,mock-reco-v1,20260902,1,1,train,4,dat2,product-118,cat-grocery,shop-07,Thu Jul 16 2026 18:18:00 GMT+0700 (Indochina Time),1,synthetic-preference-rule,0.2,1,6,1,1,1,0.5556,0,448,0.06,6.9754,0,0.6384,0.6114,1,100,1
dat2-pair-1366,mock-reco-v1,20260902,1,1,heldout,0,dat2,product-018,cat-computers,shop-03,Fri Jul 17 2026 21:17:00 GMT+0700 (Indochina Time),0,synthetic-preference-rule,0.2,0.1,2,0,0,0,1,0,393,1,9.1428,0,0.6795,0.44,0,100,1
dat2-pair-1367,mock-reco-v1,20260902,1,1,train,1,dat2,product-044,cat-fashion-women,shop-03,Sat Jul 18 2026 12:20:00 GMT+0700 (Indochina Time),1,synthetic-preference-rule,1,0.1,6,0,0,1,1,0,372,1,9.1178,0,0.726,0.8286,1,100,1
dat2-pair-1368,mock-reco-v1,20260902,1,1,train,2,dat2,product-056,cat-fashion-men,shop-04,Sun Jul 19 2026 15:19:00 GMT+0700 (Indochina Time),0,synthetic-preference-rule,0.2,0.1,1,1,0,0,1,0,437,1,9.3834,1,0.8055,0.4971,1,100,1
dat2-pair-1369,mock-reco-v1,20260902,1,1,train,3,dat2,product-070,cat-beauty,shop-03,Tue Jul 21 2026 06:06:00 GMT+0700 (Indochina Time),1,synthetic-preference-rule,1,0.1,4,1,0,0,0.7778,0,488,0.972,8.6739,0,0.9014,0.8857,1,100,1
dat2-pair-1370,mock-reco-v1,20260902,1,1,train,4,dat2,product-114,cat-grocery,shop-11,Tue Jul 21 2026 09:05:00 GMT+0700 (Indochina Time),0,synthetic-preference-rule,0.2,0.1,1,1,0,0,1,0,470,1,8.9288,0,0.6274,0.5543,1,100,1
dat2-pair-1371,mock-reco-v1,20260902,1,1,heldout,0,dat2,product-089,cat-mother-baby,shop-04,Wed Jul 22 2026 21:19:00 GMT+0700 (Indochina Time),1,synthetic-preference-rule,1,0.1,5,1,0,0,1,0,489,0.969,8.4152,1,0.9096,0.9429,1,100,1
dat2-pair-1372,mock-reco-v1,20260902,1,1,train,1,dat2,product-023,cat-home,shop-04,Thu Jul 23 2026 18:20:00 GMT+0700 (Indochina Time),0,synthetic-preference-rule,0.2,0.1,2,0,0,0,1,0,445,1,9.3744,1,0.8986,0.6114,1,100,1
dat2-pair-1373,mock-reco-v1,20260902,1,1,train,2,dat2,product-024,cat-home,shop-09,Sat Jul 25 2026 03:17:00 GMT+0700 (Indochina Time),1,synthetic-preference-rule,0.2,1,5,1,1,0,0.2778,1,482,1,7.2457,0,0.8959,0.44,1,100,1
dat2-pair-1374,mock-reco-v1,20260902,1,1,train,3,dat2,product-093,cat-books,shop-12,Sun Jul 26 2026 00:18:00 GMT+0700 (Indochina Time),0,synthetic-preference-rule,0.2,0.1,2,0,0,0,1,0,436,0.046,8.9372,0,0.9726,0.4686,1,100,1
dat2-pair-1375,mock-reco-v1,20260902,1,1,train,4,dat2,product-059,cat-fashion-men,shop-07,Sun Jul 26 2026 09:15:00 GMT+0700 (Indochina Time),1,synthetic-preference-rule,0.2,1,5,1,1,1,1,0,408,1,9.0697,0,0.8356,0.4971,1,100,1
dat2-pair-1376,mock-reco-v1,20260902,1,1,heldout,0,dat2,product-001,cat-electronics,shop-01,Tue Jul 28 2026 06:16:00 GMT+0700 (Indochina Time),0,synthetic-preference-rule,0.2,0.1,2,0,0,1,1,0,449,1,9.1876,1,0.5205,0.5257,0,100,1
dat2-pair-1377,mock-reco-v1,20260902,1,1,train,1,dat2,product-079,cat-sports,shop-01,Tue Jul 28 2026 15:13:00 GMT+0700 (Indochina Time),1,synthetic-preference-rule,1,0.1,5,1,0,0,1,0,494,1,8.5248,0,0.9836,0.9143,1,100,1
dat2-pair-1378,mock-reco-v1,20260902,1,1,train,2,dat2,product-029,cat-home,shop-11,Wed Jul 29 2026 12:14:00 GMT+0700 (Indochina Time),0,synthetic-preference-rule,0.2,0.1,1,1,0,0,1,0,415,1,9.1587,0,0.9151,0.5829,1,100,1
dat2-pair-1379,mock-reco-v1,20260902,1,1,train,3,dat2,product-116,cat-grocery,shop-09,Fri Jul 31 2026 01:43:00 GMT+0700 (Indochina Time),1,synthetic-preference-rule,0.2,1,4,1,1,1,1,0,396,0.898,9.1934,1,0.6438,0.6114,1,100,1
dat2-pair-1380,mock-reco-v1,20260902,1,1,train,4,dat2,product-100,cat-books,shop-12,Fri Jul 31 2026 22:44:00 GMT+0700 (Indochina Time),0,synthetic-preference-rule,0.2,0.1,1,1,0,0,1,0,495,1,8.2174,1,0.9918,0.44,1,100,1
dat2-pair-1381,mock-reco-v1,20260902,1,1,heldout,0,dat2,product-043,cat-fashion-women,shop-10,Sat Aug 01 2026 19:28:00 GMT+0700 (Indochina Time),1,synthetic-preference-rule,1,0.1,6,1,0,1,1,0,461,1,8.9223,0,0.7288,0.8286,1,100,1
dat2-pair-1382,mock-reco-v1,20260902,1,1,train,1,dat2,product-006,cat-electronics,shop-02,Sun Aug 02 2026 22:27:00 GMT+0700 (Indochina Time),0,synthetic-preference-rule,0.2,0.1,2,0,0,0,1,0,382,0.14,8.5007,1,0.5288,0.4971,1,100,1
dat2-pair-1383,mock-reco-v1,20260902,1,1,train,2,dat2,product-069,cat-beauty,shop-10,Tue Aug 04 2026 01:26:00 GMT+0700 (Indochina Time),1,synthetic-preference-rule,1,0.1,6,0,0,1,1,0,451,0.191,8.3497,0,0.9041,0.8857,0,100,1
dat2-pair-1384,mock-reco-v1,20260902,1,1,train,3,dat2,product-036,cat-kitchen,shop-10,Wed Aug 05 2026 04:25:00 GMT+0700 (Indochina Time),0,synthetic-preference-rule,0.2,0.1,2,0,0,0,1,0,399,1,8.4098,1,0.9863,0.5543,1,100,1
dat2-pair-1385,mock-reco-v1,20260902,1,1,train,4,dat2,product-088,cat-mother-baby,shop-11,Wed Aug 05 2026 07:32:00 GMT+0700 (Indochina Time),1,synthetic-preference-rule,1,0.1,4,1,0,0,1,0,430,0.684,9.0384,0,0.8904,0.9429,1,100,1
dat2-pair-1386,mock-reco-v1,20260902,1,1,heldout,0,dat2,product-106,cat-pets,shop-06,Thu Aug 06 2026 10:31:00 GMT+0700 (Indochina Time),0,synthetic-preference-rule,0.2,0.1,2,0,0,1,1,0,409,1,8.9096,1,0.663,0.6114,1,100,1
dat2-pair-1387,mock-reco-v1,20260902,1,1,train,1,dat2,product-019,cat-computers,shop-08,Fri Aug 07 2026 13:30:00 GMT+0700 (Indochina Time),1,synthetic-preference-rule,0.2,1,5,1,1,0,1,0,460,1,7.1325,0,0.6384,0.44,1,100,1
dat2-pair-1388,mock-reco-v1,20260902,1,1,train,2,dat2,product-013,cat-computers,shop-02,Sat Aug 08 2026 16:29:00 GMT+0700 (Indochina Time),0,synthetic-preference-rule,0.2,0.1,1,1,0,0,1,0,452,1,8.6019,0,0.6658,0.4686,1,100,1
dat2-pair-1389,mock-reco-v1,20260902,1,1,train,3,dat2,product-057,cat-fashion-men,shop-09,Sun Aug 09 2026 19:20:00 GMT+0700 (Indochina Time),1,synthetic-preference-rule,0.2,1,5,0,1,1,1,0,422,1,8.6034,0,0.8082,0.4971,1,100,1
dat2-pair-1390,mock-reco-v1,20260902,1,1,train,4,dat2,product-053,cat-fashion-men,shop-01,Mon Aug 10 2026 18:03:00 GMT+0700 (Indochina Time),0,synthetic-preference-rule,0.2,0.1,1,1,0,0,1,0,400,1,9.237,0,0.8192,0.5257,1,100,1
dat2-pair-1391,mock-reco-v1,20260902,1,1,heldout,0,dat2,product-078,cat-sports,shop-08,Tue Aug 11 2026 10:33:00 GMT+0700 (Indochina Time),1,synthetic-preference-rule,1,1,5,1,1,1,1,0,405,1,8.9371,1,0.5205,0.9143,1,100,1
dat2-pair-1392,mock-reco-v1,20260902,1,1,train,1,dat2,product-110,cat-pets,shop-03,Wed Aug 12 2026 07:34:00 GMT+0700 (Indochina Time),0,synthetic-preference-rule,0.2,0.1,2,0,0,0,1,0,469,1,7.9484,0,0.6301,0.5829,1,100,1
dat2-pair-1393,mock-reco-v1,20260902,1,1,train,2,dat2,product-111,cat-grocery,shop-08,Fri Aug 14 2026 04:35:00 GMT+0700 (Indochina Time),1,synthetic-preference-rule,0.2,1,5,1,1,0,1,0,381,1,7.8969,1,0.6356,0.6114,1,100,1
dat2-pair-1394,mock-reco-v1,20260902,1,1,train,3,dat2,product-020,cat-computers,shop-01,Sat Aug 15 2026 01:36:00 GMT+0700 (Indochina Time),0,synthetic-preference-rule,0.2,0.1,2,0,0,0,1,0,423,1,9.3616,0,0.6411,0.44,1,100,1
dat2-pair-1395,mock-reco-v1,20260902,1,1,train,4,dat2,product-042,cat-fashion-women,shop-05,Sat Aug 15 2026 22:37:00 GMT+0700 (Indochina Time),1,synthetic-preference-rule,1,1,5,1,1,1,1,0,446,0.306,5.8693,0,0.7315,0.8286,1,100,1
dat2-pair-1396,mock-reco-v1,20260902,1,1,heldout,0,dat2,product-058,cat-fashion-men,shop-02,Sun Aug 16 2026 19:38:00 GMT+0700 (Indochina Time),0,synthetic-preference-rule,0.2,0.1,2,0,0,1,1,0,385,0.449,8.2509,0,0.811,0.4971,1,100,1
dat2-pair-1397,mock-reco-v1,20260902,1,1,train,1,dat2,product-068,cat-beauty,shop-05,Mon Aug 17 2026 16:39:00 GMT+0700 (Indochina Time),1,synthetic-preference-rule,1,1,6,1,1,1,1,0,458,1,8.4149,0,0.9178,0.8857,1,100,1
dat2-pair-1398,mock-reco-v1,20260902,1,1,train,2,dat2,product-115,cat-grocery,shop-04,Tue Aug 18 2026 13:40:00 GMT+0700 (Indochina Time),0,synthetic-preference-rule,0.2,0.1,1,1,0,0,1,0,485,0.117,9.0135,0,0.6466,0.5543,1,100,1
dat2-pair-1399,mock-reco-v1,20260902,1,1,train,3,dat2,product-087,cat-mother-baby,shop-06,Wed Aug 19 2026 10:25:00 GMT+0700 (Indochina Time),1,synthetic-preference-rule,1,0.1,5,1,0,0,1,0,393,1,8.8248,0,0.8932,0.9429,1,100,1
dat2-pair-1400,mock-reco-v1,20260902,1,1,train,4,dat2,product-025,cat-home,shop-03,Thu Aug 20 2026 07:26:00 GMT+0700 (Indochina Time),0,synthetic-preference-rule,0.2,0.1,1,1,0,0,1,0,393,1,7.2189,0,0.9041,0.6114,1,100,1
dat2-pair-1401,mock-reco-v1,20260902,1,1,heldout,0,dat2,product-016,cat-computers,shop-05,Fri Aug 21 2026 20:45:00 GMT+0700 (Indochina Time),1,synthetic-preference-rule,0.2,1,4,1,1,0,1,0,445,0.327,8.7175,1,0.674,0.44,1,100,1
dat2-pair-1402,mock-reco-v1,20260902,1,1,train,1,dat2,product-095,cat-books,shop-10,Sat Aug 22 2026 17:46:00 GMT+0700 (Indochina Time),0,synthetic-preference-rule,0.2,0.1,2,0,0,0,1,0,466,1,9.1999,0,0.9781,0.4686,1,100,1
dat2-pair-1403,mock-reco-v1,20260902,1,1,train,2,dat2,product-052,cat-fashion-men,shop-08,Sun Aug 23 2026 14:47:00 GMT+0700 (Indochina Time),1,synthetic-preference-rule,0.2,1,5,1,1,0,1,0,415,0.335,8.5966,0,0.8164,0.4971,0,100,1
dat2-pair-1404,mock-reco-v1,20260902,1,1,train,3,dat2,product-002,cat-electronics,shop-06,Mon Aug 24 2026 11:48:00 GMT+0700 (Indochina Time),0,synthetic-preference-rule,0.2,0.1,2,0,0,0,1,0,486,1,9.3408,0,0.5178,0.5257,1,100,1
dat2-pair-1405,mock-reco-v1,20260902,1,1,train,4,dat2,product-077,cat-sports,shop-03,Tue Aug 25 2026 08:41:00 GMT+0700 (Indochina Time),1,synthetic-preference-rule,1,0.1,5,0,0,1,1,0,442,0.22,9.13,0,0.5178,0.9143,1,100,1
dat2-pair-1406,mock-reco-v1,20260902,1,1,heldout,0,dat2,product-030,cat-home,shop-04,Thu Aug 27 2026 05:42:00 GMT+0700 (Indochina Time),0,synthetic-preference-rule,0.2,0.1,1,0,0,1,1,0,452,1,9.3161,0,0.9123,0.5829,1,100,1
dat2-pair-1407,mock-reco-v1,20260902,1,1,train,1,dat2,product-104,cat-pets,shop-08,Fri Aug 28 2026 02:43:00 GMT+0700 (Indochina Time),1,synthetic-preference-rule,0.2,1,5,1,1,1,0.0833,1,461,1,9.2725,0,0.6575,0.6114,1,100,1
dat2-pair-1408,mock-reco-v1,20260902,1,1,train,2,dat2,product-102,cat-pets,shop-10,Fri Aug 28 2026 23:44:00 GMT+0700 (Indochina Time),0,synthetic-preference-rule,0.2,0.1,1,1,0,0,1,0,387,1,7.5385,0,0.6521,0.44,1,100,1
dat2-pair-1409,mock-reco-v1,20260902,1,1,train,3,dat2,product-041,cat-fashion-women,shop-12,Sat Aug 29 2026 20:37:00 GMT+0700 (Indochina Time),1,synthetic-preference-rule,1,0.1,5,1,0,0,1,0,409,1,9.2813,1,0.7342,0.8286,1,100,1
dat2-pair-1410,mock-reco-v1,20260902,1,1,train,4,dat2,product-008,cat-electronics,shop-12,Mon Jun 01 2026 17:38:00 GMT+0700 (Indochina Time),0,synthetic-preference-rule,0.2,0.1,2,0,0,0,0.7222,0,456,0.978,7.4265,0,0.5342,0.4971,1,100,1
dat2-pair-1411,mock-reco-v1,20260902,1,1,heldout,0,dat2,product-067,cat-beauty,shop-12,Tue Jun 02 2026 23:16:00 GMT+0700 (Indochina Time),1,synthetic-preference-rule,1,0.1,5,1,0,1,1,0,421,1,7.9707,1,0.9205,0.8857,1,100,1
dat2-pair-1412,mock-reco-v1,20260902,1,1,train,1,dat2,product-037,cat-kitchen,shop-04,Thu Jun 04 2026 02:15:00 GMT+0700 (Indochina Time),0,synthetic-preference-rule,0.2,0.1,2,0,0,0,1,0,488,1,7.9628,0,0.9781,0.5543,1,100,1
dat2-pair-1413,mock-reco-v1,20260902,1,1,train,2,dat2,product-086,cat-mother-baby,shop-01,Fri Jun 05 2026 05:14:00 GMT+0700 (Indochina Time),1,synthetic-preference-rule,1,0.1,6,1,0,1,1,0,378,1,9.3637,1,0.8959,0.9429,0,100,1
dat2-pair-1414,mock-reco-v1,20260902,1,1,train,3,dat2,product-107,cat-pets,shop-11,Fri Jun 05 2026 08:13:00 GMT+0700 (Indochina Time),0,synthetic-preference-rule,0.2,0.1,2,0,0,0,1,0,394,1,8.6629,0,0.6658,0.6114,1,100,1
dat2-pair-1415,mock-reco-v1,20260902,1,1,train,4,dat2,product-014,cat-computers,shop-07,Sat Jun 06 2026 11:12:00 GMT+0700 (Indochina Time),1,synthetic-preference-rule,0.2,1,5,1,1,0,1,0,415,0.441,8.2488,0,0.6685,0.44,1,100,1
dat2-pair-1416,mock-reco-v1,20260902,1,1,heldout,0,dat2,product-015,cat-computers,shop-12,Sun Jun 07 2026 14:11:00 GMT+0700 (Indochina Time),0,synthetic-preference-rule,0.2,0.1,1,0,0,1,1,0,482,1,8.9526,0,0.6712,0.4686,1,100,1
dat2-pair-1417,mock-reco-v1,20260902,1,1,train,1,dat2,product-050,cat-fashion-women,shop-10,Mon Jun 08 2026 17:10:00 GMT+0700 (Indochina Time),1,synthetic-preference-rule,1,0.1,4,1,0,0,1,0,490,1,9.3415,0,0.7534,0.8571,1,100,1
dat2-pair-1418,mock-reco-v1,20260902,1,1,train,2,dat2,product-054,cat-fashion-men,shop-06,Tue Jun 09 2026 20:09:00 GMT+0700 (Indochina Time),0,synthetic-preference-rule,0.2,0.1,1,1,0,0,1,0,489,1,9.0654,0,0.8219,0.5257,1,100,1
dat2-pair-1419,mock-reco-v1,20260902,1,1,train,3,dat2,product-076,cat-sports,shop-10,Wed Jun 10 2026 23:08:00 GMT+0700 (Indochina Time),1,synthetic-preference-rule,1,0.1,5,1,0,1,0.5278,0,479,0.277,9.2916,1,0.526,0.9143,1,100,1
dat2-pair-1420,mock-reco-v1,20260902,1,1,train,4,dat2,product-112,cat-grocery,shop-01,Fri Jun 12 2026 02:07:00 GMT+0700 (Indochina Time),0,synthetic-preference-rule,0.2,0.1,2,0,0,0,1,0,418,0.174,8.3682,0,0.6329,0.5829,1,100,1
dat2-pair-1421,mock-reco-v1,20260902,1,1,heldout,0,dat2,product-101,cat-pets,shop-05,Fri Jun 12 2026 15:43:00 GMT+0700 (Indochina Time),1,synthetic-preference-rule,0.2,1,5,0,1,1,1,0,424,1,8.1599,1,0.6493,0.6114,1,100,1
dat2-pair-1422,mock-reco-v1,20260902,1,1,train,1,dat2,product-021,cat-home,shop-06,Sat Jun 13 2026 12:44:00 GMT+0700 (Indochina Time),0,synthetic-preference-rule,0.2,0.1,2,0,0,0,1,0,371,0.539,9.0531,1,0.8932,0.44,1,100,1
dat2-pair-1423,mock-reco-v1,20260902,1,1,train,2,dat2,product-040,cat-kitchen,shop-07,Sun Jun 14 2026 21:41:00 GMT+0700 (Indochina Time),1,synthetic-preference-rule,0.2,1,5,1,1,1,1,0,421,0.765,9.3859,0,0.9753,0.4686,1,100,1
dat2-pair-1424,mock-reco-v1,20260902,1,1,train,3,dat2,product-060,cat-fashion-men,shop-12,Mon Jun 15 2026 18:42:00 GMT+0700 (Indochina Time),0,synthetic-preference-rule,0.2,0.1,2,0,0,0,1,0,371,1,8.8635,0,0.8384,0.4971,1,100,1
dat2-pair-1425,mock-reco-v1,20260902,1,1,train,4,dat2,product-066,cat-beauty,shop-07,Wed Jun 17 2026 03:39:00 GMT+0700 (Indochina Time),1,synthetic-preference-rule,1,1,6,1,1,0,1,0,384,1,7.1515,1,0.9123,0.8857,1,100,1
dat2-pair-1426,mock-reco-v1,20260902,1,1,heldout,0,dat2,product-117,cat-grocery,shop-02,Thu Jun 18 2026 00:40:00 GMT+0700 (Indochina Time),0,synthetic-preference-rule,0.2,0.1,1,1,0,0,1,0,411,1,9.3458,0,0.6411,0.5543,1,100,1
dat2-pair-1427,mock-reco-v1,20260902,1,1,train,1,dat2,product-085,cat-mother-baby,shop-08,Thu Jun 18 2026 09:37:00 GMT+0700 (Indochina Time),1,synthetic-preference-rule,1,1,5,1,1,1,0.8611,0,467,0.741,9.2142,0,0.8986,0.9429,1,100,1
dat2-pair-1428,mock-reco-v1,20260902,1,1,train,2,dat2,product-027,cat-home,shop-01,Sat Jun 20 2026 06:38:00 GMT+0700 (Indochina Time),0,synthetic-preference-rule,0.2,0.1,1,1,0,0,1,0,467,1,8.5768,0,0.9096,0.6114,1,100,1
dat2-pair-1429,mock-reco-v1,20260902,1,1,train,3,dat2,product-012,cat-computers,shop-08,Sat Jun 20 2026 15:51:00 GMT+0700 (Indochina Time),1,synthetic-preference-rule,0.2,1,5,1,1,0,0.3611,1,467,1,6.3716,1,0.663,0.44,1,100,1
dat2-pair-1430,mock-reco-v1,20260902,1,1,train,4,dat2,product-096,cat-books,shop-03,Sun Jun 21 2026 12:52:00 GMT+0700 (Indochina Time),0,synthetic-preference-rule,0.2,0.1,2,0,0,0,1,0,429,1,9.0212,1,0.9808,0.4686,1,100,1
dat2-pair-1431,mock-reco-v1,20260902,1,1,heldout,0,dat2,product-049,cat-fashion-women,shop-05,Mon Jun 22 2026 18:14:00 GMT+0700 (Indochina Time),1,synthetic-preference-rule,1,1,5,1,1,0,1,0,453,0.477,9.1884,0,0.7562,0.8571,1,100,1
dat2-pair-1432,mock-reco-v1,20260902,1,1,train,1,dat2,product-003,cat-electronics,shop-11,Tue Jun 23 2026 21:13:00 GMT+0700 (Indochina Time),0,synthetic-preference-rule,0.2,0.1,2,0,0,0,1,0,397,1,8.7852,0,0.526,0.5257,1,100,1
dat2-pair-1433,mock-reco-v1,20260902,1,1,train,2,dat2,product-075,cat-sports,shop-05,Wed Jun 24 2026 12:16:00 GMT+0700 (Indochina Time),1,synthetic-preference-rule,1,1,4,1,1,0,1,0,390,1,6.1442,0,0.5233,0.9143,1,100,1
dat2-pair-1434,mock-reco-v1,20260902,1,1,train,3,dat2,product-032,cat-kitchen,shop-02,Thu Jun 25 2026 15:15:00 GMT+0700 (Indochina Time),0,synthetic-preference-rule,0.2,0.1,2,0,0,1,1,0,377,1,9.3026,0,0.9973,0.5829,1,100,1
dat2-pair-1435,mock-reco-v1,20260902,1,1,train,4,dat2,product-099,cat-books,shop-07,Sat Jun 27 2026 06:18:00 GMT+0700 (Indochina Time),1,synthetic-preference-rule,0.2,1,5,1,1,1,0.5556,0,406,0.16,8.58,0,0.989,0.6114,1,100,1
dat2-pair-1436,mock-reco-v1,20260902,1,1,heldout,0,dat2,product-103,cat-pets,shop-03,Sat Jun 27 2026 09:17:00 GMT+0700 (Indochina Time),0,synthetic-preference-rule,0.2,0.1,1,1,0,0,1,0,372,0.286,5.5607,0,0.6548,0.44,0,100,1
dat2-pair-1437,mock-reco-v1,20260902,1,1,train,1,dat2,product-038,cat-kitchen,shop-09,Mon Jun 29 2026 00:20:00 GMT+0700 (Indochina Time),1,synthetic-preference-rule,0.2,1,5,0,1,1,1,0,451,0.651,7.1333,0,0.9808,0.4686,1,100,1
dat2-pair-1438,mock-reco-v1,20260902,1,1,train,2,dat2,product-010,cat-electronics,shop-10,Tue Jun 30 2026 03:19:00 GMT+0700 (Indochina Time),0,synthetic-preference-rule,0.2,0.1,1,1,0,0,1,0,442,0.368,9.2536,0,0.989,0.4971,1,100,1
dat2-pair-1439,mock-reco-v1,20260902,1,1,train,3,dat2,product-065,cat-beauty,shop-02,Tue Jun 30 2026 18:06:00 GMT+0700 (Indochina Time),1,synthetic-preference-rule,1,0.1,5,1,0,1,1,0,473,0.419,9.3637,0,0.9151,0.8857,1,100,1
dat2-pair-1440,mock-reco-v1,20260902,1,1,train,4,dat2,product-039,cat-kitchen,shop-02,Wed Jul 01 2026 21:05:00 GMT+0700 (Indochina Time),0,synthetic-preference-rule,0.2,0.1,2,0,0,0,1,0,458,1,7.3382,0,0.9726,0.5543,1,100,1
dat2-pair-1441,mock-reco-v1,20260902,1,1,heldout,0,dat2,product-084,cat-mother-baby,shop-02,Fri Jul 03 2026 04:17:00 GMT+0700 (Indochina Time),1,synthetic-preference-rule,1,0.1,6,1,0,0,1,0,408,1,7.5725,0,0.8795,0.9429,1,100,1
dat2-pair-1442,mock-reco-v1,20260902,1,1,train,1,dat2,product-108,cat-pets,shop-04,Sat Jul 04 2026 01:18:00 GMT+0700 (Indochina Time),0,synthetic-preference-rule,0.2,0.1,2,0,0,0,0.5833,0,483,0.229,8.3345,0,0.6685,0.6114,1,100,1
dat2-pair-1443,mock-reco-v1,20260902,1,1,train,2,dat2,product-009,cat-electronics,shop-05,Sat Jul 04 2026 22:19:00 GMT+0700 (Indochina Time),1,synthetic-preference-rule,0.2,1,5,1,1,1,1,0,405,1,9.0851,0,0.9918,0.44,1,100,1
dat2-pair-1444,mock-reco-v1,20260902,1,1,train,3,dat2,product-017,cat-computers,shop-10,Sun Jul 05 2026 19:20:00 GMT+0700 (Indochina Time),0,synthetic-preference-rule,0.2,0.1,2,0,0,1,1,0,430,1,9.3026,0,0.6767,0.4686,1,100,1
dat2-pair-1445,mock-reco-v1,20260902,1,1,train,4,dat2,product-048,cat-fashion-women,shop-11,Mon Jul 06 2026 16:21:00 GMT+0700 (Indochina Time),1,synthetic-preference-rule,1,0.1,5,1,0,0,1,0,476,1,7.8785,0,0.7151,0.8571,1,100,1
dat2-pair-1446,mock-reco-v1,20260902,1,1,heldout,0,dat2,product-055,cat-fashion-men,shop-11,Tue Jul 07 2026 13:22:00 GMT+0700 (Indochina Time),0,synthetic-preference-rule,0.2,0.1,1,1,0,0,0.7778,0,474,0.392,7.7017,0,0.8027,0.5257,1,100,1
dat2-pair-1447,mock-reco-v1,20260902,1,1,train,1,dat2,product-074,cat-sports,shop-12,Wed Jul 08 2026 10:23:00 GMT+0700 (Indochina Time),1,synthetic-preference-rule,1,0.1,5,1,0,0,1,0,427,1,7.0326,0,0.5096,0.9143,1,100,1
dat2-pair-1448,mock-reco-v1,20260902,1,1,train,2,dat2,product-113,cat-grocery,shop-06,Thu Jul 09 2026 07:24:00 GMT+0700 (Indochina Time),0,synthetic-preference-rule,0.2,0.1,1,1,0,0,1,0,433,0.955,8.6873,0,0.6301,0.5829,1,100,1
dat2-pair-1449,mock-reco-v1,20260902,1,1,train,3,dat2,product-097,cat-books,shop-09,Sat Jul 11 2026 04:25:00 GMT+0700 (Indochina Time),1,synthetic-preference-rule,0.2,1,4,1,1,1,1,0,414,0.77,7.0335,0,0.9836,0.6114,1,100,1
dat2-pair-1450,mock-reco-v1,20260902,1,1,train,4,dat2,product-022,cat-home,shop-11,Sun Jul 12 2026 01:26:00 GMT+0700 (Indochina Time),0,synthetic-preference-rule,0.2,0.1,2,0,0,0,1,0,408,1,9.2266,0,0.8904,0.44,1,100,1
dat2-pair-1451,mock-reco-v1,20260902,1,1,heldout,0,dat2,product-035,cat-kitchen,shop-05,Mon Jul 13 2026 06:48:00 GMT+0700 (Indochina Time),1,synthetic-preference-rule,0.2,1,5,1,1,1,1,0,436,1,8.7177,0,0.9836,0.4686,0,100,1
dat2-pair-1452,mock-reco-v1,20260902,1,1,train,1,dat2,product-091,cat-books,shop-02,Mon Jul 13 2026 09:47:00 GMT+0700 (Indochina Time),0,synthetic-preference-rule,0.2,0.1,2,0,0,0,1,0,488,1,8.383,1,0.9671,0.4971,1,100,1
dat2-pair-1453,mock-reco-v1,20260902,1,1,train,2,dat2,product-064,cat-beauty,shop-09,Tue Jul 14 2026 12:46:00 GMT+0700 (Indochina Time),1,synthetic-preference-rule,1,1,5,0,1,1,1,0,480,0.362,9.2141,0,0.9288,0.8857,1,100,1
dat2-pair-1454,mock-reco-v1,20260902,1,1,train,3,dat2,product-119,cat-grocery,shop-12,Wed Jul 15 2026 15:45:00 GMT+0700 (Indochina Time),0,synthetic-preference-rule,0.2,0.1,1,0,0,1,0.75,0,425,0.345,8.2,0,0.6137,0.5543,1,100,1
dat2-pair-1455,mock-reco-v1,20260902,1,1,train,4,dat2,product-083,cat-mother-baby,shop-09,Thu Jul 16 2026 18:52:00 GMT+0700 (Indochina Time),1,synthetic-preference-rule,1,1,5,1,1,1,1,0,371,1,5.7838,0,0.8822,0.9429,1,100,1
dat2-pair-1456,mock-reco-v1,20260902,1,1,heldout,0,dat2,product-028,cat-home,shop-06,Fri Jul 17 2026 21:51:00 GMT+0700 (Indochina Time),0,synthetic-preference-rule,0.2,0.1,1,1,0,0,0.9444,0,378,0.482,8.843,0,0.9068,0.6114,1,100,1
dat2-pair-1457,mock-reco-v1,20260902,1,1,train,1,dat2,product-007,cat-electronics,shop-07,Sun Jul 19 2026 00:50:00 GMT+0700 (Indochina Time),1,synthetic-preference-rule,0.2,1,6,1,1,0,1,0,419,0.197,4.1109,0,0.537,0.44,1,100,1
dat2-pair-1458,mock-reco-v1,20260902,1,1,train,2,dat2,product-098,cat-books,shop-02,Mon Jul 20 2026 03:49:00 GMT+0700 (Indochina Time),0,synthetic-preference-rule,0.2,0.1,2,0,0,0,0.1944,1,377,1,9.3514,0,0.9863,0.4686,1,100,1
dat2-pair-1459,mock-reco-v1,20260902,1,1,train,3,dat2,product-047,cat-fashion-women,shop-06,Tue Jul 21 2026 06:56:00 GMT+0700 (Indochina Time),1,synthetic-preference-rule,1,0.1,5,1,0,0,1,0,439,0.363,6.9285,0,0.7178,0.8571,1,100,1
dat2-pair-1460,mock-reco-v1,20260902,1,1,train,4,dat2,product-004,cat-electronics,shop-04,Tue Jul 21 2026 09:55:00 GMT+0700 (Indochina Time),0,synthetic-preference-rule,0.2,0.1,2,0,0,0,1,0,434,0.254,9.0065,0,0.5233,0.5257,1,100,1
dat2-pair-1461,mock-reco-v1,20260902,1,1,heldout,0,dat2,product-073,cat-sports,shop-07,Wed Jul 22 2026 21:39:00 GMT+0700 (Indochina Time),1,synthetic-preference-rule,1,1,5,1,1,0,1,0,464,1,7.9201,0,1,0.9143,1,100,1
dat2-pair-1462,mock-reco-v1,20260902,1,1,train,1,dat2,product-034,cat-kitchen,shop-12,Thu Jul 23 2026 18:40:00 GMT+0700 (Indochina Time),0,synthetic-preference-rule,0.2,0.1,2,0,0,0,1,0,429,1,8.9527,1,0.9918,0.5829,1,100,1
dat2-pair-1463,mock-reco-v1,20260902,1,1,train,2,dat2,product-094,cat-books,shop-05,Sat Jul 25 2026 03:37:00 GMT+0700 (Indochina Time),1,synthetic-preference-rule,0.2,1,5,1,1,0,0.4722,1,399,1,8.698,0,0.9753,0.6114,1,100,1
dat2-pair-1464,mock-reco-v1,20260902,1,1,train,3,dat2,product-105,cat-pets,shop-01,Sun Jul 26 2026 00:38:00 GMT+0700 (Indochina Time),0,synthetic-preference-rule,0.2,0.1,1,0,0,1,1,0,446,0.172,9.1074,0,0.6603,0.44,1,100,1
dat2-pair-1465,mock-reco-v1,20260902,1,1,train,4,dat2,product-033,cat-kitchen,shop-07,Sun Jul 26 2026 09:43:00 GMT+0700 (Indochina Time),1,synthetic-preference-rule,0.2,1,4,1,1,1,1,0,466,1,9.1429,0,0.989,0.4686,1,100,1
dat2-pair-1466,mock-reco-v1,20260902,1,1,heldout,0,dat2,product-011,cat-computers,shop-03,Tue Jul 28 2026 06:44:00 GMT+0700 (Indochina Time),0,synthetic-preference-rule,0.2,0.1,1,1,0,0,1,0,378,0.384,7.698,1,0.6603,0.4971,1,100,1
dat2-pair-1467,mock-reco-v1,20260902,1,1,train,1,dat2,product-063,cat-beauty,shop-04,Tue Jul 28 2026 15:41:00 GMT+0700 (Indochina Time),1,synthetic-preference-rule,1,0.1,5,1,0,1,1,0,443,1,9.0382,0,0.9315,0.8857,1,100,1
dat2-pair-1468,mock-reco-v1,20260902,1,1,train,2,dat2,product-051,cat-fashion-men,shop-03,Wed Jul 29 2026 12:42:00 GMT+0700 (Indochina Time),0,synthetic-preference-rule,0.2,0.1,2,0,0,0,0.1111,1,452,1,8.8582,1,0.8137,0.5543,1,100,1
dat2-pair-1469,mock-reco-v1,20260902,1,1,train,3,dat2,product-082,cat-mother-baby,shop-04,Thu Jul 30 2026 21:31:00 GMT+0700 (Indochina Time),1,synthetic-preference-rule,1,0.1,6,0,0,1,1,0,482,0.798,8.5529,0,0.8849,0.9429,1,100,1
dat2-pair-1470,mock-reco-v1,20260902,1,1,train,4,dat2,product-109,cat-pets,shop-10,Fri Jul 31 2026 18:32:00 GMT+0700 (Indochina Time),0,synthetic-preference-rule,0.2,0.1,2,0,0,0,1,0,380,0.4,8.4007,0,0.6274,0.6114,1,100,1
dat2-pair-1471,mock-reco-v1,20260902,1,1,heldout,0,dat2,product-005,cat-electronics,shop-09,Sun Aug 02 2026 02:18:00 GMT+0700 (Indochina Time),1,synthetic-preference-rule,0.2,1,5,1,1,1,1,0,471,1,8.1014,0,0.5315,0.44,1,100,1
dat2-pair-1472,mock-reco-v1,20260902,1,1,train,1,dat2,product-018,cat-computers,shop-03,Mon Aug 03 2026 05:17:00 GMT+0700 (Indochina Time),0,synthetic-preference-rule,0.2,0.1,2,0,0,0,1,0,393,1,9.1428,0,0.6795,0.4686,0,100,1
dat2-pair-1473,mock-reco-v1,20260902,1,1,train,2,dat2,product-046,cat-fashion-women,shop-01,Mon Aug 03 2026 20:20:00 GMT+0700 (Indochina Time),1,synthetic-preference-rule,1,0.1,5,1,0,0,1,0,424,1,8.679,1,0.7205,0.8571,1,100,1
dat2-pair-1474,mock-reco-v1,20260902,1,1,train,3,dat2,product-056,cat-fashion-men,shop-04,Tue Aug 04 2026 23:19:00 GMT+0700 (Indochina Time),0,synthetic-preference-rule,0.2,0.1,1,1,0,0,1,0,437,1,9.3834,1,0.8055,0.5257,1,100,1
dat2-pair-1475,mock-reco-v1,20260902,1,1,train,4,dat2,product-072,cat-sports,shop-01,Wed Aug 05 2026 14:14:00 GMT+0700 (Indochina Time),1,synthetic-preference-rule,1,0.1,5,1,0,0,0.1389,1,375,1,8.3827,0,0.5151,0.9143,1,100,1
dat2-pair-1476,mock-reco-v1,20260902,1,1,heldout,0,dat2,product-114,cat-grocery,shop-11,Thu Aug 06 2026 17:13:00 GMT+0700 (Indochina Time),0,synthetic-preference-rule,0.2,0.1,1,1,0,0,1,0,470,1,8.9288,0,0.6274,0.5829,1,100,1
dat2-pair-1477,mock-reco-v1,20260902,1,1,train,1,dat2,product-092,cat-books,shop-07,Fri Aug 07 2026 08:16:00 GMT+0700 (Indochina Time),1,synthetic-preference-rule,0.2,1,5,1,1,0,1,0,451,0.827,7.9204,0,0.9699,0.6114,1,100,1
dat2-pair-1478,mock-reco-v1,20260902,1,1,train,2,dat2,product-023,cat-home,shop-04,Sat Aug 08 2026 11:15:00 GMT+0700 (Indochina Time),0,synthetic-preference-rule,0.2,0.1,2,0,0,0,1,0,445,1,9.3744,1,0.8986,0.44,1,100,1
dat2-pair-1479,mock-reco-v1,20260902,1,1,train,3,dat2,product-031,cat-kitchen,shop-09,Mon Aug 10 2026 02:10:00 GMT+0700 (Indochina Time),1,synthetic-preference-rule,0.2,1,5,1,1,0,1,0,414,0.594,6.3733,1,0.9945,0.4686,1,100,1
dat2-pair-1480,mock-reco-v1,20260902,1,1,train,4,dat2,product-093,cat-books,shop-12,Tue Aug 11 2026 05:09:00 GMT+0700 (Indochina Time),0,synthetic-preference-rule,0.2,0.1,2,0,0,0,1,0,436,0.046,8.9372,0,0.9726,0.4971,1,100,1
dat2-pair-1481,mock-reco-v1,20260902,1,1,heldout,0,dat2,product-062,cat-beauty,shop-11,Tue Aug 11 2026 16:37:00 GMT+0700 (Indochina Time),1,synthetic-preference-rule,1,0.1,4,1,0,1,1,0,406,1,8.8247,0,0.9233,0.8857,1,100,1
dat2-pair-1482,mock-reco-v1,20260902,1,1,train,1,dat2,product-001,cat-electronics,shop-01,Wed Aug 12 2026 13:38:00 GMT+0700 (Indochina Time),0,synthetic-preference-rule,0.2,0.1,2,0,0,1,1,0,449,1,9.1876,1,0.5205,0.5543,0,100,1
dat2-pair-1483,mock-reco-v1,20260902,1,1,train,2,dat2,product-081,cat-mother-baby,shop-11,Thu Aug 13 2026 10:39:00 GMT+0700 (Indochina Time),1,synthetic-preference-rule,1,0.1,5,1,0,1,1,0,445,0.017,8.1784,1,0.8877,0.9429,1,100,1
dat2-pair-1484,mock-reco-v1,20260902,1,1,train,3,dat2,product-029,cat-home,shop-11,Fri Aug 14 2026 07:40:00 GMT+0700 (Indochina Time),0,synthetic-preference-rule,0.2,0.1,1,1,0,0,1,0,415,1,9.1587,0,0.9151,0.6114,1,100,1
dat2-pair-1485,mock-reco-v1,20260902,1,1,train,4,dat2,product-120,cat-grocery,shop-05,Sun Aug 16 2026 04:33:00 GMT+0700 (Indochina Time),1,synthetic-preference-rule,0.2,1,6,0,1,1,1,0,462,1,8.5679,0,0.611,0.44,0,100,1
dat2-pair-1486,mock-reco-v1,20260902,1,1,heldout,0,dat2,product-100,cat-books,shop-12,Mon Aug 17 2026 01:34:00 GMT+0700 (Indochina Time),0,synthetic-preference-rule,0.2,0.1,1,1,0,0,1,0,495,1,8.2174,1,0.9918,0.4686,1,100,1
dat2-pair-1487,mock-reco-v1,20260902,1,1,train,1,dat2,product-045,cat-fashion-women,shop-08,Mon Aug 17 2026 22:35:00 GMT+0700 (Indochina Time),1,synthetic-preference-rule,1,1,5,1,1,1,0.1944,1,387,1,8.3568,1,0.7233,0.8571,1,100,1
dat2-pair-1488,mock-reco-v1,20260902,1,1,train,2,dat2,product-006,cat-electronics,shop-02,Tue Aug 18 2026 19:36:00 GMT+0700 (Indochina Time),0,synthetic-preference-rule,0.2,0.1,2,0,0,0,1,0,382,0.14,8.5007,1,0.5288,0.5257,1,100,1
dat2-pair-1489,mock-reco-v1,20260902,1,1,train,3,dat2,product-071,cat-sports,shop-08,Wed Aug 19 2026 16:45:00 GMT+0700 (Indochina Time),1,synthetic-preference-rule,1,1,5,1,1,0,1,0,412,0.334,8.6978,1,0.5123,0.9143,1,100,1
dat2-pair-1490,mock-reco-v1,20260902,1,1,train,4,dat2,product-036,cat-kitchen,shop-10,Thu Aug 20 2026 13:46:00 GMT+0700 (Indochina Time),0,synthetic-preference-rule,0.2,0.1,2,0,0,0,1,0,399,1,8.4098,1,0.9863,0.5829,1,100,1
dat2-pair-1491,mock-reco-v1,20260902,1,1,heldout,0,dat2,product-090,cat-mother-baby,shop-09,Fri Aug 21 2026 19:08:00 GMT+0700 (Indochina Time),1,synthetic-preference-rule,1,1,5,1,1,0,1,0,400,1,8.7216,0,0.9068,0.9714,1,100,1
dat2-pair-1492,mock-reco-v1,20260902,1,1,train,1,dat2,product-106,cat-pets,shop-06,Sat Aug 22 2026 22:07:00 GMT+0700 (Indochina Time),0,synthetic-preference-rule,0.2,0.1,2,0,0,1,1,0,409,1,8.9096,1,0.663,0.44,1,100,1
dat2-pair-1493,mock-reco-v1,20260902,1,1,train,2,dat2,product-026,cat-home,shop-08,Mon Aug 24 2026 01:06:00 GMT+0700 (Indochina Time),1,synthetic-preference-rule,0.2,1,5,1,1,1,1,0,430,1,8.001,1,0.9014,0.4686,1,100,1
dat2-pair-1494,mock-reco-v1,20260902,1,1,train,3,dat2,product-013,cat-computers,shop-02,Tue Aug 25 2026 04:05:00 GMT+0700 (Indochina Time),0,synthetic-preference-rule,0.2,0.1,1,1,0,0,1,0,452,1,8.6019,0,0.6658,0.4971,1,100,1
dat2-pair-1495,mock-reco-v1,20260902,1,1,train,4,dat2,product-061,cat-beauty,shop-06,Tue Aug 25 2026 07:04:00 GMT+0700 (Indochina Time),1,synthetic-preference-rule,1,0.1,5,1,0,0,1,0,495,1,8.5528,1,0.926,0.8857,1,100,1
dat2-pair-1496,mock-reco-v1,20260902,1,1,heldout,0,dat2,product-053,cat-fashion-men,shop-01,Wed Aug 26 2026 10:03:00 GMT+0700 (Indochina Time),0,synthetic-preference-rule,0.2,0.1,1,1,0,0,1,0,400,1,9.237,0,0.8192,0.5543,1,100,1
dat2-pair-1497,mock-reco-v1,20260902,1,1,train,1,dat2,product-080,cat-sports,shop-06,Thu Aug 27 2026 13:02:00 GMT+0700 (Indochina Time),1,synthetic-preference-rule,1,0.1,4,1,0,1,1,0,457,0.505,8.1371,0,0.9863,0.9429,1,100,1
dat2-pair-1498,mock-reco-v1,20260902,1,1,train,2,dat2,product-110,cat-pets,shop-03,Fri Aug 28 2026 16:01:00 GMT+0700 (Indochina Time),0,synthetic-preference-rule,0.2,0.1,2,0,0,0,1,0,469,1,7.9484,0,0.6301,0.6114,1,100,1
dat2-pair-1499,mock-reco-v1,20260902,1,1,train,3,dat2,product-118,cat-grocery,shop-07,Sat Aug 29 2026 19:16:00 GMT+0700 (Indochina Time),1,synthetic-preference-rule,0.2,1,6,1,1,1,0.5556,0,448,0.06,6.9754,0,0.6384,0.44,1,100,1
dat2-pair-1500,mock-reco-v1,20260902,1,1,train,4,dat2,product-020,cat-computers,shop-01,Mon Jun 01 2026 22:15:00 GMT+0700 (Indochina Time),0,synthetic-preference-rule,0.2,0.1,2,0,0,0,1,0,423,1,9.3616,0,0.6411,0.4686,1,100,1
