event_id,dataset_version,random_seed,user_id,event_type,product_id,category_id,shop_id,event_at,event_weight,source,valid_for_profile
dat1-event-0001,mock-reco-v1,20260902,dat1,PRODUCT_VIEW,product-041,cat-fashion-women,shop-12,Mon Jun 08 2026 09:31:00 GMT+0700 (Indochina Time),1,storefront,1
dat1-event-0002,mock-reco-v1,20260902,dat1,PRODUCT_VIEW,product-025,cat-home,shop-03,Wed Jun 10 2026 06:32:00 GMT+0700 (Indochina Time),1,storefront,1
dat1-event-0003,mock-reco-v1,20260902,dat1,PRODUCT_VIEW,product-069,cat-beauty,shop-10,Wed Jun 10 2026 15:29:00 GMT+0700 (Indochina Time),1,storefront,1
dat1-event-0004,mock-reco-v1,20260902,dat1,PRODUCT_VIEW,product-100,cat-books,shop-12,Thu Jun 11 2026 12:30:00 GMT+0700 (Indochina Time),1,storefront,1
dat1-event-0005,mock-reco-v1,20260902,dat1,PRODUCT_VIEW,product-010,cat-electronics,shop-10,Fri Jun 12 2026 21:35:00 GMT+0700 (Indochina Time),1,storefront,1
dat1-event-0006,mock-reco-v1,20260902,dat1,PRODUCT_VIEW,product-088,cat-mother-baby,shop-11,Sat Jun 13 2026 18:36:00 GMT+0700 (Indochina Time),1,storefront,1
dat1-event-0007,mock-reco-v1,20260902,dat1,PRODUCT_VIEW,product-072,cat-sports,shop-01,Mon Jun 15 2026 03:33:00 GMT+0700 (Indochina Time),1,storefront,1
dat1-event-0008,mock-reco-v1,20260902,dat1,PRODUCT_VIEW,product-103,cat-pets,shop-03,Tue Jun 16 2026 00:34:00 GMT+0700 (Indochina Time),1,storefront,1
dat1-event-0009,mock-reco-v1,20260902,dat1,PRODUCT_VIEW,product-012,cat-computers,shop-08,Tue Jun 16 2026 09:39:00 GMT+0700 (Indochina Time),1,storefront,1
dat1-event-0010,mock-reco-v1,20260902,dat1,PRODUCT_VIEW,product-029,cat-home,shop-11,Thu Jun 18 2026 06:40:00 GMT+0700 (Indochina Time),1,storefront,1
dat1-event-0011,mock-reco-v1,20260902,dat1,PRODUCT_VIEW,product-055,cat-fashion-men,shop-11,Thu Jun 18 2026 12:48:00 GMT+0700 (Indochina Time),1,storefront,1
dat1-event-0012,mock-reco-v1,20260902,dat1,PRODUCT_VIEW,product-109,cat-pets,shop-10,Fri Jun 19 2026 15:47:00 GMT+0700 (Indochina Time),1,storefront,1
dat1-event-0013,mock-reco-v1,20260902,dat1,PRODUCT_VIEW,product-014,cat-computers,shop-07,Sat Jun 20 2026 18:46:00 GMT+0700 (Indochina Time),1,storefront,1
dat1-event-0014,mock-reco-v1,20260902,dat1,PRODUCT_VIEW,product-032,cat-kitchen,shop-02,Sun Jun 21 2026 21:45:00 GMT+0700 (Indochina Time),1,storefront,1
dat1-event-0015,mock-reco-v1,20260902,dat1,PRODUCT_VIEW,product-084,cat-mother-baby,shop-02,Tue Jun 23 2026 00:52:00 GMT+0700 (Indochina Time),1,storefront,1
dat1-event-0016,mock-reco-v1,20260902,dat1,PRODUCT_VIEW,product-111,cat-grocery,shop-08,Wed Jun 24 2026 03:51:00 GMT+0700 (Indochina Time),1,storefront,1
dat1-event-0017,mock-reco-v1,20260902,dat1,PRODUCT_VIEW,product-016,cat-computers,shop-05,Thu Jun 25 2026 06:50:00 GMT+0700 (Indochina Time),1,storefront,1
dat1-event-0018,mock-reco-v1,20260902,dat1,PRODUCT_VIEW,product-039,cat-kitchen,shop-02,Thu Jun 25 2026 09:49:00 GMT+0700 (Indochina Time),1,storefront,1
dat1-event-0019,mock-reco-v1,20260902,dat1,PRODUCT_VIEW,product-091,cat-books,shop-02,Fri Jun 26 2026 12:40:00 GMT+0700 (Indochina Time),1,storefront,1
dat1-event-0020,mock-reco-v1,20260902,dat1,PRODUCT_VIEW,product-001,cat-electronics,shop-01,Sat Jun 27 2026 15:39:00 GMT+0700 (Indochina Time),1,storefront,1
dat1-event-0021,mock-reco-v1,20260902,dat1,PRODUCT_VIEW,product-064,cat-beauty,shop-09,Mon Jun 29 2026 03:07:00 GMT+0700 (Indochina Time),1,storefront,1
dat1-event-0022,mock-reco-v1,20260902,dat1,PRODUCT_VIEW,product-044,cat-fashion-women,shop-03,Tue Jun 30 2026 00:08:00 GMT+0700 (Indochina Time),1,storefront,1
dat1-event-0023,mock-reco-v1,20260902,dat1,PRODUCT_VIEW,product-093,cat-books,shop-12,Tue Jun 30 2026 09:05:00 GMT+0700 (Indochina Time),1,storefront,1
dat1-event-0024,mock-reco-v1,20260902,dat1,PRODUCT_VIEW,product-003,cat-electronics,shop-11,Thu Jul 02 2026 06:06:00 GMT+0700 (Indochina Time),1,storefront,1
dat1-event-0025,mock-reco-v1,20260902,dat1,PRODUCT_VIEW,product-020,cat-computers,shop-01,Thu Jul 02 2026 15:11:00 GMT+0700 (Indochina Time),1,storefront,1
dat1-event-0026,mock-reco-v1,20260902,dat1,PRODUCT_VIEW,product-031,cat-kitchen,shop-09,Fri Jul 03 2026 12:12:00 GMT+0700 (Indochina Time),1,storefront,1
dat1-event-0027,mock-reco-v1,20260902,dat1,PRODUCT_VIEW,product-095,cat-books,shop-10,Sat Jul 04 2026 21:09:00 GMT+0700 (Indochina Time),1,storefront,1
dat1-event-0028,mock-reco-v1,20260902,dat1,PRODUCT_VIEW,product-005,cat-electronics,shop-09,Sun Jul 05 2026 18:10:00 GMT+0700 (Indochina Time),1,storefront,1
dat1-event-0029,mock-reco-v1,20260902,dat1,PRODUCT_VIEW,product-022,cat-home,shop-11,Tue Jul 07 2026 03:15:00 GMT+0700 (Indochina Time),1,storefront,1
dat1-event-0030,mock-reco-v1,20260902,dat1,PRODUCT_VIEW,product-053,cat-fashion-men,shop-01,Wed Jul 08 2026 00:16:00 GMT+0700 (Indochina Time),1,storefront,1
dat1-event-0031,mock-reco-v1,20260902,dat1,PRODUCT_VIEW,product-078,cat-sports,shop-08,Thu Jul 09 2026 05:38:00 GMT+0700 (Indochina Time),1,storefront,1
dat1-event-0032,mock-reco-v1,20260902,dat1,PRODUCT_VIEW,product-007,cat-electronics,shop-07,Thu Jul 09 2026 08:37:00 GMT+0700 (Indochina Time),1,storefront,1
dat1-event-0033,mock-reco-v1,20260902,dat1,PRODUCT_VIEW,product-024,cat-home,shop-09,Fri Jul 10 2026 23:40:00 GMT+0700 (Indochina Time),1,storefront,1
dat1-event-0034,mock-reco-v1,20260902,dat1,PRODUCT_VIEW,product-065,cat-beauty,shop-02,Sun Jul 12 2026 02:39:00 GMT+0700 (Indochina Time),1,storefront,1
dat1-event-0035,mock-reco-v1,20260902,dat1,PRODUCT_VIEW,product-099,cat-books,shop-07,Sun Jul 12 2026 17:34:00 GMT+0700 (Indochina Time),1,storefront,1
dat1-event-0036,mock-reco-v1,20260902,dat1,PRODUCT_VIEW,product-042,cat-fashion-women,shop-05,Mon Jul 13 2026 20:33:00 GMT+0700 (Indochina Time),1,storefront,1
dat1-event-0037,mock-reco-v1,20260902,dat1,PRODUCT_VIEW,product-026,cat-home,shop-08,Tue Jul 14 2026 11:36:00 GMT+0700 (Indochina Time),1,storefront,1
dat1-event-0038,mock-reco-v1,20260902,dat1,PRODUCT_VIEW,product-070,cat-beauty,shop-03,Wed Jul 15 2026 14:35:00 GMT+0700 (Indochina Time),1,storefront,1
dat1-event-0039,mock-reco-v1,20260902,dat1,PRODUCT_VIEW,product-102,cat-pets,shop-10,Fri Jul 17 2026 05:46:00 GMT+0700 (Indochina Time),1,storefront,1
dat1-event-0040,mock-reco-v1,20260902,dat1,PRODUCT_VIEW,product-011,cat-computers,shop-03,Fri Jul 17 2026 08:45:00 GMT+0700 (Indochina Time),1,storefront,1
dat1-event-0041,mock-reco-v1,20260902,dat1,PRODUCT_VIEW,product-089,cat-mother-baby,shop-04,Sun Jul 19 2026 02:13:00 GMT+0700 (Indochina Time),1,storefront,1
dat1-event-0042,mock-reco-v1,20260902,dat1,PRODUCT_VIEW,product-076,cat-sports,shop-10,Sun Jul 19 2026 23:14:00 GMT+0700 (Indochina Time),1,storefront,1
dat1-event-0043,mock-reco-v1,20260902,dat1,PRODUCT_VIEW,product-105,cat-pets,shop-01,Mon Jul 20 2026 20:15:00 GMT+0700 (Indochina Time),1,storefront,1
dat1-event-0044,mock-reco-v1,20260902,dat1,PRODUCT_VIEW,product-013,cat-computers,shop-02,Tue Jul 21 2026 17:16:00 GMT+0700 (Indochina Time),1,storefront,1
dat1-event-0045,mock-reco-v1,20260902,dat1,PRODUCT_VIEW,product-030,cat-home,shop-04,Wed Jul 22 2026 14:09:00 GMT+0700 (Indochina Time),1,storefront,1
dat1-event-0046,mock-reco-v1,20260902,dat1,PRODUCT_VIEW,product-056,cat-fashion-men,shop-04,Thu Jul 23 2026 11:10:00 GMT+0700 (Indochina Time),1,storefront,1
dat1-event-0047,mock-reco-v1,20260902,dat1,PRODUCT_VIEW,product-110,cat-pets,shop-03,Fri Jul 24 2026 08:11:00 GMT+0700 (Indochina Time),1,storefront,1
dat1-event-0048,mock-reco-v1,20260902,dat1,PRODUCT_VIEW,product-015,cat-computers,shop-12,Sun Jul 26 2026 05:12:00 GMT+0700 (Indochina Time),1,storefront,1
dat1-event-0049,mock-reco-v1,20260902,dat1,PRODUCT_VIEW,product-036,cat-kitchen,shop-10,Mon Jul 27 2026 02:21:00 GMT+0700 (Indochina Time),1,storefront,1
dat1-event-0050,mock-reco-v1,20260902,dat1,PRODUCT_VIEW,product-086,cat-mother-baby,shop-01,Mon Jul 27 2026 23:22:00 GMT+0700 (Indochina Time),1,storefront,1
dat1-event-0051,mock-reco-v1,20260902,dat1,PRODUCT_VIEW,product-113,cat-grocery,shop-06,Wed Jul 29 2026 04:44:00 GMT+0700 (Indochina Time),1,storefront,1
dat1-event-0052,mock-reco-v1,20260902,dat1,PRODUCT_VIEW,product-017,cat-computers,shop-10,Wed Jul 29 2026 07:43:00 GMT+0700 (Indochina Time),1,storefront,1
dat1-event-0053,mock-reco-v1,20260902,dat1,PRODUCT_VIEW,product-043,cat-fashion-women,shop-10,Thu Jul 30 2026 10:42:00 GMT+0700 (Indochina Time),1,storefront,1
dat1-event-0054,mock-reco-v1,20260902,dat1,PRODUCT_VIEW,product-092,cat-books,shop-07,Fri Jul 31 2026 13:41:00 GMT+0700 (Indochina Time),1,storefront,1
dat1-event-0055,mock-reco-v1,20260902,dat1,PRODUCT_VIEW,product-002,cat-electronics,shop-06,Sat Aug 01 2026 16:40:00 GMT+0700 (Indochina Time),1,storefront,1
dat1-event-0056,mock-reco-v1,20260902,dat1,PRODUCT_VIEW,product-066,cat-beauty,shop-07,Sun Aug 02 2026 19:39:00 GMT+0700 (Indochina Time),1,storefront,1
dat1-event-0057,mock-reco-v1,20260902,dat1,PRODUCT_VIEW,product-046,cat-fashion-women,shop-01,Mon Aug 03 2026 22:38:00 GMT+0700 (Indochina Time),1,storefront,1
dat1-event-0058,mock-reco-v1,20260902,dat1,PRODUCT_VIEW,product-094,cat-books,shop-05,Wed Aug 05 2026 01:37:00 GMT+0700 (Indochina Time),1,storefront,1
dat1-event-0059,mock-reco-v1,20260902,dat1,PRODUCT_VIEW,product-004,cat-electronics,shop-04,Thu Aug 06 2026 04:52:00 GMT+0700 (Indochina Time),1,storefront,1
dat1-event-0060,mock-reco-v1,20260902,dat1,PRODUCT_VIEW,product-021,cat-home,shop-06,Thu Aug 06 2026 07:51:00 GMT+0700 (Indochina Time),1,storefront,1
dat1-event-0061,mock-reco-v1,20260902,dat1,PRODUCT_VIEW,product-033,cat-kitchen,shop-07,Fri Aug 07 2026 15:19:00 GMT+0700 (Indochina Time),1,storefront,1
dat1-event-0062,mock-reco-v1,20260902,dat1,PRODUCT_VIEW,product-096,cat-books,shop-03,Sat Aug 08 2026 12:20:00 GMT+0700 (Indochina Time),1,storefront,1
dat1-event-0063,mock-reco-v1,20260902,dat1,PRODUCT_VIEW,product-006,cat-electronics,shop-02,Sun Aug 09 2026 21:17:00 GMT+0700 (Indochina Time),1,storefront,1
dat1-event-0064,mock-reco-v1,20260902,dat1,PRODUCT_VIEW,product-023,cat-home,shop-04,Mon Aug 10 2026 18:18:00 GMT+0700 (Indochina Time),1,storefront,1
dat1-event-0065,mock-reco-v1,20260902,dat1,PRODUCT_VIEW,product-058,cat-fashion-men,shop-02,Wed Aug 12 2026 03:15:00 GMT+0700 (Indochina Time),1,storefront,1
dat1-event-0066,mock-reco-v1,20260902,dat1,PRODUCT_VIEW,product-080,cat-sports,shop-06,Thu Aug 13 2026 00:16:00 GMT+0700 (Indochina Time),1,storefront,1
dat1-event-0067,mock-reco-v1,20260902,dat1,PRODUCT_VIEW,product-008,cat-electronics,shop-12,Thu Aug 13 2026 09:13:00 GMT+0700 (Indochina Time),1,storefront,1
dat1-event-0068,mock-reco-v1,20260902,dat1,PRODUCT_VIEW,product-025,cat-home,shop-03,Sat Aug 15 2026 06:14:00 GMT+0700 (Indochina Time),1,storefront,1
dat1-event-0069,mock-reco-v1,20260902,dat1,PRODUCT_VIEW,product-069,cat-beauty,shop-10,Sat Aug 15 2026 15:11:00 GMT+0700 (Indochina Time),1,storefront,1
dat1-event-0070,mock-reco-v1,20260902,dat1,PRODUCT_VIEW,product-100,cat-books,shop-12,Sun Aug 16 2026 12:12:00 GMT+0700 (Indochina Time),1,storefront,1
dat1-event-0071,mock-reco-v1,20260902,dat1,PRODUCT_VIEW,product-045,cat-fashion-women,shop-08,Mon Aug 17 2026 23:42:00 GMT+0700 (Indochina Time),1,storefront,1
dat1-event-0072,mock-reco-v1,20260902,dat1,PRODUCT_VIEW,product-027,cat-home,shop-01,Wed Aug 19 2026 02:41:00 GMT+0700 (Indochina Time),1,storefront,1
dat1-event-0073,mock-reco-v1,20260902,dat1,PRODUCT_VIEW,product-072,cat-sports,shop-01,Wed Aug 19 2026 17:44:00 GMT+0700 (Indochina Time),1,storefront,1
dat1-event-0074,mock-reco-v1,20260902,dat1,PRODUCT_VIEW,product-103,cat-pets,shop-03,Thu Aug 20 2026 20:43:00 GMT+0700 (Indochina Time),1,storefront,1
dat1-event-0075,mock-reco-v1,20260902,dat1,PRODUCT_VIEW,product-012,cat-computers,shop-08,Fri Aug 21 2026 11:46:00 GMT+0700 (Indochina Time),1,storefront,1
dat1-event-0076,mock-reco-v1,20260902,dat1,PRODUCT_VIEW,product-090,cat-mother-baby,shop-09,Sat Aug 22 2026 14:45:00 GMT+0700 (Indochina Time),1,storefront,1
dat1-event-0077,mock-reco-v1,20260902,dat1,PRODUCT_VIEW,product-077,cat-sports,shop-03,Mon Aug 24 2026 05:48:00 GMT+0700 (Indochina Time),1,storefront,1
dat1-event-0078,mock-reco-v1,20260902,dat1,PRODUCT_VIEW,product-109,cat-pets,shop-10,Mon Aug 24 2026 08:47:00 GMT+0700 (Indochina Time),1,storefront,1
dat1-event-0079,mock-reco-v1,20260902,dat1,PRODUCT_VIEW,product-014,cat-computers,shop-07,Tue Aug 25 2026 23:50:00 GMT+0700 (Indochina Time),1,storefront,1
dat1-event-0080,mock-reco-v1,20260902,dat1,PRODUCT_VIEW,product-032,cat-kitchen,shop-02,Thu Aug 27 2026 02:49:00 GMT+0700 (Indochina Time),1,storefront,1
dat1-event-0081,mock-reco-v1,20260902,dat1,PRODUCT_VIEW,product-057,cat-fashion-men,shop-09,Thu Aug 27 2026 13:53:00 GMT+0700 (Indochina Time),1,storefront,1
dat1-event-0082,mock-reco-v1,20260902,dat1,PRODUCT_VIEW,product-112,cat-grocery,shop-01,Fri Aug 28 2026 10:54:00 GMT+0700 (Indochina Time),1,storefront,1
dat1-event-0083,mock-reco-v1,20260902,dat1,PRODUCT_VIEW,product-016,cat-computers,shop-05,Sat Aug 29 2026 07:55:00 GMT+0700 (Indochina Time),1,storefront,1
dat1-event-0084,mock-reco-v1,20260902,dat1,PRODUCT_VIEW,product-039,cat-kitchen,shop-02,Tue Jun 02 2026 04:56:00 GMT+0700 (Indochina Time),1,storefront,1
dat1-event-0085,mock-reco-v1,20260902,dat1,PRODUCT_VIEW,product-091,cat-books,shop-02,Wed Jun 03 2026 01:57:00 GMT+0700 (Indochina Time),1,storefront,1
dat1-event-0086,mock-reco-v1,20260902,dat1,PRODUCT_VIEW,product-114,cat-grocery,shop-11,Wed Jun 03 2026 22:58:00 GMT+0700 (Indochina Time),1,storefront,1
dat1-event-0087,mock-reco-v1,20260902,dat1,PRODUCT_VIEW,product-018,cat-computers,shop-03,Thu Jun 04 2026 19:59:00 GMT+0700 (Indochina Time),1,storefront,1
dat1-event-0088,mock-reco-v1,20260902,dat1,PRODUCT_VIEW,product-044,cat-fashion-women,shop-03,Fri Jun 05 2026 17:00:00 GMT+0700 (Indochina Time),1,storefront,1
dat1-event-0089,mock-reco-v1,20260902,dat1,PRODUCT_VIEW,product-093,cat-books,shop-12,Sat Jun 06 2026 14:01:00 GMT+0700 (Indochina Time),1,storefront,1
dat1-event-0090,mock-reco-v1,20260902,dat1,PRODUCT_VIEW,product-003,cat-electronics,shop-11,Sun Jun 07 2026 11:02:00 GMT+0700 (Indochina Time),1,storefront,1
dat1-event-0091,mock-reco-v1,20260902,dat1,PRODUCT_VIEW,product-067,cat-beauty,shop-12,Mon Jun 08 2026 16:24:00 GMT+0700 (Indochina Time),1,storefront,1
dat1-event-0092,mock-reco-v1,20260902,dat1,PRODUCT_VIEW,product-050,cat-fashion-women,shop-10,Tue Jun 09 2026 19:23:00 GMT+0700 (Indochina Time),1,storefront,1
dat1-event-0093,mock-reco-v1,20260902,dat1,PRODUCT_VIEW,product-095,cat-books,shop-10,Wed Jun 10 2026 22:22:00 GMT+0700 (Indochina Time),1,storefront,1
dat1-event-0094,mock-reco-v1,20260902,dat1,PRODUCT_VIEW,product-005,cat-electronics,shop-09,Fri Jun 12 2026 01:21:00 GMT+0700 (Indochina Time),1,storefront,1
dat1-event-0095,mock-reco-v1,20260902,dat1,PRODUCT_VIEW,product-022,cat-home,shop-11,Sat Jun 13 2026 04:28:00 GMT+0700 (Indochina Time),1,storefront,1
dat1-event-0096,mock-reco-v1,20260902,dat1,PRODUCT_VIEW,product-034,cat-kitchen,shop-12,Sat Jun 13 2026 07:27:00 GMT+0700 (Indochina Time),1,storefront,1
dat1-event-0097,mock-reco-v1,20260902,dat1,PRODUCT_VIEW,product-097,cat-books,shop-09,Sun Jun 14 2026 10:26:00 GMT+0700 (Indochina Time),1,storefront,1
dat1-event-0098,mock-reco-v1,20260902,dat1,PRODUCT_VIEW,product-007,cat-electronics,shop-07,Mon Jun 15 2026 13:25:00 GMT+0700 (Indochina Time),1,storefront,1
dat1-event-0099,mock-reco-v1,20260902,dat1,PRODUCT_VIEW,product-024,cat-home,shop-09,Tue Jun 16 2026 16:32:00 GMT+0700 (Indochina Time),1,storefront,1
dat1-event-0100,mock-reco-v1,20260902,dat1,PRODUCT_VIEW,product-065,cat-beauty,shop-02,Wed Jun 17 2026 19:31:00 GMT+0700 (Indochina Time),1,storefront,1
dat1-event-0101,mock-reco-v1,20260902,dat1,PRODUCT_VIEW,product-081,cat-mother-baby,shop-11,Fri Jun 19 2026 04:56:00 GMT+0700 (Indochina Time),1,storefront,1
dat1-event-0102,mock-reco-v1,20260902,dat1,PRODUCT_VIEW,product-009,cat-electronics,shop-05,Fri Jun 19 2026 07:55:00 GMT+0700 (Indochina Time),1,storefront,1
dat1-event-0103,mock-reco-v1,20260902,dat1,PRODUCT_VIEW,product-026,cat-home,shop-08,Sat Jun 20 2026 10:54:00 GMT+0700 (Indochina Time),1,storefront,1
dat1-event-0104,mock-reco-v1,20260902,dat1,PRODUCT_VIEW,product-070,cat-beauty,shop-03,Sun Jun 21 2026 13:53:00 GMT+0700 (Indochina Time),1,storefront,1
dat1-event-0105,mock-reco-v1,20260902,dat1,PRODUCT_VIEW,product-102,cat-pets,shop-10,Mon Jun 22 2026 17:00:00 GMT+0700 (Indochina Time),1,storefront,1
dat1-event-0106,mock-reco-v1,20260902,dat1,PRODUCT_VIEW,product-047,cat-fashion-women,shop-06,Tue Jun 23 2026 19:59:00 GMT+0700 (Indochina Time),1,storefront,1
dat1-event-0107,mock-reco-v1,20260902,dat1,PRODUCT_VIEW,product-028,cat-home,shop-06,Wed Jun 24 2026 22:58:00 GMT+0700 (Indochina Time),1,storefront,1
dat1-event-0108,mock-reco-v1,20260902,dat1,PRODUCT_VIEW,product-076,cat-sports,shop-10,Fri Jun 26 2026 01:57:00 GMT+0700 (Indochina Time),1,storefront,1
dat1-event-0109,mock-reco-v1,20260902,dat1,PRODUCT_VIEW,product-105,cat-pets,shop-01,Sat Jun 27 2026 05:04:00 GMT+0700 (Indochina Time),1,storefront,1
dat1-event-0110,mock-reco-v1,20260902,dat1,PRODUCT_VIEW,product-013,cat-computers,shop-02,Sat Jun 27 2026 08:03:00 GMT+0700 (Indochina Time),1,storefront,1
dat1-event-0111,mock-reco-v1,20260902,dat1,PRODUCT_VIEW,product-101,cat-pets,shop-05,Sun Jun 28 2026 20:01:00 GMT+0700 (Indochina Time),1,storefront,1
dat1-event-0112,mock-reco-v1,20260902,dat1,PRODUCT_VIEW,product-079,cat-sports,shop-01,Mon Jun 29 2026 17:02:00 GMT+0700 (Indochina Time),1,storefront,1
dat1-event-0113,mock-reco-v1,20260902,dat1,PRODUCT_VIEW,product-110,cat-pets,shop-03,Tue Jun 30 2026 14:03:00 GMT+0700 (Indochina Time),1,storefront,1
dat1-event-0114,mock-reco-v1,20260902,dat1,PRODUCT_VIEW,product-015,cat-computers,shop-12,Wed Jul 01 2026 11:04:00 GMT+0700 (Indochina Time),1,storefront,1
dat1-event-0115,mock-reco-v1,20260902,dat1,PRODUCT_VIEW,product-036,cat-kitchen,shop-10,Thu Jul 02 2026 08:05:00 GMT+0700 (Indochina Time),1,storefront,1
dat1-event-0116,mock-reco-v1,20260902,dat1,PRODUCT_VIEW,product-059,cat-fashion-men,shop-07,Sat Jul 04 2026 05:06:00 GMT+0700 (Indochina Time),1,storefront,1
dat1-event-0117,mock-reco-v1,20260902,dat1,PRODUCT_VIEW,product-117,cat-grocery,shop-02,Sun Jul 05 2026 02:07:00 GMT+0700 (Indochina Time),1,storefront,1
dat1-event-0118,mock-reco-v1,20260902,dat1,PRODUCT_VIEW,product-017,cat-computers,shop-10,Sun Jul 05 2026 23:08:00 GMT+0700 (Indochina Time),1,storefront,1
dat1-event-0119,mock-reco-v1,20260902,dat1,PRODUCT_VIEW,product-043,cat-fashion-women,shop-10,Mon Jul 06 2026 20:09:00 GMT+0700 (Indochina Time),1,storefront,1
dat1-event-0120,mock-reco-v1,20260902,dat1,PRODUCT_VIEW,product-092,cat-books,shop-07,Tue Jul 07 2026 17:10:00 GMT+0700 (Indochina Time),1,storefront,1
dat1-event-0121,mock-reco-v1,20260902,dat1,PRODUCT_VIEW,product-115,cat-grocery,shop-04,Wed Jul 08 2026 22:18:00 GMT+0700 (Indochina Time),1,storefront,1
dat1-event-0122,mock-reco-v1,20260902,dat1,PRODUCT_VIEW,product-019,cat-computers,shop-08,Fri Jul 10 2026 01:17:00 GMT+0700 (Indochina Time),1,storefront,1
dat1-event-0123,mock-reco-v1,20260902,dat1,PRODUCT_VIEW,product-046,cat-fashion-women,shop-01,Fri Jul 10 2026 16:20:00 GMT+0700 (Indochina Time),1,storefront,1
dat1-event-0124,mock-reco-v1,20260902,dat1,PRODUCT_VIEW,product-094,cat-books,shop-05,Sat Jul 11 2026 19:19:00 GMT+0700 (Indochina Time),1,storefront,1
dat1-event-0125,mock-reco-v1,20260902,dat1,PRODUCT_VIEW,product-004,cat-electronics,shop-04,Sun Jul 12 2026 10:14:00 GMT+0700 (Indochina Time),1,storefront,1
dat1-event-0126,mock-reco-v1,20260902,dat1,PRODUCT_VIEW,product-068,cat-beauty,shop-05,Mon Jul 13 2026 13:13:00 GMT+0700 (Indochina Time),1,storefront,1
dat1-event-0127,mock-reco-v1,20260902,dat1,PRODUCT_VIEW,product-051,cat-fashion-men,shop-03,Wed Jul 15 2026 04:16:00 GMT+0700 (Indochina Time),1,storefront,1
dat1-event-0128,mock-reco-v1,20260902,dat1,PRODUCT_VIEW,product-096,cat-books,shop-03,Wed Jul 15 2026 07:15:00 GMT+0700 (Indochina Time),1,storefront,1
dat1-event-0129,mock-reco-v1,20260902,dat1,PRODUCT_VIEW,product-006,cat-electronics,shop-02,Thu Jul 16 2026 17:54:00 GMT+0700 (Indochina Time),1,storefront,1
dat1-event-0130,mock-reco-v1,20260902,dat1,PRODUCT_VIEW,product-023,cat-home,shop-04,Fri Jul 17 2026 20:53:00 GMT+0700 (Indochina Time),1,storefront,1
dat1-event-0131,mock-reco-v1,20260902,dat1,PRODUCT_VIEW,product-035,cat-kitchen,shop-05,Sat Jul 18 2026 19:47:00 GMT+0700 (Indochina Time),1,storefront,1
dat1-event-0132,mock-reco-v1,20260902,dat1,PRODUCT_VIEW,product-098,cat-books,shop-02,Sun Jul 19 2026 16:48:00 GMT+0700 (Indochina Time),1,storefront,1
dat1-event-0133,mock-reco-v1,20260902,dat1,PRODUCT_VIEW,product-008,cat-electronics,shop-12,Mon Jul 20 2026 21:29:00 GMT+0700 (Indochina Time),1,storefront,1
dat1-event-0134,mock-reco-v1,20260902,dat1,PRODUCT_VIEW,product-025,cat-home,shop-03,Tue Jul 21 2026 22:46:00 GMT+0700 (Indochina Time),1,storefront,1
dat1-event-0135,mock-reco-v1,20260902,dat1,PRODUCT_VIEW,product-069,cat-beauty,shop-10,Wed Jul 22 2026 07:51:00 GMT+0700 (Indochina Time),1,storefront,1
dat1-event-0136,mock-reco-v1,20260902,dat1,PRODUCT_VIEW,product-082,cat-mother-baby,shop-04,Fri Jul 24 2026 04:52:00 GMT+0700 (Indochina Time),1,storefront,1
dat1-event-0137,mock-reco-v1,20260902,dat1,PRODUCT_VIEW,product-010,cat-electronics,shop-10,Fri Jul 24 2026 13:49:00 GMT+0700 (Indochina Time),1,storefront,1
dat1-event-0138,mock-reco-v1,20260902,dat1,PRODUCT_VIEW,product-027,cat-home,shop-01,Sat Jul 25 2026 10:50:00 GMT+0700 (Indochina Time),1,storefront,1
dat1-event-0139,mock-reco-v1,20260902,dat1,PRODUCT_VIEW,product-072,cat-sports,shop-01,Sun Jul 26 2026 15:23:00 GMT+0700 (Indochina Time),1,storefront,1
dat1-event-0140,mock-reco-v1,20260902,dat1,PRODUCT_VIEW,product-103,cat-pets,shop-03,Mon Jul 27 2026 12:24:00 GMT+0700 (Indochina Time),1,storefront,1
dat1-event-0141,mock-reco-v1,20260902,dat1,PRODUCT_VIEW,product-048,cat-fashion-women,shop-11,Tue Jul 28 2026 21:24:00 GMT+0700 (Indochina Time),1,storefront,1
dat1-event-0142,mock-reco-v1,20260902,dat1,PRODUCT_VIEW,product-029,cat-home,shop-11,Thu Jul 30 2026 00:23:00 GMT+0700 (Indochina Time),1,storefront,1
dat1-event-0143,mock-reco-v1,20260902,dat1,PRODUCT_VIEW,product-077,cat-sports,shop-03,Fri Jul 31 2026 03:22:00 GMT+0700 (Indochina Time),1,storefront,1
dat1-event-0144,mock-reco-v1,20260902,dat1,PRODUCT_VIEW,product-109,cat-pets,shop-10,Sat Aug 01 2026 06:21:00 GMT+0700 (Indochina Time),1,storefront,1
dat1-event-0145,mock-reco-v1,20260902,dat1,PRODUCT_VIEW,product-014,cat-computers,shop-07,Sat Aug 01 2026 09:20:00 GMT+0700 (Indochina Time),1,storefront,1
dat1-event-0146,mock-reco-v1,20260902,dat1,PRODUCT_VIEW,product-104,cat-pets,shop-08,Sun Aug 02 2026 12:19:00 GMT+0700 (Indochina Time),1,storefront,1
dat1-event-0147,mock-reco-v1,20260902,dat1,PRODUCT_VIEW,product-084,cat-mother-baby,shop-02,Mon Aug 03 2026 15:18:00 GMT+0700 (Indochina Time),1,storefront,1
dat1-event-0148,mock-reco-v1,20260902,dat1,PRODUCT_VIEW,product-112,cat-grocery,shop-01,Tue Aug 04 2026 18:17:00 GMT+0700 (Indochina Time),1,storefront,1
dat1-event-0149,mock-reco-v1,20260902,dat1,PRODUCT_VIEW,product-016,cat-computers,shop-05,Wed Aug 05 2026 21:16:00 GMT+0700 (Indochina Time),1,storefront,1
dat1-event-0150,mock-reco-v1,20260902,dat1,PRODUCT_VIEW,product-039,cat-kitchen,shop-02,Fri Aug 07 2026 00:15:00 GMT+0700 (Indochina Time),1,storefront,1
dat1-event-0151,mock-reco-v1,20260902,dat1,PRODUCT_VIEW,product-060,cat-fashion-men,shop-12,Fri Aug 07 2026 12:29:00 GMT+0700 (Indochina Time),1,storefront,1
dat1-event-0152,mock-reco-v1,20260902,dat1,PRODUCT_VIEW,product-001,cat-electronics,shop-01,Sat Aug 08 2026 09:30:00 GMT+0700 (Indochina Time),1,storefront,1
dat1-event-0153,mock-reco-v1,20260902,dat1,PRODUCT_VIEW,product-018,cat-computers,shop-03,Mon Aug 10 2026 06:31:00 GMT+0700 (Indochina Time),1,storefront,1
dat1-event-0154,mock-reco-v1,20260902,dat1,PRODUCT_VIEW,product-044,cat-fashion-women,shop-03,Tue Aug 11 2026 03:32:00 GMT+0700 (Indochina Time),1,storefront,1
dat1-event-0155,mock-reco-v1,20260902,dat1,PRODUCT_VIEW,product-093,cat-books,shop-12,Wed Aug 12 2026 00:25:00 GMT+0700 (Indochina Time),1,storefront,1
dat1-event-0156,mock-reco-v1,20260902,dat1,PRODUCT_VIEW,product-116,cat-grocery,shop-09,Wed Aug 12 2026 21:26:00 GMT+0700 (Indochina Time),1,storefront,1
dat1-event-0157,mock-reco-v1,20260902,dat1,PRODUCT_VIEW,product-020,cat-computers,shop-01,Thu Aug 13 2026 18:27:00 GMT+0700 (Indochina Time),1,storefront,1
dat1-event-0158,mock-reco-v1,20260902,dat1,PRODUCT_VIEW,product-050,cat-fashion-women,shop-10,Fri Aug 14 2026 15:28:00 GMT+0700 (Indochina Time),1,storefront,1
dat1-event-0159,mock-reco-v1,20260902,dat1,PRODUCT_VIEW,product-095,cat-books,shop-10,Sat Aug 15 2026 12:21:00 GMT+0700 (Indochina Time),1,storefront,1
dat1-event-0160,mock-reco-v1,20260902,dat1,PRODUCT_VIEW,product-005,cat-electronics,shop-09,Sun Aug 16 2026 09:22:00 GMT+0700 (Indochina Time),1,storefront,1
dat1-event-0161,mock-reco-v1,20260902,dat1,PRODUCT_VIEW,product-071,cat-sports,shop-08,Mon Aug 17 2026 09:58:00 GMT+0700 (Indochina Time),1,storefront,1
dat1-event-0162,mock-reco-v1,20260902,dat1,PRODUCT_VIEW,product-053,cat-fashion-men,shop-01,Tue Aug 18 2026 12:57:00 GMT+0700 (Indochina Time),1,storefront,1
dat1-event-0163,mock-reco-v1,20260902,dat1,PRODUCT_VIEW,product-097,cat-books,shop-09,Thu Aug 20 2026 04:00:00 GMT+0700 (Indochina Time),1,storefront,1
dat1-event-0164,mock-reco-v1,20260902,dat1,PRODUCT_VIEW,product-007,cat-electronics,shop-07,Fri Aug 21 2026 06:59:00 GMT+0700 (Indochina Time),1,storefront,1
dat1-event-0165,mock-reco-v1,20260902,dat1,PRODUCT_VIEW,product-024,cat-home,shop-09,Fri Aug 21 2026 22:02:00 GMT+0700 (Indochina Time),1,storefront,1
dat1-event-0166,mock-reco-v1,20260902,dat1,PRODUCT_VIEW,product-037,cat-kitchen,shop-04,Sun Aug 23 2026 01:01:00 GMT+0700 (Indochina Time),1,storefront,1
dat1-event-0167,mock-reco-v1,20260902,dat1,PRODUCT_VIEW,product-099,cat-books,shop-07,Sun Aug 23 2026 16:04:00 GMT+0700 (Indochina Time),1,storefront,1
dat1-event-0168,mock-reco-v1,20260902,dat1,PRODUCT_VIEW,product-009,cat-electronics,shop-05,Mon Aug 24 2026 19:03:00 GMT+0700 (Indochina Time),1,storefront,1
dat1-event-0169,mock-reco-v1,20260902,dat1,PRODUCT_VIEW,product-026,cat-home,shop-08,Tue Aug 25 2026 09:50:00 GMT+0700 (Indochina Time),1,storefront,1
dat1-event-0170,mock-reco-v1,20260902,dat1,PRODUCT_VIEW,product-070,cat-beauty,shop-03,Wed Aug 26 2026 12:49:00 GMT+0700 (Indochina Time),1,storefront,1
dat1-event-0171,mock-reco-v1,20260902,dat1,PRODUCT_VIEW,product-083,cat-mother-baby,shop-09,Thu Aug 27 2026 07:27:00 GMT+0700 (Indochina Time),1,storefront,1
dat1-event-0172,mock-reco-v1,20260902,dat1,PRODUCT_VIEW,product-011,cat-computers,shop-03,Sat Aug 29 2026 04:28:00 GMT+0700 (Indochina Time),1,storefront,1
dat1-event-0173,mock-reco-v1,20260902,dat1,PRODUCT_VIEW,product-028,cat-home,shop-06,Sat Aug 29 2026 13:25:00 GMT+0700 (Indochina Time),1,storefront,1
dat1-event-0174,mock-reco-v1,20260902,dat1,PRODUCT_VIEW,product-076,cat-sports,shop-10,Mon Jun 01 2026 10:26:00 GMT+0700 (Indochina Time),1,storefront,1
dat1-event-0175,mock-reco-v1,20260902,dat1,PRODUCT_VIEW,product-105,cat-pets,shop-01,Tue Jun 02 2026 19:23:00 GMT+0700 (Indochina Time),1,storefront,1
dat1-event-0176,mock-reco-v1,20260902,dat1,PRODUCT_VIEW,product-049,cat-fashion-women,shop-05,Wed Jun 03 2026 16:24:00 GMT+0700 (Indochina Time),1,storefront,1
dat1-event-0177,mock-reco-v1,20260902,dat1,PRODUCT_VIEW,product-030,cat-home,shop-04,Fri Jun 05 2026 01:21:00 GMT+0700 (Indochina Time),1,storefront,1
dat1-event-0178,mock-reco-v1,20260902,dat1,PRODUCT_VIEW,product-079,cat-sports,shop-01,Fri Jun 05 2026 22:22:00 GMT+0700 (Indochina Time),1,storefront,1
dat1-event-0179,mock-reco-v1,20260902,dat1,PRODUCT_VIEW,product-110,cat-pets,shop-03,Sat Jun 06 2026 07:35:00 GMT+0700 (Indochina Time),1,storefront,1
dat1-event-0180,mock-reco-v1,20260902,dat1,PRODUCT_VIEW,product-015,cat-computers,shop-12,Mon Jun 08 2026 04:36:00 GMT+0700 (Indochina Time),1,storefront,1
dat1-event-0181,mock-reco-v1,20260902,dat1,PRODUCT_VIEW,product-106,cat-pets,shop-06,Mon Jun 08 2026 23:12:00 GMT+0700 (Indochina Time),1,storefront,1
dat1-event-0182,mock-reco-v1,20260902,dat1,PRODUCT_VIEW,product-086,cat-mother-baby,shop-01,Wed Jun 10 2026 02:11:00 GMT+0700 (Indochina Time),1,storefront,1
dat1-event-0183,mock-reco-v1,20260902,dat1,PRODUCT_VIEW,product-117,cat-grocery,shop-02,Thu Jun 11 2026 05:10:00 GMT+0700 (Indochina Time),1,storefront,1
dat1-event-0184,mock-reco-v1,20260902,dat1,PRODUCT_VIEW,product-017,cat-computers,shop-10,Thu Jun 11 2026 08:09:00 GMT+0700 (Indochina Time),1,storefront,1
dat1-event-0185,mock-reco-v1,20260902,dat1,PRODUCT_VIEW,product-043,cat-fashion-women,shop-10,Fri Jun 12 2026 11:16:00 GMT+0700 (Indochina Time),1,storefront,1
dat1-event-0186,mock-reco-v1,20260902,dat1,PRODUCT_VIEW,product-061,cat-beauty,shop-06,Sat Jun 13 2026 14:15:00 GMT+0700 (Indochina Time),1,storefront,1
dat1-event-0187,mock-reco-v1,20260902,dat1,PRODUCT_VIEW,product-002,cat-electronics,shop-06,Sun Jun 14 2026 17:14:00 GMT+0700 (Indochina Time),1,storefront,1
dat1-event-0188,mock-reco-v1,20260902,dat1,PRODUCT_VIEW,product-019,cat-computers,shop-08,Mon Jun 15 2026 20:13:00 GMT+0700 (Indochina Time),1,storefront,1
dat1-event-0189,mock-reco-v1,20260902,dat1,PRODUCT_VIEW,product-046,cat-fashion-women,shop-01,Tue Jun 16 2026 18:48:00 GMT+0700 (Indochina Time),1,storefront,1
dat1-event-0190,mock-reco-v1,20260902,dat1,PRODUCT_VIEW,product-094,cat-books,shop-05,Wed Jun 17 2026 21:47:00 GMT+0700 (Indochina Time),1,storefront,1
dat1-event-0191,mock-reco-v1,20260902,dat1,PRODUCT_VIEW,product-118,cat-grocery,shop-07,Thu Jun 18 2026 16:25:00 GMT+0700 (Indochina Time),1,storefront,1
dat1-event-0192,mock-reco-v1,20260902,dat1,PRODUCT_VIEW,product-021,cat-home,shop-06,Fri Jun 19 2026 13:26:00 GMT+0700 (Indochina Time),1,storefront,1
dat1-event-0193,mock-reco-v1,20260902,dat1,PRODUCT_VIEW,product-051,cat-fashion-men,shop-03,Sat Jun 20 2026 10:27:00 GMT+0700 (Indochina Time),1,storefront,1
dat1-event-0194,mock-reco-v1,20260902,dat1,PRODUCT_VIEW,product-096,cat-books,shop-03,Sun Jun 21 2026 11:44:00 GMT+0700 (Indochina Time),1,storefront,1
dat1-event-0195,mock-reco-v1,20260902,dat1,PRODUCT_VIEW,product-006,cat-electronics,shop-02,Mon Jun 22 2026 08:45:00 GMT+0700 (Indochina Time),1,storefront,1
dat1-event-0196,mock-reco-v1,20260902,dat1,PRODUCT_VIEW,product-073,cat-sports,shop-07,Wed Jun 24 2026 05:46:00 GMT+0700 (Indochina Time),1,storefront,1
dat1-event-0197,mock-reco-v1,20260902,dat1,PRODUCT_VIEW,product-058,cat-fashion-men,shop-02,Thu Jun 25 2026 02:47:00 GMT+0700 (Indochina Time),1,storefront,1
dat1-event-0198,mock-reco-v1,20260902,dat1,PRODUCT_VIEW,product-098,cat-books,shop-02,Thu Jun 25 2026 23:48:00 GMT+0700 (Indochina Time),1,storefront,1
dat1-event-0199,mock-reco-v1,20260902,dat1,PRODUCT_VIEW,product-008,cat-electronics,shop-12,Fri Jun 26 2026 16:17:00 GMT+0700 (Indochina Time),1,storefront,1
dat1-event-0200,mock-reco-v1,20260902,dat1,PRODUCT_VIEW,product-025,cat-home,shop-03,Sat Jun 27 2026 13:18:00 GMT+0700 (Indochina Time),1,storefront,1
dat1-event-0201,mock-reco-v1,20260902,dat1,PRODUCT_VIEW,product-038,cat-kitchen,shop-09,Sun Jun 28 2026 09:13:00 GMT+0700 (Indochina Time),1,storefront,1
dat1-event-0202,mock-reco-v1,20260902,dat1,PRODUCT_VIEW,product-100,cat-books,shop-12,Tue Jun 30 2026 06:14:00 GMT+0700 (Indochina Time),1,storefront,1
dat1-event-0203,mock-reco-v1,20260902,dat1,PRODUCT_VIEW,product-010,cat-electronics,shop-10,Wed Jul 01 2026 03:15:00 GMT+0700 (Indochina Time),1,storefront,1
dat1-event-0204,mock-reco-v1,20260902,dat1,PRODUCT_VIEW,product-027,cat-home,shop-01,Thu Jul 02 2026 00:16:00 GMT+0700 (Indochina Time),1,storefront,1
dat1-event-0205,mock-reco-v1,20260902,dat1,PRODUCT_VIEW,product-072,cat-sports,shop-01,Thu Jul 02 2026 21:17:00 GMT+0700 (Indochina Time),1,storefront,1
dat1-event-0206,mock-reco-v1,20260902,dat1,PRODUCT_VIEW,product-085,cat-mother-baby,shop-08,Fri Jul 03 2026 18:18:00 GMT+0700 (Indochina Time),1,storefront,1
dat1-event-0207,mock-reco-v1,20260902,dat1,PRODUCT_VIEW,product-012,cat-computers,shop-08,Sat Jul 04 2026 15:19:00 GMT+0700 (Indochina Time),1,storefront,1
dat1-event-0208,mock-reco-v1,20260902,dat1,PRODUCT_VIEW,product-029,cat-home,shop-11,Sun Jul 05 2026 12:20:00 GMT+0700 (Indochina Time),1,storefront,1
dat1-event-0209,mock-reco-v1,20260902,dat1,PRODUCT_VIEW,product-077,cat-sports,shop-03,Mon Jul 06 2026 09:05:00 GMT+0700 (Indochina Time),1,storefront,1
dat1-event-0210,mock-reco-v1,20260902,dat1,PRODUCT_VIEW,product-109,cat-pets,shop-10,Wed Jul 08 2026 06:06:00 GMT+0700 (Indochina Time),1,storefront,1
dat1-event-0211,mock-reco-v1,20260902,dat1,PRODUCT_VIEW,product-052,cat-fashion-men,shop-08,Wed Jul 08 2026 11:44:00 GMT+0700 (Indochina Time),1,storefront,1
dat1-event-0212,mock-reco-v1,20260902,dat1,PRODUCT_VIEW,product-032,cat-kitchen,shop-02,Thu Jul 09 2026 14:43:00 GMT+0700 (Indochina Time),1,storefront,1
dat1-event-0213,mock-reco-v1,20260902,dat1,PRODUCT_VIEW,product-084,cat-mother-baby,shop-02,Fri Jul 10 2026 17:42:00 GMT+0700 (Indochina Time),1,storefront,1
dat1-event-0214,mock-reco-v1,20260902,dat1,PRODUCT_VIEW,product-112,cat-grocery,shop-01,Sat Jul 11 2026 20:41:00 GMT+0700 (Indochina Time),1,storefront,1
dat1-event-0215,mock-reco-v1,20260902,dat1,PRODUCT_VIEW,product-016,cat-computers,shop-05,Sun Jul 12 2026 23:48:00 GMT+0700 (Indochina Time),1,storefront,1
dat1-event-0216,mock-reco-v1,20260902,dat1,PRODUCT_VIEW,product-107,cat-pets,shop-11,Tue Jul 14 2026 02:47:00 GMT+0700 (Indochina Time),1,storefront,1
dat1-event-0217,mock-reco-v1,20260902,dat1,PRODUCT_VIEW,product-091,cat-books,shop-02,Wed Jul 15 2026 05:46:00 GMT+0700 (Indochina Time),1,storefront,1
dat1-event-0218,mock-reco-v1,20260902,dat1,PRODUCT_VIEW,product-001,cat-electronics,shop-01,Wed Jul 15 2026 08:45:00 GMT+0700 (Indochina Time),1,storefront,1
dat1-event-0219,mock-reco-v1,20260902,dat1,PRODUCT_VIEW,product-018,cat-computers,shop-03,Thu Jul 16 2026 11:36:00 GMT+0700 (Indochina Time),1,storefront,1
dat1-event-0220,mock-reco-v1,20260902,dat1,PRODUCT_VIEW,product-044,cat-fashion-women,shop-03,Fri Jul 17 2026 14:35:00 GMT+0700 (Indochina Time),1,storefront,1
dat1-event-0221,mock-reco-v1,20260902,dat1,PRODUCT_VIEW,product-062,cat-beauty,shop-11,Sun Jul 19 2026 04:11:00 GMT+0700 (Indochina Time),1,storefront,1
dat1-event-0222,mock-reco-v1,20260902,dat1,PRODUCT_VIEW,product-003,cat-electronics,shop-11,Mon Jul 20 2026 01:12:00 GMT+0700 (Indochina Time),1,storefront,1
dat1-event-0223,mock-reco-v1,20260902,dat1,PRODUCT_VIEW,product-020,cat-computers,shop-01,Mon Jul 20 2026 10:09:00 GMT+0700 (Indochina Time),1,storefront,1
dat1-event-0224,mock-reco-v1,20260902,dat1,PRODUCT_VIEW,product-050,cat-fashion-women,shop-10,Tue Jul 21 2026 07:10:00 GMT+0700 (Indochina Time),1,storefront,1
dat1-event-0225,mock-reco-v1,20260902,dat1,PRODUCT_VIEW,product-095,cat-books,shop-10,Wed Jul 22 2026 16:15:00 GMT+0700 (Indochina Time),1,storefront,1
dat1-event-0226,mock-reco-v1,20260902,dat1,PRODUCT_VIEW,product-119,cat-grocery,shop-12,Thu Jul 23 2026 13:16:00 GMT+0700 (Indochina Time),1,storefront,1
dat1-event-0227,mock-reco-v1,20260902,dat1,PRODUCT_VIEW,product-022,cat-home,shop-11,Fri Jul 24 2026 22:13:00 GMT+0700 (Indochina Time),1,storefront,1
dat1-event-0228,mock-reco-v1,20260902,dat1,PRODUCT_VIEW,product-053,cat-fashion-men,shop-01,Sat Jul 25 2026 19:14:00 GMT+0700 (Indochina Time),1,storefront,1
dat1-event-0229,mock-reco-v1,20260902,dat1,PRODUCT_VIEW,product-097,cat-books,shop-09,Mon Jul 27 2026 04:19:00 GMT+0700 (Indochina Time),1,storefront,1
dat1-event-0230,mock-reco-v1,20260902,dat1,PRODUCT_VIEW,product-007,cat-electronics,shop-07,Tue Jul 28 2026 01:20:00 GMT+0700 (Indochina Time),1,storefront,1
dat1-event-0231,mock-reco-v1,20260902,dat1,PRODUCT_VIEW,product-074,cat-sports,shop-12,Wed Jul 29 2026 06:42:00 GMT+0700 (Indochina Time),1,storefront,1
dat1-event-0232,mock-reco-v1,20260902,dat1,PRODUCT_VIEW,product-065,cat-beauty,shop-02,Wed Jul 29 2026 09:41:00 GMT+0700 (Indochina Time),1,storefront,1
dat1-event-0233,mock-reco-v1,20260902,dat1,PRODUCT_VIEW,product-099,cat-books,shop-07,Fri Jul 31 2026 00:44:00 GMT+0700 (Indochina Time),1,storefront,1
dat1-event-0234,mock-reco-v1,20260902,dat1,PRODUCT_VIEW,product-009,cat-electronics,shop-05,Sat Aug 01 2026 03:43:00 GMT+0700 (Indochina Time),1,storefront,1
dat1-event-0235,mock-reco-v1,20260902,dat1,PRODUCT_VIEW,product-026,cat-home,shop-08,Sat Aug 01 2026 18:38:00 GMT+0700 (Indochina Time),1,storefront,1
dat1-event-0236,mock-reco-v1,20260902,dat1,PRODUCT_VIEW,product-040,cat-kitchen,shop-07,Sun Aug 02 2026 21:37:00 GMT+0700 (Indochina Time),1,storefront,1
dat1-event-0237,mock-reco-v1,20260902,dat1,PRODUCT_VIEW,product-102,cat-pets,shop-10,Mon Aug 03 2026 12:40:00 GMT+0700 (Indochina Time),1,storefront,1
dat1-event-0238,mock-reco-v1,20260902,dat1,PRODUCT_VIEW,product-011,cat-computers,shop-03,Tue Aug 04 2026 15:39:00 GMT+0700 (Indochina Time),1,storefront,1
dat1-event-0239,mock-reco-v1,20260902,dat1,PRODUCT_VIEW,product-028,cat-home,shop-06,Thu Aug 06 2026 06:50:00 GMT+0700 (Indochina Time),1,storefront,1
dat1-event-0240,mock-reco-v1,20260902,dat1,PRODUCT_VIEW,product-076,cat-sports,shop-10,Thu Aug 06 2026 09:49:00 GMT+0700 (Indochina Time),1,storefront,1
dat1-event-0241,mock-reco-v1,20260902,dat1,PRODUCT_VIEW,product-087,cat-mother-baby,shop-06,Sat Aug 08 2026 01:09:00 GMT+0700 (Indochina Time),1,storefront,1
dat1-event-0242,mock-reco-v1,20260902,dat1,PRODUCT_VIEW,product-013,cat-computers,shop-02,Sat Aug 08 2026 22:10:00 GMT+0700 (Indochina Time),1,storefront,1
dat1-event-0243,mock-reco-v1,20260902,dat1,PRODUCT_VIEW,product-030,cat-home,shop-04,Sun Aug 09 2026 19:11:00 GMT+0700 (Indochina Time),1,storefront,1
dat1-event-0244,mock-reco-v1,20260902,dat1,PRODUCT_VIEW,product-079,cat-sports,shop-01,Mon Aug 10 2026 16:12:00 GMT+0700 (Indochina Time),1,storefront,1
dat1-event-0245,mock-reco-v1,20260902,dat1,PRODUCT_VIEW,product-110,cat-pets,shop-03,Tue Aug 11 2026 13:05:00 GMT+0700 (Indochina Time),1,storefront,1
dat1-event-0246,mock-reco-v1,20260902,dat1,PRODUCT_VIEW,product-054,cat-fashion-men,shop-06,Wed Aug 12 2026 10:06:00 GMT+0700 (Indochina Time),1,storefront,1
dat1-event-0247,mock-reco-v1,20260902,dat1,PRODUCT_VIEW,product-036,cat-kitchen,shop-10,Thu Aug 13 2026 07:07:00 GMT+0700 (Indochina Time),1,storefront,1
dat1-event-0248,mock-reco-v1,20260902,dat1,PRODUCT_VIEW,product-086,cat-mother-baby,shop-01,Sat Aug 15 2026 04:08:00 GMT+0700 (Indochina Time),1,storefront,1
dat1-event-0249,mock-reco-v1,20260902,dat1,PRODUCT_VIEW,product-117,cat-grocery,shop-02,Sun Aug 16 2026 01:17:00 GMT+0700 (Indochina Time),1,storefront,1
dat1-event-0250,mock-reco-v1,20260902,dat1,PRODUCT_VIEW,product-017,cat-computers,shop-10,Sun Aug 16 2026 22:18:00 GMT+0700 (Indochina Time),1,storefront,1
dat1-event-0251,mock-reco-v1,20260902,dat1,PRODUCT_VIEW,product-108,cat-pets,shop-04,Tue Aug 18 2026 05:48:00 GMT+0700 (Indochina Time),1,storefront,1
dat1-event-0252,mock-reco-v1,20260902,dat1,PRODUCT_VIEW,product-092,cat-books,shop-07,Tue Aug 18 2026 08:47:00 GMT+0700 (Indochina Time),1,storefront,1
dat1-event-0253,mock-reco-v1,20260902,dat1,PRODUCT_VIEW,product-002,cat-electronics,shop-06,Wed Aug 19 2026 11:46:00 GMT+0700 (Indochina Time),1,storefront,1
dat1-event-0254,mock-reco-v1,20260902,dat1,PRODUCT_VIEW,product-019,cat-computers,shop-08,Thu Aug 20 2026 14:45:00 GMT+0700 (Indochina Time),1,storefront,1
dat1-event-0255,mock-reco-v1,20260902,dat1,PRODUCT_VIEW,product-046,cat-fashion-women,shop-01,Fri Aug 21 2026 17:44:00 GMT+0700 (Indochina Time),1,storefront,1
dat1-event-0256,mock-reco-v1,20260902,dat1,PRODUCT_VIEW,product-063,cat-beauty,shop-04,Sat Aug 22 2026 20:43:00 GMT+0700 (Indochina Time),1,storefront,1
dat1-event-0257,mock-reco-v1,20260902,dat1,PRODUCT_VIEW,product-004,cat-electronics,shop-04,Sun Aug 23 2026 23:42:00 GMT+0700 (Indochina Time),1,storefront,1
dat1-event-0258,mock-reco-v1,20260902,dat1,PRODUCT_VIEW,product-021,cat-home,shop-06,Tue Aug 25 2026 02:41:00 GMT+0700 (Indochina Time),1,storefront,1
dat1-event-0259,mock-reco-v1,20260902,dat1,PRODUCT_VIEW,product-051,cat-fashion-men,shop-03,Wed Aug 26 2026 05:56:00 GMT+0700 (Indochina Time),1,storefront,1
dat1-event-0260,mock-reco-v1,20260902,dat1,PRODUCT_VIEW,product-096,cat-books,shop-03,Wed Aug 26 2026 08:55:00 GMT+0700 (Indochina Time),1,storefront,1
dat1-event-0261,mock-reco-v1,20260902,dat1,PRODUCT_VIEW,product-120,cat-grocery,shop-05,Thu Aug 27 2026 20:39:00 GMT+0700 (Indochina Time),1,storefront,1
dat1-event-0262,mock-reco-v1,20260902,dat1,PRODUCT_VIEW,product-023,cat-home,shop-04,Fri Aug 28 2026 17:40:00 GMT+0700 (Indochina Time),1,storefront,1
dat1-event-0263,mock-reco-v1,20260902,dat1,PRODUCT_VIEW,product-058,cat-fashion-men,shop-02,Sun Aug 30 2026 02:37:00 GMT+0700 (Indochina Time),1,storefront,1
dat1-event-0264,mock-reco-v1,20260902,dat1,PRODUCT_VIEW,product-098,cat-books,shop-02,Mon Jun 01 2026 23:38:00 GMT+0700 (Indochina Time),1,storefront,1
dat1-event-0265,mock-reco-v1,20260902,dat1,PRODUCT_VIEW,product-008,cat-electronics,shop-12,Tue Jun 02 2026 08:35:00 GMT+0700 (Indochina Time),1,storefront,1
dat1-event-0266,mock-reco-v1,20260902,dat1,PRODUCT_VIEW,product-075,cat-sports,shop-05,Thu Jun 04 2026 05:36:00 GMT+0700 (Indochina Time),1,storefront,1
dat1-event-0267,mock-reco-v1,20260902,dat1,PRODUCT_VIEW,product-069,cat-beauty,shop-10,Thu Jun 04 2026 14:33:00 GMT+0700 (Indochina Time),1,storefront,1
dat1-event-0268,mock-reco-v1,20260902,dat1,PRODUCT_VIEW,product-100,cat-books,shop-12,Fri Jun 05 2026 11:34:00 GMT+0700 (Indochina Time),1,storefront,1
dat1-event-0269,mock-reco-v1,20260902,dat1,PRODUCT_VIEW,product-010,cat-electronics,shop-10,Sat Jun 06 2026 20:31:00 GMT+0700 (Indochina Time),1,storefront,1
dat1-event-0270,mock-reco-v1,20260902,dat1,PRODUCT_VIEW,product-027,cat-home,shop-01,Sun Jun 07 2026 17:32:00 GMT+0700 (Indochina Time),1,storefront,1
dat1-event-0271,mock-reco-v1,20260902,dat1,PRODUCT_VIEW,product-041,cat-fashion-women,shop-12,Mon Jun 08 2026 22:38:00 GMT+0700 (Indochina Time),1,storefront,1
dat1-event-0272,mock-reco-v1,20260902,dat1,PRODUCT_VIEW,product-103,cat-pets,shop-03,Wed Jun 10 2026 01:37:00 GMT+0700 (Indochina Time),1,storefront,1
dat1-event-0273,mock-reco-v1,20260902,dat1,PRODUCT_VIEW,product-012,cat-computers,shop-08,Wed Jun 10 2026 16:40:00 GMT+0700 (Indochina Time),1,storefront,1
dat1-event-0274,mock-reco-v1,20260902,dat1,PRODUCT_VIEW,product-029,cat-home,shop-11,Thu Jun 11 2026 19:39:00 GMT+0700 (Indochina Time),1,storefront,1
dat1-event-0275,mock-reco-v1,20260902,dat1,PRODUCT_VIEW,product-077,cat-sports,shop-03,Fri Jun 12 2026 10:42:00 GMT+0700 (Indochina Time),1,storefront,1
dat1-event-0276,mock-reco-v1,20260902,dat1,PRODUCT_VIEW,product-088,cat-mother-baby,shop-11,Sat Jun 13 2026 13:41:00 GMT+0700 (Indochina Time),1,storefront,1
dat1-event-0277,mock-reco-v1,20260902,dat1,PRODUCT_VIEW,product-014,cat-computers,shop-07,Mon Jun 15 2026 04:44:00 GMT+0700 (Indochina Time),1,storefront,1
dat1-event-0278,mock-reco-v1,20260902,dat1,PRODUCT_VIEW,product-032,cat-kitchen,shop-02,Mon Jun 15 2026 07:43:00 GMT+0700 (Indochina Time),1,storefront,1
dat1-event-0279,mock-reco-v1,20260902,dat1,PRODUCT_VIEW,product-084,cat-mother-baby,shop-02,Tue Jun 16 2026 22:46:00 GMT+0700 (Indochina Time),1,storefront,1
dat1-event-0280,mock-reco-v1,20260902,dat1,PRODUCT_VIEW,product-112,cat-grocery,shop-01,Thu Jun 18 2026 01:45:00 GMT+0700 (Indochina Time),1,storefront,1
dat1-event-0281,mock-reco-v1,20260902,dat1,PRODUCT_VIEW,product-055,cat-fashion-men,shop-11,Thu Jun 18 2026 19:13:00 GMT+0700 (Indochina Time),1,storefront,1
dat1-event-0282,mock-reco-v1,20260902,dat1,PRODUCT_VIEW,product-039,cat-kitchen,shop-02,Fri Jun 19 2026 16:14:00 GMT+0700 (Indochina Time),1,storefront,1
dat1-event-0283,mock-reco-v1,20260902,dat1,PRODUCT_VIEW,product-091,cat-books,shop-02,Sat Jun 20 2026 13:15:00 GMT+0700 (Indochina Time),1,storefront,1
dat1-event-0284,mock-reco-v1,20260902,dat1,PRODUCT_VIEW,product-001,cat-electronics,shop-01,Sun Jun 21 2026 10:16:00 GMT+0700 (Indochina Time),1,storefront,1
dat1-event-0285,mock-reco-v1,20260902,dat1,PRODUCT_VIEW,product-018,cat-computers,shop-03,Mon Jun 22 2026 07:17:00 GMT+0700 (Indochina Time),1,storefront,1
dat1-event-0286,mock-reco-v1,20260902,dat1,PRODUCT_VIEW,product-111,cat-grocery,shop-08,Wed Jun 24 2026 04:18:00 GMT+0700 (Indochina Time),1,storefront,1
dat1-event-0287,mock-reco-v1,20260902,dat1,PRODUCT_VIEW,product-093,cat-books,shop-12,Thu Jun 25 2026 01:19:00 GMT+0700 (Indochina Time),1,storefront,1
dat1-event-0288,mock-reco-v1,20260902,dat1,PRODUCT_VIEW,product-003,cat-electronics,shop-11,Thu Jun 25 2026 22:20:00 GMT+0700 (Indochina Time),1,storefront,1
dat1-event-0289,mock-reco-v1,20260902,dat1,PRODUCT_VIEW,product-020,cat-computers,shop-01,Fri Jun 26 2026 19:21:00 GMT+0700 (Indochina Time),1,storefront,1
dat1-event-0290,mock-reco-v1,20260902,dat1,PRODUCT_VIEW,product-050,cat-fashion-women,shop-10,Sat Jun 27 2026 16:22:00 GMT+0700 (Indochina Time),1,storefront,1
dat1-event-0291,mock-reco-v1,20260902,dat1,PRODUCT_VIEW,product-064,cat-beauty,shop-09,Sun Jun 28 2026 21:44:00 GMT+0700 (Indochina Time),1,storefront,1
dat1-event-0292,mock-reco-v1,20260902,dat1,PRODUCT_VIEW,product-005,cat-electronics,shop-09,Tue Jun 30 2026 00:43:00 GMT+0700 (Indochina Time),1,storefront,1
dat1-event-0293,mock-reco-v1,20260902,dat1,PRODUCT_VIEW,product-022,cat-home,shop-11,Wed Jul 01 2026 03:42:00 GMT+0700 (Indochina Time),1,storefront,1
dat1-event-0294,mock-reco-v1,20260902,dat1,PRODUCT_VIEW,product-053,cat-fashion-men,shop-01,Thu Jul 02 2026 06:41:00 GMT+0700 (Indochina Time),1,storefront,1
dat1-event-0295,mock-reco-v1,20260902,dat1,PRODUCT_VIEW,product-097,cat-books,shop-09,Thu Jul 02 2026 09:48:00 GMT+0700 (Indochina Time),1,storefront,1
dat1-event-0296,mock-reco-v1,20260902,dat1,PRODUCT_VIEW,product-031,cat-kitchen,shop-09,Fri Jul 03 2026 12:47:00 GMT+0700 (Indochina Time),1,storefront,1
dat1-event-0297,mock-reco-v1,20260902,dat1,PRODUCT_VIEW,product-024,cat-home,shop-09,Sat Jul 04 2026 15:46:00 GMT+0700 (Indochina Time),1,storefront,1
dat1-event-0298,mock-reco-v1,20260902,dat1,PRODUCT_VIEW,product-065,cat-beauty,shop-02,Sun Jul 05 2026 18:45:00 GMT+0700 (Indochina Time),1,storefront,1
dat1-event-0299,mock-reco-v1,20260902,dat1,PRODUCT_VIEW,product-099,cat-books,shop-07,Mon Jul 06 2026 21:52:00 GMT+0700 (Indochina Time),1,storefront,1
dat1-event-0300,mock-reco-v1,20260902,dat1,PRODUCT_VIEW,product-009,cat-electronics,shop-05,Wed Jul 08 2026 00:51:00 GMT+0700 (Indochina Time),1,storefront,1
dat1-event-0301,mock-reco-v1,20260902,dat1,PRODUCT_VIEW,product-078,cat-sports,shop-08,Wed Jul 08 2026 19:10:00 GMT+0700 (Indochina Time),1,storefront,1
dat1-event-0302,mock-reco-v1,20260902,dat1,PRODUCT_VIEW,product-070,cat-beauty,shop-03,Thu Jul 09 2026 22:09:00 GMT+0700 (Indochina Time),1,storefront,1
dat1-event-0303,mock-reco-v1,20260902,dat1,PRODUCT_VIEW,product-102,cat-pets,shop-10,Fri Jul 10 2026 13:12:00 GMT+0700 (Indochina Time),1,storefront,1
dat1-event-0304,mock-reco-v1,20260902,dat1,PRODUCT_VIEW,product-011,cat-computers,shop-03,Sat Jul 11 2026 16:11:00 GMT+0700 (Indochina Time),1,storefront,1
dat1-event-0305,mock-reco-v1,20260902,dat1,PRODUCT_VIEW,product-028,cat-home,shop-06,Sun Jul 12 2026 07:14:00 GMT+0700 (Indochina Time),1,storefront,1
dat1-event-0306,mock-reco-v1,20260902,dat1,PRODUCT_VIEW,product-042,cat-fashion-women,shop-05,Mon Jul 13 2026 10:13:00 GMT+0700 (Indochina Time),1,storefront,1
dat1-event-0307,mock-reco-v1,20260902,dat1,PRODUCT_VIEW,product-105,cat-pets,shop-01,Wed Jul 15 2026 01:16:00 GMT+0700 (Indochina Time),1,storefront,1
dat1-event-0308,mock-reco-v1,20260902,dat1,PRODUCT_VIEW,product-013,cat-computers,shop-02,Thu Jul 16 2026 04:15:00 GMT+0700 (Indochina Time),1,storefront,1
dat1-event-0309,mock-reco-v1,20260902,dat1,PRODUCT_VIEW,product-030,cat-home,shop-04,Thu Jul 16 2026 19:18:00 GMT+0700 (Indochina Time),1,storefront,1
dat1-event-0310,mock-reco-v1,20260902,dat1,PRODUCT_VIEW,product-079,cat-sports,shop-01,Fri Jul 17 2026 22:17:00 GMT+0700 (Indochina Time),1,storefront,1
dat1-event-0311,mock-reco-v1,20260902,dat1,PRODUCT_VIEW,product-089,cat-mother-baby,shop-04,Sat Jul 18 2026 17:11:00 GMT+0700 (Indochina Time),1,storefront,1
dat1-event-0312,mock-reco-v1,20260902,dat1,PRODUCT_VIEW,product-015,cat-computers,shop-12,Sun Jul 19 2026 14:12:00 GMT+0700 (Indochina Time),1,storefront,1
dat1-event-0313,mock-reco-v1,20260902,dat1,PRODUCT_VIEW,product-036,cat-kitchen,shop-10,Mon Jul 20 2026 23:09:00 GMT+0700 (Indochina Time),1,storefront,1
dat1-event-0314,mock-reco-v1,20260902,dat1,PRODUCT_VIEW,product-086,cat-mother-baby,shop-01,Tue Jul 21 2026 20:10:00 GMT+0700 (Indochina Time),1,storefront,1
dat1-event-0315,mock-reco-v1,20260902,dat1,PRODUCT_VIEW,product-117,cat-grocery,shop-02,Thu Jul 23 2026 05:07:00 GMT+0700 (Indochina Time),1,storefront,1
dat1-event-0316,mock-reco-v1,20260902,dat1,PRODUCT_VIEW,product-056,cat-fashion-men,shop-04,Fri Jul 24 2026 02:08:00 GMT+0700 (Indochina Time),1,storefront,1
dat1-event-0317,mock-reco-v1,20260902,dat1,PRODUCT_VIEW,product-043,cat-fashion-women,shop-10,Fri Jul 24 2026 11:05:00 GMT+0700 (Indochina Time),1,storefront,1
dat1-event-0318,mock-reco-v1,20260902,dat1,PRODUCT_VIEW,product-092,cat-books,shop-07,Sat Jul 25 2026 08:06:00 GMT+0700 (Indochina Time),1,storefront,1
dat1-event-0319,mock-reco-v1,20260902,dat1,PRODUCT_VIEW,product-002,cat-electronics,shop-06,Sun Jul 26 2026 17:03:00 GMT+0700 (Indochina Time),1,storefront,1
dat1-event-0320,mock-reco-v1,20260902,dat1,PRODUCT_VIEW,product-019,cat-computers,shop-08,Mon Jul 27 2026 14:04:00 GMT+0700 (Indochina Time),1,storefront,1
dat1-event-0321,mock-reco-v1,20260902,dat1,PRODUCT_VIEW,product-113,cat-grocery,shop-06,Wed Jul 29 2026 02:20:00 GMT+0700 (Indochina Time),1,storefront,1
dat1-event-0322,mock-reco-v1,20260902,dat1,PRODUCT_VIEW,product-094,cat-books,shop-05,Thu Jul 30 2026 05:19:00 GMT+0700 (Indochina Time),1,storefront,1
dat1-event-0323,mock-reco-v1,20260902,dat1,PRODUCT_VIEW,product-004,cat-electronics,shop-04,Thu Jul 30 2026 08:18:00 GMT+0700 (Indochina Time),1,storefront,1
dat1-event-0324,mock-reco-v1,20260902,dat1,PRODUCT_VIEW,product-021,cat-home,shop-06,Fri Jul 31 2026 11:17:00 GMT+0700 (Indochina Time),1,storefront,1
dat1-event-0325,mock-reco-v1,20260902,dat1,PRODUCT_VIEW,product-051,cat-fashion-men,shop-03,Sat Aug 01 2026 14:16:00 GMT+0700 (Indochina Time),1,storefront,1
dat1-event-0326,mock-reco-v1,20260902,dat1,PRODUCT_VIEW,product-066,cat-beauty,shop-07,Sun Aug 02 2026 17:15:00 GMT+0700 (Indochina Time),1,storefront,1
dat1-event-0327,mock-reco-v1,20260902,dat1,PRODUCT_VIEW,product-006,cat-electronics,shop-02,Mon Aug 03 2026 20:14:00 GMT+0700 (Indochina Time),1,storefront,1
dat1-event-0328,mock-reco-v1,20260902,dat1,PRODUCT_VIEW,product-023,cat-home,shop-04,Tue Aug 04 2026 23:13:00 GMT+0700 (Indochina Time),1,storefront,1
dat1-event-0329,mock-reco-v1,20260902,dat1,PRODUCT_VIEW,product-058,cat-fashion-men,shop-02,Thu Aug 06 2026 02:28:00 GMT+0700 (Indochina Time),1,storefront,1
dat1-event-0330,mock-reco-v1,20260902,dat1,PRODUCT_VIEW,product-098,cat-books,shop-02,Fri Aug 07 2026 05:27:00 GMT+0700 (Indochina Time),1,storefront,1
dat1-event-0331,mock-reco-v1,20260902,dat1,PRODUCT_VIEW,product-033,cat-kitchen,shop-07,Fri Aug 07 2026 23:49:00 GMT+0700 (Indochina Time),1,storefront,1
dat1-event-0332,mock-reco-v1,20260902,dat1,PRODUCT_VIEW,product-025,cat-home,shop-03,Sat Aug 08 2026 20:50:00 GMT+0700 (Indochina Time),1,storefront,1
dat1-event-0333,mock-reco-v1,20260902,dat1,PRODUCT_VIEW,product-069,cat-beauty,shop-10,Sun Aug 09 2026 17:51:00 GMT+0700 (Indochina Time),1,storefront,1
dat1-event-0334,mock-reco-v1,20260902,dat1,PRODUCT_VIEW,product-100,cat-books,shop-12,Mon Aug 10 2026 14:52:00 GMT+0700 (Indochina Time),1,storefront,1
dat1-event-0335,mock-reco-v1,20260902,dat1,PRODUCT_VIEW,product-010,cat-electronics,shop-10,Tue Aug 11 2026 11:45:00 GMT+0700 (Indochina Time),1,storefront,1
dat1-event-0336,mock-reco-v1,20260902,dat1,PRODUCT_VIEW,product-080,cat-sports,shop-06,Wed Aug 12 2026 08:46:00 GMT+0700 (Indochina Time),1,storefront,1
dat1-event-0337,mock-reco-v1,20260902,dat1,PRODUCT_VIEW,product-072,cat-sports,shop-01,Fri Aug 14 2026 05:47:00 GMT+0700 (Indochina Time),1,storefront,1
dat1-event-0338,mock-reco-v1,20260902,dat1,PRODUCT_VIEW,product-103,cat-pets,shop-03,Sat Aug 15 2026 02:48:00 GMT+0700 (Indochina Time),1,storefront,1
dat1-event-0339,mock-reco-v1,20260902,dat1,PRODUCT_VIEW,product-012,cat-computers,shop-08,Sat Aug 15 2026 23:57:00 GMT+0700 (Indochina Time),1,storefront,1
dat1-event-0340,mock-reco-v1,20260902,dat1,PRODUCT_VIEW,product-029,cat-home,shop-11,Sun Aug 16 2026 20:58:00 GMT+0700 (Indochina Time),1,storefront,1
dat1-event-0341,mock-reco-v1,20260902,dat1,PRODUCT_VIEW,product-045,cat-fashion-women,shop-08,Tue Aug 18 2026 03:14:00 GMT+0700 (Indochina Time),1,storefront,1
dat1-event-0342,mock-reco-v1,20260902,dat1,PRODUCT_VIEW,product-109,cat-pets,shop-10,Wed Aug 19 2026 06:13:00 GMT+0700 (Indochina Time),1,storefront,1
dat1-event-0343,mock-reco-v1,20260902,dat1,PRODUCT_VIEW,product-014,cat-computers,shop-07,Wed Aug 19 2026 21:16:00 GMT+0700 (Indochina Time),1,storefront,1
dat1-event-0344,mock-reco-v1,20260902,dat1,PRODUCT_VIEW,product-032,cat-kitchen,shop-02,Fri Aug 21 2026 00:15:00 GMT+0700 (Indochina Time),1,storefront,1
dat1-event-0345,mock-reco-v1,20260902,dat1,PRODUCT_VIEW,product-084,cat-mother-baby,shop-02,Fri Aug 21 2026 15:10:00 GMT+0700 (Indochina Time),1,storefront,1
dat1-event-0346,mock-reco-v1,20260902,dat1,PRODUCT_VIEW,product-090,cat-mother-baby,shop-09,Sat Aug 22 2026 18:09:00 GMT+0700 (Indochina Time),1,storefront,1
dat1-event-0347,mock-reco-v1,20260902,dat1,PRODUCT_VIEW,product-016,cat-computers,shop-05,Sun Aug 23 2026 09:12:00 GMT+0700 (Indochina Time),1,storefront,1
dat1-event-0348,mock-reco-v1,20260902,dat1,PRODUCT_VIEW,product-039,cat-kitchen,shop-02,Mon Aug 24 2026 12:11:00 GMT+0700 (Indochina Time),1,storefront,1
dat1-event-0349,mock-reco-v1,20260902,dat1,PRODUCT_VIEW,product-091,cat-books,shop-02,Wed Aug 26 2026 03:22:00 GMT+0700 (Indochina Time),1,storefront,1
dat1-event-0350,mock-reco-v1,20260902,dat1,PRODUCT_VIEW,product-001,cat-electronics,shop-01,Thu Aug 27 2026 06:21:00 GMT+0700 (Indochina Time),1,storefront,1
dat1-event-0351,mock-reco-v1,20260902,dat1,PRODUCT_VIEW,product-057,cat-fashion-men,shop-09,Fri Aug 28 2026 00:43:00 GMT+0700 (Indochina Time),1,storefront,1
dat1-event-0352,mock-reco-v1,20260902,dat1,PRODUCT_VIEW,product-044,cat-fashion-women,shop-03,Fri Aug 28 2026 21:44:00 GMT+0700 (Indochina Time),1,storefront,1
dat1-event-0353,mock-reco-v1,20260902,dat1,PRODUCT_VIEW,product-093,cat-books,shop-12,Sun Aug 30 2026 06:41:00 GMT+0700 (Indochina Time),1,storefront,1
dat1-event-0354,mock-reco-v1,20260902,dat1,PRODUCT_VIEW,product-003,cat-electronics,shop-11,Tue Jun 02 2026 03:42:00 GMT+0700 (Indochina Time),1,storefront,1
dat1-event-0355,mock-reco-v1,20260902,dat1,PRODUCT_VIEW,product-020,cat-computers,shop-01,Tue Jun 02 2026 12:47:00 GMT+0700 (Indochina Time),1,storefront,1
dat1-event-0356,mock-reco-v1,20260902,dat1,PRODUCT_VIEW,product-114,cat-grocery,shop-11,Wed Jun 03 2026 09:48:00 GMT+0700 (Indochina Time),1,storefront,1
dat1-event-0357,mock-reco-v1,20260902,dat1,PRODUCT_VIEW,product-095,cat-books,shop-10,Thu Jun 04 2026 18:45:00 GMT+0700 (Indochina Time),1,storefront,1
dat1-event-0358,mock-reco-v1,20260902,dat1,PRODUCT_VIEW,product-005,cat-electronics,shop-09,Fri Jun 05 2026 15:46:00 GMT+0700 (Indochina Time),1,storefront,1
dat1-event-0359,mock-reco-v1,20260902,dat1,PRODUCT_VIEW,product-022,cat-home,shop-11,Sun Jun 07 2026 00:51:00 GMT+0700 (Indochina Time),1,storefront,1
dat1-event-0360,mock-reco-v1,20260902,dat1,PRODUCT_VIEW,product-053,cat-fashion-men,shop-01,Sun Jun 07 2026 21:52:00 GMT+0700 (Indochina Time),1,storefront,1
dat1-event-0361,mock-reco-v1,20260902,dat1,PRODUCT_VIEW,product-067,cat-beauty,shop-12,Mon Jun 08 2026 14:40:00 GMT+0700 (Indochina Time),1,storefront,1
dat1-event-0362,mock-reco-v1,20260902,dat1,PRODUCT_VIEW,product-007,cat-electronics,shop-07,Tue Jun 09 2026 17:39:00 GMT+0700 (Indochina Time),1,storefront,1
dat1-event-0363,mock-reco-v1,20260902,dat1,PRODUCT_VIEW,product-024,cat-home,shop-09,Wed Jun 10 2026 20:38:00 GMT+0700 (Indochina Time),1,storefront,1
dat1-event-0364,mock-reco-v1,20260902,dat1,PRODUCT_VIEW,product-065,cat-beauty,shop-02,Thu Jun 11 2026 23:37:00 GMT+0700 (Indochina Time),1,storefront,1
dat1-event-0365,mock-reco-v1,20260902,dat1,PRODUCT_VIEW,product-099,cat-books,shop-07,Sat Jun 13 2026 02:44:00 GMT+0700 (Indochina Time),1,storefront,1
dat1-event-0366,mock-reco-v1,20260902,dat1,PRODUCT_VIEW,product-034,cat-kitchen,shop-12,Sun Jun 14 2026 05:43:00 GMT+0700 (Indochina Time),1,storefront,1
dat1-event-0367,mock-reco-v1,20260902,dat1,PRODUCT_VIEW,product-026,cat-home,shop-08,Sun Jun 14 2026 08:42:00 GMT+0700 (Indochina Time),1,storefront,1
dat1-event-0368,mock-reco-v1,20260902,dat1,PRODUCT_VIEW,product-070,cat-beauty,shop-03,Mon Jun 15 2026 11:41:00 GMT+0700 (Indochina Time),1,storefront,1
dat1-event-0369,mock-reco-v1,20260902,dat1,PRODUCT_VIEW,product-102,cat-pets,shop-10,Tue Jun 16 2026 14:32:00 GMT+0700 (Indochina Time),1,storefront,1
dat1-event-0370,mock-reco-v1,20260902,dat1,PRODUCT_VIEW,product-011,cat-computers,shop-03,Wed Jun 17 2026 17:31:00 GMT+0700 (Indochina Time),1,storefront,1
dat1-event-0371,mock-reco-v1,20260902,dat1,PRODUCT_VIEW,product-081,cat-mother-baby,shop-11,Fri Jun 19 2026 05:45:00 GMT+0700 (Indochina Time),1,storefront,1
dat1-event-0372,mock-reco-v1,20260902,dat1,PRODUCT_VIEW,product-076,cat-sports,shop-10,Sat Jun 20 2026 02:46:00 GMT+0700 (Indochina Time),1,storefront,1
dat1-event-0373,mock-reco-v1,20260902,dat1,PRODUCT_VIEW,product-105,cat-pets,shop-01,Sat Jun 20 2026 23:47:00 GMT+0700 (Indochina Time),1,storefront,1
dat1-event-0374,mock-reco-v1,20260902,dat1,PRODUCT_VIEW,product-013,cat-computers,shop-02,Sun Jun 21 2026 20:48:00 GMT+0700 (Indochina Time),1,storefront,1
dat1-event-0375,mock-reco-v1,20260902,dat1,PRODUCT_VIEW,product-030,cat-home,shop-04,Mon Jun 22 2026 17:49:00 GMT+0700 (Indochina Time),1,storefront,1
dat1-event-0376,mock-reco-v1,20260902,dat1,PRODUCT_VIEW,product-047,cat-fashion-women,shop-06,Tue Jun 23 2026 14:50:00 GMT+0700 (Indochina Time),1,storefront,1
dat1-event-0377,mock-reco-v1,20260902,dat1,PRODUCT_VIEW,product-110,cat-pets,shop-03,Wed Jun 24 2026 11:51:00 GMT+0700 (Indochina Time),1,storefront,1
dat1-event-0378,mock-reco-v1,20260902,dat1,PRODUCT_VIEW,product-015,cat-computers,shop-12,Thu Jun 25 2026 08:52:00 GMT+0700 (Indochina Time),1,storefront,1
dat1-event-0379,mock-reco-v1,20260902,dat1,PRODUCT_VIEW,product-036,cat-kitchen,shop-10,Sat Jun 27 2026 05:37:00 GMT+0700 (Indochina Time),1,storefront,1
dat1-event-0380,mock-reco-v1,20260902,dat1,PRODUCT_VIEW,product-086,cat-mother-baby,shop-01,Sun Jun 28 2026 02:38:00 GMT+0700 (Indochina Time),1,storefront,1
dat1-event-0381,mock-reco-v1,20260902,dat1,PRODUCT_VIEW,product-101,cat-pets,shop-05,Mon Jun 29 2026 01:26:00 GMT+0700 (Indochina Time),1,storefront,1
dat1-event-0382,mock-reco-v1,20260902,dat1,PRODUCT_VIEW,product-017,cat-computers,shop-10,Tue Jun 30 2026 04:25:00 GMT+0700 (Indochina Time),1,storefront,1
dat1-event-0383,mock-reco-v1,20260902,dat1,PRODUCT_VIEW,product-043,cat-fashion-women,shop-10,Tue Jun 30 2026 19:28:00 GMT+0700 (Indochina Time),1,storefront,1
dat1-event-0384,mock-reco-v1,20260902,dat1,PRODUCT_VIEW,product-092,cat-books,shop-07,Wed Jul 01 2026 22:27:00 GMT+0700 (Indochina Time),1,storefront,1
dat1-event-0385,mock-reco-v1,20260902,dat1,PRODUCT_VIEW,product-002,cat-electronics,shop-06,Thu Jul 02 2026 13:30:00 GMT+0700 (Indochina Time),1,storefront,1
dat1-event-0386,mock-reco-v1,20260902,dat1,PRODUCT_VIEW,product-059,cat-fashion-men,shop-07,Fri Jul 03 2026 16:29:00 GMT+0700 (Indochina Time),1,storefront,1
dat1-event-0387,mock-reco-v1,20260902,dat1,PRODUCT_VIEW,product-046,cat-fashion-women,shop-01,Sat Jul 04 2026 07:32:00 GMT+0700 (Indochina Time),1,storefront,1
dat1-event-0388,mock-reco-v1,20260902,dat1,PRODUCT_VIEW,product-094,cat-books,shop-05,Sun Jul 05 2026 10:31:00 GMT+0700 (Indochina Time),1,storefront,1
dat1-event-0389,mock-reco-v1,20260902,dat1,PRODUCT_VIEW,product-004,cat-electronics,shop-04,Tue Jul 07 2026 01:18:00 GMT+0700 (Indochina Time),1,storefront,1
dat1-event-0390,mock-reco-v1,20260902,dat1,PRODUCT_VIEW,product-021,cat-home,shop-06,Wed Jul 08 2026 04:17:00 GMT+0700 (Indochina Time),1,storefront,1
dat1-event-0391,mock-reco-v1,20260902,dat1,PRODUCT_VIEW,product-115,cat-grocery,shop-04,Wed Jul 08 2026 20:47:00 GMT+0700 (Indochina Time),1,storefront,1
dat1-event-0392,mock-reco-v1,20260902,dat1,PRODUCT_VIEW,product-096,cat-books,shop-03,Thu Jul 09 2026 17:48:00 GMT+0700 (Indochina Time),1,storefront,1
dat1-event-0393,mock-reco-v1,20260902,dat1,PRODUCT_VIEW,product-006,cat-electronics,shop-02,Sat Jul 11 2026 02:45:00 GMT+0700 (Indochina Time),1,storefront,1
dat1-event-0394,mock-reco-v1,20260902,dat1,PRODUCT_VIEW,product-023,cat-home,shop-04,Sat Jul 11 2026 23:46:00 GMT+0700 (Indochina Time),1,storefront,1
dat1-event-0395,mock-reco-v1,20260902,dat1,PRODUCT_VIEW,product-058,cat-fashion-men,shop-02,Sun Jul 12 2026 08:43:00 GMT+0700 (Indochina Time),1,storefront,1
dat1-event-0396,mock-reco-v1,20260902,dat1,PRODUCT_VIEW,product-068,cat-beauty,shop-05,Tue Jul 14 2026 05:44:00 GMT+0700 (Indochina Time),1,storefront,1
dat1-event-0397,mock-reco-v1,20260902,dat1,PRODUCT_VIEW,product-008,cat-electronics,shop-12,Tue Jul 14 2026 14:41:00 GMT+0700 (Indochina Time),1,storefront,1
dat1-event-0398,mock-reco-v1,20260902,dat1,PRODUCT_VIEW,product-025,cat-home,shop-03,Wed Jul 15 2026 11:42:00 GMT+0700 (Indochina Time),1,storefront,1
dat1-event-0399,mock-reco-v1,20260902,dat1,PRODUCT_VIEW,product-069,cat-beauty,shop-10,Thu Jul 16 2026 20:55:00 GMT+0700 (Indochina Time),1,storefront,1
dat1-event-0400,mock-reco-v1,20260902,dat1,PRODUCT_VIEW,product-100,cat-books,shop-12,Fri Jul 17 2026 17:56:00 GMT+0700 (Indochina Time),1,storefront,1
dat1-event-0401,mock-reco-v1,20260902,dat1,PRODUCT_VIEW,product-035,cat-kitchen,shop-05,Sat Jul 18 2026 18:47:00 GMT+0700 (Indochina Time),1,storefront,1
dat1-event-0402,mock-reco-v1,20260902,dat1,PRODUCT_VIEW,product-027,cat-home,shop-01,Sun Jul 19 2026 15:48:00 GMT+0700 (Indochina Time),1,storefront,1
dat1-event-0403,mock-reco-v1,20260902,dat1,PRODUCT_VIEW,product-072,cat-sports,shop-01,Tue Jul 21 2026 00:45:00 GMT+0700 (Indochina Time),1,storefront,1
dat1-event-0404,mock-reco-v1,20260902,dat1,PRODUCT_VIEW,product-103,cat-pets,shop-03,Tue Jul 21 2026 21:46:00 GMT+0700 (Indochina Time),1,storefront,1
dat1-event-0405,mock-reco-v1,20260902,dat1,PRODUCT_VIEW,product-012,cat-computers,shop-08,Thu Jul 23 2026 06:43:00 GMT+0700 (Indochina Time),1,storefront,1
dat1-event-0406,mock-reco-v1,20260902,dat1,PRODUCT_VIEW,product-082,cat-mother-baby,shop-04,Fri Jul 24 2026 03:44:00 GMT+0700 (Indochina Time),1,storefront,1
dat1-event-0407,mock-reco-v1,20260902,dat1,PRODUCT_VIEW,product-077,cat-sports,shop-03,Fri Jul 24 2026 12:41:00 GMT+0700 (Indochina Time),1,storefront,1
dat1-event-0408,mock-reco-v1,20260902,dat1,PRODUCT_VIEW,product-109,cat-pets,shop-10,Sat Jul 25 2026 09:42:00 GMT+0700 (Indochina Time),1,storefront,1
dat1-event-0409,mock-reco-v1,20260902,dat1,PRODUCT_VIEW,product-014,cat-computers,shop-07,Sun Jul 26 2026 18:39:00 GMT+0700 (Indochina Time),1,storefront,1
dat1-event-0410,mock-reco-v1,20260902,dat1,PRODUCT_VIEW,product-032,cat-kitchen,shop-02,Mon Jul 27 2026 15:40:00 GMT+0700 (Indochina Time),1,storefront,1
dat1-event-0411,mock-reco-v1,20260902,dat1,PRODUCT_VIEW,product-048,cat-fashion-women,shop-11,Wed Jul 29 2026 03:10:00 GMT+0700 (Indochina Time),1,storefront,1
dat1-event-0412,mock-reco-v1,20260902,dat1,PRODUCT_VIEW,product-112,cat-grocery,shop-01,Thu Jul 30 2026 06:09:00 GMT+0700 (Indochina Time),1,storefront,1
dat1-event-0413,mock-reco-v1,20260902,dat1,PRODUCT_VIEW,product-016,cat-computers,shop-05,Thu Jul 30 2026 21:12:00 GMT+0700 (Indochina Time),1,storefront,1
dat1-event-0414,mock-reco-v1,20260902,dat1,PRODUCT_VIEW,product-039,cat-kitchen,shop-02,Sat Aug 01 2026 00:11:00 GMT+0700 (Indochina Time),1,storefront,1
dat1-event-0415,mock-reco-v1,20260902,dat1,PRODUCT_VIEW,product-091,cat-books,shop-02,Sat Aug 01 2026 15:14:00 GMT+0700 (Indochina Time),1,storefront,1
dat1-event-0416,mock-reco-v1,20260902,dat1,PRODUCT_VIEW,product-104,cat-pets,shop-08,Sun Aug 02 2026 18:13:00 GMT+0700 (Indochina Time),1,storefront,1
dat1-event-0417,mock-reco-v1,20260902,dat1,PRODUCT_VIEW,product-018,cat-computers,shop-03,Mon Aug 03 2026 09:16:00 GMT+0700 (Indochina Time),1,storefront,1
dat1-event-0418,mock-reco-v1,20260902,dat1,PRODUCT_VIEW,product-044,cat-fashion-women,shop-03,Tue Aug 04 2026 12:15:00 GMT+0700 (Indochina Time),1,storefront,1
dat1-event-0419,mock-reco-v1,20260902,dat1,PRODUCT_VIEW,product-093,cat-books,shop-12,Thu Aug 06 2026 03:18:00 GMT+0700 (Indochina Time),1,storefront,1
dat1-event-0420,mock-reco-v1,20260902,dat1,PRODUCT_VIEW,product-003,cat-electronics,shop-11,Fri Aug 07 2026 06:17:00 GMT+0700 (Indochina Time),1,storefront,1
dat1-event-0421,mock-reco-v1,20260902,dat1,FAVORITE,product-060,cat-fashion-men,shop-12,Fri Aug 07 2026 21:26:00 GMT+0700 (Indochina Time),3,storefront,1
dat1-event-0422,mock-reco-v1,20260902,dat1,FAVORITE,product-050,cat-fashion-women,shop-10,Sun Aug 09 2026 00:25:00 GMT+0700 (Indochina Time),3,storefront,1
dat1-event-0423,mock-reco-v1,20260902,dat1,FAVORITE,product-095,cat-books,shop-10,Sun Aug 09 2026 15:28:00 GMT+0700 (Indochina Time),3,storefront,1
dat1-event-0424,mock-reco-v1,20260902,dat1,FAVORITE,product-005,cat-electronics,shop-09,Mon Aug 10 2026 18:27:00 GMT+0700 (Indochina Time),3,storefront,1
dat1-event-0425,mock-reco-v1,20260902,dat1,FAVORITE,product-022,cat-home,shop-11,Tue Aug 11 2026 09:30:00 GMT+0700 (Indochina Time),3,storefront,1
dat1-event-0426,mock-reco-v1,20260902,dat1,FAVORITE,product-116,cat-grocery,shop-09,Wed Aug 12 2026 12:29:00 GMT+0700 (Indochina Time),3,storefront,1
dat1-event-0427,mock-reco-v1,20260902,dat1,FAVORITE,product-097,cat-books,shop-09,Fri Aug 14 2026 03:32:00 GMT+0700 (Indochina Time),3,storefront,1
dat1-event-0428,mock-reco-v1,20260902,dat1,FAVORITE,product-007,cat-electronics,shop-07,Sat Aug 15 2026 06:31:00 GMT+0700 (Indochina Time),3,storefront,1
dat1-event-0429,mock-reco-v1,20260902,dat1,FAVORITE,product-024,cat-home,shop-09,Sat Aug 15 2026 21:18:00 GMT+0700 (Indochina Time),3,storefront,1
dat1-event-0430,mock-reco-v1,20260902,dat1,FAVORITE,product-065,cat-beauty,shop-02,Mon Aug 17 2026 00:17:00 GMT+0700 (Indochina Time),3,storefront,1
dat1-event-0431,mock-reco-v1,20260902,dat1,FAVORITE,product-071,cat-sports,shop-08,Tue Aug 18 2026 03:47:00 GMT+0700 (Indochina Time),3,storefront,1
dat1-event-0432,mock-reco-v1,20260902,dat1,FAVORITE,product-009,cat-electronics,shop-05,Wed Aug 19 2026 00:48:00 GMT+0700 (Indochina Time),3,storefront,1
dat1-event-0433,mock-reco-v1,20260902,dat1,FAVORITE,product-026,cat-home,shop-08,Wed Aug 19 2026 09:45:00 GMT+0700 (Indochina Time),3,storefront,1
dat1-event-0434,mock-reco-v1,20260902,dat1,FAVORITE,product-070,cat-beauty,shop-03,Fri Aug 21 2026 06:46:00 GMT+0700 (Indochina Time),3,storefront,1
dat1-event-0435,mock-reco-v1,20260902,dat1,FAVORITE,product-102,cat-pets,shop-10,Fri Aug 21 2026 20:07:00 GMT+0700 (Indochina Time),3,storefront,1
dat1-event-0436,mock-reco-v1,20260902,dat1,FAVORITE,product-037,cat-kitchen,shop-04,Sat Aug 22 2026 17:08:00 GMT+0700 (Indochina Time),3,storefront,1
dat1-event-0437,mock-reco-v1,20260902,dat1,FAVORITE,product-028,cat-home,shop-06,Sun Aug 23 2026 21:49:00 GMT+0700 (Indochina Time),3,storefront,1
dat1-event-0438,mock-reco-v1,20260902,dat1,FAVORITE,product-076,cat-sports,shop-10,Mon Aug 24 2026 23:06:00 GMT+0700 (Indochina Time),3,storefront,1
dat1-event-0439,mock-reco-v1,20260902,dat1,FAVORITE,product-105,cat-pets,shop-01,Wed Aug 26 2026 03:39:00 GMT+0700 (Indochina Time),3,storefront,1
dat1-event-0440,mock-reco-v1,20260902,dat1,FAVORITE,product-013,cat-computers,shop-02,Thu Aug 27 2026 00:40:00 GMT+0700 (Indochina Time),3,storefront,1
dat1-event-0441,mock-reco-v1,20260902,dat1,FAVORITE,product-083,cat-mother-baby,shop-09,Thu Aug 27 2026 17:12:00 GMT+0700 (Indochina Time),3,storefront,1
dat1-event-0442,mock-reco-v1,20260902,dat1,FAVORITE,product-079,cat-sports,shop-01,Fri Aug 28 2026 20:11:00 GMT+0700 (Indochina Time),3,storefront,1
dat1-event-0443,mock-reco-v1,20260902,dat1,FAVORITE,product-110,cat-pets,shop-03,Sat Aug 29 2026 23:10:00 GMT+0700 (Indochina Time),3,storefront,1
dat1-event-0444,mock-reco-v1,20260902,dat1,FAVORITE,product-015,cat-computers,shop-12,Tue Jun 02 2026 02:09:00 GMT+0700 (Indochina Time),3,storefront,1
dat1-event-0445,mock-reco-v1,20260902,dat1,FAVORITE,product-036,cat-kitchen,shop-10,Wed Jun 03 2026 05:16:00 GMT+0700 (Indochina Time),3,storefront,1
dat1-event-0446,mock-reco-v1,20260902,dat1,FAVORITE,product-049,cat-fashion-women,shop-05,Wed Jun 03 2026 08:15:00 GMT+0700 (Indochina Time),3,storefront,1
dat1-event-0447,mock-reco-v1,20260902,dat1,FAVORITE,product-117,cat-grocery,shop-02,Thu Jun 04 2026 11:14:00 GMT+0700 (Indochina Time),3,storefront,1
dat1-event-0448,mock-reco-v1,20260902,dat1,FAVORITE,product-017,cat-computers,shop-10,Fri Jun 05 2026 14:13:00 GMT+0700 (Indochina Time),3,storefront,1
dat1-event-0449,mock-reco-v1,20260902,dat1,FAVORITE,product-043,cat-fashion-women,shop-10,Sat Jun 06 2026 17:20:00 GMT+0700 (Indochina Time),3,storefront,1
dat1-event-0450,mock-reco-v1,20260902,dat1,FAVORITE,product-092,cat-books,shop-07,Sun Jun 07 2026 20:19:00 GMT+0700 (Indochina Time),3,storefront,1
dat1-event-0451,mock-reco-v1,20260902,dat1,FAVORITE,product-106,cat-pets,shop-06,Mon Jun 08 2026 14:41:00 GMT+0700 (Indochina Time),3,storefront,1
dat1-event-0452,mock-reco-v1,20260902,dat1,FAVORITE,product-019,cat-computers,shop-08,Tue Jun 09 2026 11:42:00 GMT+0700 (Indochina Time),3,storefront,1
dat1-event-0453,mock-reco-v1,20260902,dat1,FAVORITE,product-046,cat-fashion-women,shop-01,Wed Jun 10 2026 08:43:00 GMT+0700 (Indochina Time),3,storefront,1
dat1-event-0454,mock-reco-v1,20260902,dat1,FAVORITE,product-094,cat-books,shop-05,Fri Jun 12 2026 05:44:00 GMT+0700 (Indochina Time),3,storefront,1
dat1-event-0455,mock-reco-v1,20260902,dat1,FAVORITE,product-004,cat-electronics,shop-04,Sat Jun 13 2026 02:45:00 GMT+0700 (Indochina Time),3,storefront,1
dat1-event-0456,mock-reco-v1,20260902,dat1,FAVORITE,product-061,cat-beauty,shop-06,Sat Jun 13 2026 23:46:00 GMT+0700 (Indochina Time),3,storefront,1
dat1-event-0457,mock-reco-v1,20260902,dat1,FAVORITE,product-051,cat-fashion-men,shop-03,Sun Jun 14 2026 20:47:00 GMT+0700 (Indochina Time),3,storefront,1
dat1-event-0458,mock-reco-v1,20260902,dat1,FAVORITE,product-096,cat-books,shop-03,Mon Jun 15 2026 17:48:00 GMT+0700 (Indochina Time),3,storefront,1
dat1-event-0459,mock-reco-v1,20260902,dat1,FAVORITE,product-006,cat-electronics,shop-02,Tue Jun 16 2026 14:49:00 GMT+0700 (Indochina Time),3,storefront,1
dat1-event-0460,mock-reco-v1,20260902,dat1,FAVORITE,product-023,cat-home,shop-04,Wed Jun 17 2026 11:50:00 GMT+0700 (Indochina Time),3,storefront,1
dat1-event-0461,mock-reco-v1,20260902,dat1,FAVORITE,product-118,cat-grocery,shop-07,Fri Jun 19 2026 00:22:00 GMT+0700 (Indochina Time),3,storefront,1
dat1-event-0462,mock-reco-v1,20260902,dat1,FAVORITE,product-098,cat-books,shop-02,Sat Jun 20 2026 03:21:00 GMT+0700 (Indochina Time),3,storefront,1
dat1-event-0463,mock-reco-v1,20260902,dat1,FAVORITE,product-008,cat-electronics,shop-12,Sat Jun 20 2026 18:24:00 GMT+0700 (Indochina Time),3,storefront,1
dat1-event-0464,mock-reco-v1,20260902,dat1,FAVORITE,product-025,cat-home,shop-03,Sun Jun 21 2026 21:23:00 GMT+0700 (Indochina Time),3,storefront,1
dat1-event-0465,mock-reco-v1,20260902,dat1,FAVORITE,product-069,cat-beauty,shop-10,Mon Jun 22 2026 12:26:00 GMT+0700 (Indochina Time),3,storefront,1
dat1-event-0466,mock-reco-v1,20260902,dat1,FAVORITE,product-073,cat-sports,shop-07,Tue Jun 23 2026 15:25:00 GMT+0700 (Indochina Time),3,storefront,1
dat1-event-0467,mock-reco-v1,20260902,dat1,FAVORITE,product-010,cat-electronics,shop-10,Wed Jun 24 2026 10:44:00 GMT+0700 (Indochina Time),3,storefront,1
dat1-event-0468,mock-reco-v1,20260902,dat1,FAVORITE,product-027,cat-home,shop-01,Thu Jun 25 2026 13:43:00 GMT+0700 (Indochina Time),3,storefront,1
dat1-event-0469,mock-reco-v1,20260902,dat1,FAVORITE,product-072,cat-sports,shop-01,Sat Jun 27 2026 00:14:00 GMT+0700 (Indochina Time),3,storefront,1
dat1-event-0470,mock-reco-v1,20260902,dat1,FAVORITE,product-103,cat-pets,shop-03,Sun Jun 28 2026 03:13:00 GMT+0700 (Indochina Time),3,storefront,1
dat1-event-0471,mock-reco-v1,20260902,dat1,FAVORITE,product-038,cat-kitchen,shop-09,Sun Jun 28 2026 19:43:00 GMT+0700 (Indochina Time),3,storefront,1
dat1-event-0472,mock-reco-v1,20260902,dat1,FAVORITE,product-029,cat-home,shop-11,Mon Jun 29 2026 16:44:00 GMT+0700 (Indochina Time),3,storefront,1
dat1-event-0473,mock-reco-v1,20260902,dat1,FAVORITE,product-077,cat-sports,shop-03,Wed Jul 01 2026 01:41:00 GMT+0700 (Indochina Time),3,storefront,1
dat1-event-0474,mock-reco-v1,20260902,dat1,FAVORITE,product-109,cat-pets,shop-10,Wed Jul 01 2026 22:42:00 GMT+0700 (Indochina Time),3,storefront,1
dat1-event-0475,mock-reco-v1,20260902,dat1,FAVORITE,product-014,cat-computers,shop-07,Thu Jul 02 2026 07:39:00 GMT+0700 (Indochina Time),3,storefront,1
dat1-event-0476,mock-reco-v1,20260902,dat1,FAVORITE,product-085,cat-mother-baby,shop-08,Sat Jul 04 2026 04:40:00 GMT+0700 (Indochina Time),3,storefront,1
dat1-event-0477,mock-reco-v1,20260902,dat1,FAVORITE,product-084,cat-mother-baby,shop-02,Sat Jul 04 2026 13:37:00 GMT+0700 (Indochina Time),3,storefront,1
dat1-event-0478,mock-reco-v1,20260902,dat1,FAVORITE,product-112,cat-grocery,shop-01,Sun Jul 05 2026 10:38:00 GMT+0700 (Indochina Time),3,storefront,1
dat1-event-0479,mock-reco-v1,20260902,dat1,FAVORITE,product-016,cat-computers,shop-05,Mon Jul 06 2026 19:51:00 GMT+0700 (Indochina Time),3,storefront,1
dat1-event-0480,mock-reco-v1,20260902,dat1,FAVORITE,product-039,cat-kitchen,shop-02,Tue Jul 07 2026 16:52:00 GMT+0700 (Indochina Time),3,storefront,1
dat1-event-0481,mock-reco-v1,20260902,dat1,FAVORITE,product-052,cat-fashion-men,shop-08,Wed Jul 08 2026 09:40:00 GMT+0700 (Indochina Time),3,storefront,1
dat1-event-0482,mock-reco-v1,20260902,dat1,FAVORITE,product-001,cat-electronics,shop-01,Thu Jul 09 2026 12:39:00 GMT+0700 (Indochina Time),3,storefront,1
dat1-event-0483,mock-reco-v1,20260902,dat1,FAVORITE,product-018,cat-computers,shop-03,Fri Jul 10 2026 15:38:00 GMT+0700 (Indochina Time),3,storefront,1
dat1-event-0484,mock-reco-v1,20260902,dat1,FAVORITE,product-044,cat-fashion-women,shop-03,Sat Jul 11 2026 18:37:00 GMT+0700 (Indochina Time),3,storefront,1
dat1-event-0485,mock-reco-v1,20260902,dat1,FAVORITE,product-093,cat-books,shop-12,Sun Jul 12 2026 21:36:00 GMT+0700 (Indochina Time),3,storefront,1
dat1-event-0486,mock-reco-v1,20260902,dat1,FAVORITE,product-107,cat-pets,shop-11,Tue Jul 14 2026 00:35:00 GMT+0700 (Indochina Time),3,storefront,1
dat1-event-0487,mock-reco-v1,20260902,dat1,FAVORITE,product-020,cat-computers,shop-01,Wed Jul 15 2026 03:34:00 GMT+0700 (Indochina Time),3,storefront,1
dat1-event-0488,mock-reco-v1,20260902,dat1,FAVORITE,product-050,cat-fashion-women,shop-10,Thu Jul 16 2026 06:33:00 GMT+0700 (Indochina Time),3,storefront,1
dat1-event-0489,mock-reco-v1,20260902,dat1,FAVORITE,product-095,cat-books,shop-10,Fri Jul 17 2026 05:16:00 GMT+0700 (Indochina Time),3,storefront,1
dat1-event-0490,mock-reco-v1,20260902,dat1,FAVORITE,product-005,cat-electronics,shop-09,Fri Jul 17 2026 08:15:00 GMT+0700 (Indochina Time),3,storefront,1
dat1-event-0491,mock-reco-v1,20260902,dat1,FAVORITE,product-062,cat-beauty,shop-11,Sat Jul 18 2026 07:09:00 GMT+0700 (Indochina Time),3,storefront,1
dat1-event-0492,mock-reco-v1,20260902,dat1,FAVORITE,product-053,cat-fashion-men,shop-01,Mon Jul 20 2026 04:10:00 GMT+0700 (Indochina Time),3,storefront,1
dat1-event-0493,mock-reco-v1,20260902,dat1,FAVORITE,product-097,cat-books,shop-09,Tue Jul 21 2026 01:11:00 GMT+0700 (Indochina Time),3,storefront,1
dat1-event-0494,mock-reco-v1,20260902,dat1,FAVORITE,product-007,cat-electronics,shop-07,Tue Jul 21 2026 22:12:00 GMT+0700 (Indochina Time),3,storefront,1
dat1-event-0495,mock-reco-v1,20260902,dat1,FAVORITE,product-024,cat-home,shop-09,Wed Jul 22 2026 14:49:00 GMT+0700 (Indochina Time),3,storefront,1
dat1-event-0496,mock-reco-v1,20260902,dat1,FAVORITE,product-119,cat-grocery,shop-12,Thu Jul 23 2026 11:50:00 GMT+0700 (Indochina Time),3,storefront,1
dat1-event-0497,mock-reco-v1,20260902,dat1,FAVORITE,product-099,cat-books,shop-07,Fri Jul 24 2026 08:51:00 GMT+0700 (Indochina Time),3,storefront,1
dat1-event-0498,mock-reco-v1,20260902,dat1,FAVORITE,product-009,cat-electronics,shop-05,Sat Jul 25 2026 10:08:00 GMT+0700 (Indochina Time),3,storefront,1
dat1-event-0499,mock-reco-v1,20260902,dat1,FAVORITE,product-026,cat-home,shop-08,Mon Jul 27 2026 02:45:00 GMT+0700 (Indochina Time),3,storefront,1
dat1-event-0500,mock-reco-v1,20260902,dat1,FAVORITE,product-070,cat-beauty,shop-03,Mon Jul 27 2026 23:46:00 GMT+0700 (Indochina Time),3,storefront,1
dat1-event-0501,mock-reco-v1,20260902,dat1,FAVORITE,product-074,cat-sports,shop-12,Wed Jul 29 2026 02:10:00 GMT+0700 (Indochina Time),3,storefront,1
dat1-event-0502,mock-reco-v1,20260902,dat1,FAVORITE,product-011,cat-computers,shop-03,Thu Jul 30 2026 05:09:00 GMT+0700 (Indochina Time),3,storefront,1
dat1-event-0503,mock-reco-v1,20260902,dat1,FAVORITE,product-028,cat-home,shop-06,Thu Jul 30 2026 20:12:00 GMT+0700 (Indochina Time),3,storefront,1
dat1-event-0504,mock-reco-v1,20260902,dat1,FAVORITE,product-076,cat-sports,shop-10,Fri Jul 31 2026 23:11:00 GMT+0700 (Indochina Time),3,storefront,1
dat1-event-0505,mock-reco-v1,20260902,dat1,FAVORITE,product-105,cat-pets,shop-01,Sat Aug 01 2026 14:06:00 GMT+0700 (Indochina Time),3,storefront,1
dat1-event-0506,mock-reco-v1,20260902,dat1,FAVORITE,product-040,cat-kitchen,shop-07,Sun Aug 02 2026 17:05:00 GMT+0700 (Indochina Time),3,storefront,1
dat1-event-0507,mock-reco-v1,20260902,dat1,FAVORITE,product-030,cat-home,shop-04,Mon Aug 03 2026 08:08:00 GMT+0700 (Indochina Time),3,storefront,1
dat1-event-0508,mock-reco-v1,20260902,dat1,FAVORITE,product-079,cat-sports,shop-01,Tue Aug 04 2026 11:07:00 GMT+0700 (Indochina Time),3,storefront,1
dat1-event-0509,mock-reco-v1,20260902,dat1,FAVORITE,product-110,cat-pets,shop-03,Thu Aug 06 2026 02:18:00 GMT+0700 (Indochina Time),3,storefront,1
dat1-event-0510,mock-reco-v1,20260902,dat1,FAVORITE,product-015,cat-computers,shop-12,Fri Aug 07 2026 05:17:00 GMT+0700 (Indochina Time),3,storefront,1
dat1-event-0511,mock-reco-v1,20260902,dat1,ORDER_COMPLETED,product-087,cat-mother-baby,shop-06,Fri Aug 07 2026 16:16:00 GMT+0700 (Indochina Time),5,order-history,1
dat1-event-0512,mock-reco-v1,20260902,dat1,ORDER_COMPLETED,product-086,cat-mother-baby,shop-01,Sat Aug 08 2026 19:15:00 GMT+0700 (Indochina Time),5,order-history,1
dat1-event-0513,mock-reco-v1,20260902,dat1,ORDER_COMPLETED,product-117,cat-grocery,shop-02,Sun Aug 09 2026 22:14:00 GMT+0700 (Indochina Time),5,order-history,1
dat1-event-0514,mock-reco-v1,20260902,dat1,ORDER_COMPLETED,product-017,cat-computers,shop-10,Tue Aug 11 2026 01:13:00 GMT+0700 (Indochina Time),5,order-history,1
dat1-event-0515,mock-reco-v1,20260902,dat1,ORDER_COMPLETED,product-043,cat-fashion-women,shop-10,Wed Aug 12 2026 04:20:00 GMT+0700 (Indochina Time),5,order-history,1
dat1-event-0516,mock-reco-v1,20260902,dat1,ORDER_COMPLETED,product-054,cat-fashion-men,shop-06,Wed Aug 12 2026 07:19:00 GMT+0700 (Indochina Time),5,order-history,1
dat1-event-0517,mock-reco-v1,20260902,dat1,ORDER_COMPLETED,product-002,cat-electronics,shop-06,Thu Aug 13 2026 10:18:00 GMT+0700 (Indochina Time),5,order-history,1
dat1-event-0518,mock-reco-v1,20260902,dat1,ORDER_COMPLETED,product-019,cat-computers,shop-08,Fri Aug 14 2026 13:17:00 GMT+0700 (Indochina Time),5,order-history,1
dat1-event-0519,mock-reco-v1,20260902,dat1,ORDER_COMPLETED,product-046,cat-fashion-women,shop-01,Sat Aug 15 2026 16:08:00 GMT+0700 (Indochina Time),5,order-history,1
dat1-event-0520,mock-reco-v1,20260902,dat1,ORDER_COMPLETED,product-094,cat-books,shop-05,Sun Aug 16 2026 19:07:00 GMT+0700 (Indochina Time),5,order-history,1
dat1-event-0521,mock-reco-v1,20260902,dat1,ORDER_COMPLETED,product-108,cat-pets,shop-04,Mon Aug 17 2026 19:45:00 GMT+0700 (Indochina Time),5,order-history,1
dat1-event-0522,mock-reco-v1,20260902,dat1,ORDER_COMPLETED,product-021,cat-home,shop-06,Tue Aug 18 2026 16:46:00 GMT+0700 (Indochina Time),5,order-history,1
dat1-event-0523,mock-reco-v1,20260902,dat1,ORDER_COMPLETED,product-051,cat-fashion-men,shop-03,Wed Aug 19 2026 13:47:00 GMT+0700 (Indochina Time),5,order-history,1
dat1-event-0524,mock-reco-v1,20260902,dat1,ORDER_COMPLETED,product-096,cat-books,shop-03,Thu Aug 20 2026 10:48:00 GMT+0700 (Indochina Time),5,order-history,1
dat1-event-0525,mock-reco-v1,20260902,dat1,ORDER_COMPLETED,product-006,cat-electronics,shop-02,Fri Aug 21 2026 07:49:00 GMT+0700 (Indochina Time),5,order-history,1
dat1-event-0526,mock-reco-v1,20260902,dat1,ORDER_COMPLETED,product-063,cat-beauty,shop-04,Sun Aug 23 2026 04:50:00 GMT+0700 (Indochina Time),5,order-history,1
dat1-event-0527,mock-reco-v1,20260902,dat1,ORDER_COMPLETED,product-058,cat-fashion-men,shop-02,Mon Aug 24 2026 01:51:00 GMT+0700 (Indochina Time),5,order-history,1
dat1-event-0528,mock-reco-v1,20260902,dat1,ORDER_COMPLETED,product-098,cat-books,shop-02,Mon Aug 24 2026 22:52:00 GMT+0700 (Indochina Time),5,order-history,1
dat1-event-0529,mock-reco-v1,20260902,dat1,ORDER_COMPLETED,product-008,cat-electronics,shop-12,Tue Aug 25 2026 19:53:00 GMT+0700 (Indochina Time),5,order-history,1
dat1-event-0530,mock-reco-v1,20260902,dat1,ORDER_COMPLETED,product-025,cat-home,shop-03,Wed Aug 26 2026 16:54:00 GMT+0700 (Indochina Time),5,order-history,1
dat1-event-0531,mock-reco-v1,20260902,dat1,ORDER_COMPLETED,product-120,cat-grocery,shop-05,Thu Aug 27 2026 17:46:00 GMT+0700 (Indochina Time),5,order-history,1
dat1-event-0532,mock-reco-v1,20260902,dat1,ORDER_COMPLETED,product-100,cat-books,shop-12,Fri Aug 28 2026 20:45:00 GMT+0700 (Indochina Time),5,order-history,1
dat1-event-0533,mock-reco-v1,20260902,dat1,ORDER_COMPLETED,product-010,cat-electronics,shop-10,Sat Aug 29 2026 11:48:00 GMT+0700 (Indochina Time),5,order-history,1
dat1-event-0534,mock-reco-v1,20260902,dat1,ORDER_COMPLETED,product-027,cat-home,shop-01,Mon Jun 01 2026 14:47:00 GMT+0700 (Indochina Time),5,order-history,1
dat1-event-0535,mock-reco-v1,20260902,dat1,ORDER_COMPLETED,product-072,cat-sports,shop-01,Wed Jun 03 2026 05:42:00 GMT+0700 (Indochina Time),5,order-history,1
dat1-event-0536,mock-reco-v1,20260902,dat1,ORDER_COMPLETED,product-075,cat-sports,shop-05,Wed Jun 03 2026 08:41:00 GMT+0700 (Indochina Time),5,order-history,1
dat1-event-0537,mock-reco-v1,20260902,dat1,ORDER_COMPLETED,product-012,cat-computers,shop-08,Thu Jun 04 2026 23:44:00 GMT+0700 (Indochina Time),5,order-history,1
dat1-event-0538,mock-reco-v1,20260902,dat1,ORDER_COMPLETED,product-029,cat-home,shop-11,Sat Jun 06 2026 02:43:00 GMT+0700 (Indochina Time),5,order-history,1
dat1-event-0539,mock-reco-v1,20260902,dat1,ORDER_COMPLETED,product-077,cat-sports,shop-03,Sat Jun 06 2026 17:38:00 GMT+0700 (Indochina Time),5,order-history,1
dat1-event-0540,mock-reco-v1,20260902,dat1,ORDER_COMPLETED,product-109,cat-pets,shop-10,Sun Jun 07 2026 20:37:00 GMT+0700 (Indochina Time),5,order-history,1
dat1-event-0541,mock-reco-v1,20260902,dat1,ORDER_COMPLETED,product-041,cat-fashion-women,shop-12,Mon Jun 08 2026 13:07:00 GMT+0700 (Indochina Time),5,order-history,1
dat1-event-0542,mock-reco-v1,20260902,dat1,ORDER_COMPLETED,product-032,cat-kitchen,shop-02,Tue Jun 09 2026 10:08:00 GMT+0700 (Indochina Time),5,order-history,1
dat1-event-0543,mock-reco-v1,20260902,dat1,ORDER_COMPLETED,product-084,cat-mother-baby,shop-02,Wed Jun 10 2026 19:05:00 GMT+0700 (Indochina Time),5,order-history,1
dat1-event-0544,mock-reco-v1,20260902,dat1,ORDER_COMPLETED,product-112,cat-grocery,shop-01,Thu Jun 11 2026 16:06:00 GMT+0700 (Indochina Time),5,order-history,1
dat1-event-0545,mock-reco-v1,20260902,dat1,ORDER_COMPLETED,product-016,cat-computers,shop-05,Sat Jun 13 2026 01:11:00 GMT+0700 (Indochina Time),5,order-history,1
dat1-event-0546,mock-reco-v1,20260902,dat1,ORDER_COMPLETED,product-088,cat-mother-baby,shop-11,Sat Jun 13 2026 22:12:00 GMT+0700 (Indochina Time),5,order-history,1
dat1-event-0547,mock-reco-v1,20260902,dat1,ORDER_COMPLETED,product-091,cat-books,shop-02,Sun Jun 14 2026 07:09:00 GMT+0700 (Indochina Time),5,order-history,1
dat1-event-0548,mock-reco-v1,20260902,dat1,ORDER_COMPLETED,product-001,cat-electronics,shop-01,Tue Jun 16 2026 04:10:00 GMT+0700 (Indochina Time),5,order-history,1
dat1-event-0549,mock-reco-v1,20260902,dat1,ORDER_COMPLETED,product-018,cat-computers,shop-03,Tue Jun 16 2026 12:59:00 GMT+0700 (Indochina Time),5,order-history,1
dat1-event-0550,mock-reco-v1,20260902,dat1,ORDER_COMPLETED,product-044,cat-fashion-women,shop-03,Wed Jun 17 2026 10:00:00 GMT+0700 (Indochina Time),5,order-history,1
dat1-event-0551,mock-reco-v1,20260902,dat1,ORDER_COMPLETED,product-055,cat-fashion-men,shop-11,Thu Jun 18 2026 14:44:00 GMT+0700 (Indochina Time),5,order-history,1
dat1-event-0552,mock-reco-v1,20260902,dat1,ORDER_COMPLETED,product-003,cat-electronics,shop-11,Fri Jun 19 2026 17:43:00 GMT+0700 (Indochina Time),5,order-history,1
dat1-event-0553,mock-reco-v1,20260902,dat1,ORDER_COMPLETED,product-020,cat-computers,shop-01,Sat Jun 20 2026 20:42:00 GMT+0700 (Indochina Time),5,order-history,1
dat1-event-0554,mock-reco-v1,20260902,dat1,ORDER_COMPLETED,product-050,cat-fashion-women,shop-10,Sun Jun 21 2026 23:41:00 GMT+0700 (Indochina Time),5,order-history,1
dat1-event-0555,mock-reco-v1,20260902,dat1,ORDER_COMPLETED,product-095,cat-books,shop-10,Tue Jun 23 2026 02:40:00 GMT+0700 (Indochina Time),5,order-history,1
dat1-event-0556,mock-reco-v1,20260902,dat1,SHOP_FOLLOW,,,shop-10,Tue Jun 23 2026 18:54:00 GMT+0700 (Indochina Time),3,shop-following,1
dat1-event-0557,mock-reco-v1,20260902,dat1,SHOP_FOLLOW,,,shop-01,Wed Jun 24 2026 21:53:00 GMT+0700 (Indochina Time),3,shop-following,1
dat1-event-0558,mock-reco-v1,20260902,dat1,SHOP_FOLLOW,,,shop-02,Thu Jun 25 2026 12:56:00 GMT+0700 (Indochina Time),3,shop-following,1
dat1-event-0559,mock-reco-v1,20260902,dat1,SHOP_FOLLOW,,,shop-03,Fri Jun 26 2026 15:55:00 GMT+0700 (Indochina Time),3,shop-following,1
dat1-event-0560,mock-reco-v1,20260902,dat1,SHOP_FOLLOW,,,shop-10,Sun Jun 28 2026 06:58:00 GMT+0700 (Indochina Time),3,shop-following,1
dat1-event-0561,mock-reco-v1,20260902,dat1,SHOP_FOLLOW,,,shop-01,Sun Jun 28 2026 09:57:00 GMT+0700 (Indochina Time),3,shop-following,1
dat1-event-0562,mock-reco-v1,20260902,dat1,SHOP_FOLLOW,,,shop-02,Tue Jun 30 2026 01:00:00 GMT+0700 (Indochina Time),3,shop-following,1
dat1-event-0563,mock-reco-v1,20260902,dat1,SHOP_FOLLOW,,,shop-03,Wed Jul 01 2026 03:59:00 GMT+0700 (Indochina Time),3,shop-following,1
dat1-event-0564,mock-reco-v1,20260902,dat1,SHOP_FOLLOW,,,shop-10,Wed Jul 01 2026 19:02:00 GMT+0700 (Indochina Time),3,shop-following,1
dat1-event-0565,mock-reco-v1,20260902,dat1,SHOP_FOLLOW,,,shop-01,Thu Jul 02 2026 22:01:00 GMT+0700 (Indochina Time),3,shop-following,1
dat1-event-0566,mock-reco-v1,20260902,dat1,SHOP_FOLLOW,,,shop-02,Fri Jul 03 2026 23:55:00 GMT+0700 (Indochina Time),3,shop-following,1
dat1-event-0567,mock-reco-v1,20260902,dat1,SHOP_FOLLOW,,,shop-03,Sat Jul 04 2026 20:56:00 GMT+0700 (Indochina Time),3,shop-following,1
dat1-event-0568,mock-reco-v1,20260902,dat1,SHOP_FOLLOW,,,shop-10,Mon Jul 06 2026 05:53:00 GMT+0700 (Indochina Time),3,shop-following,1
dat1-event-0569,mock-reco-v1,20260902,dat1,SHOP_FOLLOW,,,shop-01,Tue Jul 07 2026 02:54:00 GMT+0700 (Indochina Time),3,shop-following,1
dat1-event-0570,mock-reco-v1,20260902,dat1,SHOP_FOLLOW,,,shop-02,Tue Jul 07 2026 11:59:00 GMT+0700 (Indochina Time),3,shop-following,1
dat1-event-0571,mock-reco-v1,20260902,dat1,SHOP_FOLLOW,,,shop-03,Wed Jul 08 2026 09:00:00 GMT+0700 (Indochina Time),3,shop-following,1
dat1-event-0572,mock-reco-v1,20260902,dat1,SHOP_FOLLOW,,,shop-10,Thu Jul 09 2026 17:57:00 GMT+0700 (Indochina Time),3,shop-following,1
dat1-event-0573,mock-reco-v1,20260902,dat1,SHOP_FOLLOW,,,shop-01,Fri Jul 10 2026 14:58:00 GMT+0700 (Indochina Time),3,shop-following,1
dat1-event-0574,mock-reco-v1,20260902,dat1,SHOP_FOLLOW,,,shop-02,Sun Jul 12 2026 00:03:00 GMT+0700 (Indochina Time),3,shop-following,1
dat1-event-0575,mock-reco-v1,20260902,dat1,SHOP_FOLLOW,,,shop-03,Sun Jul 12 2026 21:04:00 GMT+0700 (Indochina Time),3,shop-following,1
dat1-event-0576,mock-reco-v1,20260902,dat1,SHOP_FOLLOW,,,shop-10,Mon Jul 13 2026 13:52:00 GMT+0700 (Indochina Time),3,shop-following,1
dat1-event-0577,mock-reco-v1,20260902,dat1,SHOP_FOLLOW,,,shop-01,Tue Jul 14 2026 16:51:00 GMT+0700 (Indochina Time),3,shop-following,1
dat1-event-0578,mock-reco-v1,20260902,dat1,SHOP_FOLLOW,,,shop-02,Wed Jul 15 2026 19:50:00 GMT+0700 (Indochina Time),3,shop-following,1
dat1-event-0579,mock-reco-v1,20260902,dat1,SHOP_FOLLOW,,,shop-03,Thu Jul 16 2026 22:49:00 GMT+0700 (Indochina Time),3,shop-following,1
dat1-event-0580,mock-reco-v1,20260902,dat1,SHOP_FOLLOW,,,shop-10,Sat Jul 18 2026 01:56:00 GMT+0700 (Indochina Time),3,shop-following,1
dat1-event-0581,mock-reco-v1,20260902,dat1,SHOP_FOLLOW,,,shop-01,Sun Jul 19 2026 04:55:00 GMT+0700 (Indochina Time),3,shop-following,1
dat1-event-0582,mock-reco-v1,20260902,dat1,SHOP_FOLLOW,,,shop-02,Sun Jul 19 2026 07:54:00 GMT+0700 (Indochina Time),3,shop-following,1
dat1-event-0583,mock-reco-v1,20260902,dat1,SHOP_FOLLOW,,,shop-03,Mon Jul 20 2026 10:53:00 GMT+0700 (Indochina Time),3,shop-following,1
dat1-event-0584,mock-reco-v1,20260902,dat1,SHOP_FOLLOW,,,shop-10,Tue Jul 21 2026 13:44:00 GMT+0700 (Indochina Time),3,shop-following,1
dat1-event-0585,mock-reco-v1,20260902,dat1,SHOP_FOLLOW,,,shop-01,Wed Jul 22 2026 16:43:00 GMT+0700 (Indochina Time),3,shop-following,1
dat1-event-0586,mock-reco-v1,20260902,dat1,SHOP_FOLLOW,,,shop-02,Thu Jul 23 2026 11:21:00 GMT+0700 (Indochina Time),3,shop-following,1
dat1-event-0587,mock-reco-v1,20260902,dat1,SHOP_FOLLOW,,,shop-03,Fri Jul 24 2026 08:22:00 GMT+0700 (Indochina Time),3,shop-following,1
dat1-event-0588,mock-reco-v1,20260902,dat1,SHOP_FOLLOW,,,shop-10,Sun Jul 26 2026 05:23:00 GMT+0700 (Indochina Time),3,shop-following,1
dat1-event-0589,mock-reco-v1,20260902,dat1,SHOP_FOLLOW,,,shop-01,Mon Jul 27 2026 02:24:00 GMT+0700 (Indochina Time),3,shop-following,1
dat1-event-0590,mock-reco-v1,20260902,dat1,SHOP_FOLLOW,,,shop-02,Mon Jul 27 2026 23:25:00 GMT+0700 (Indochina Time),3,shop-following,1
dat1-event-0591,mock-reco-v1,20260902,dat1,SHOP_FOLLOW,,,shop-03,Tue Jul 28 2026 20:26:00 GMT+0700 (Indochina Time),3,shop-following,1
dat1-event-0592,mock-reco-v1,20260902,dat1,SHOP_FOLLOW,,,shop-10,Wed Jul 29 2026 17:27:00 GMT+0700 (Indochina Time),3,shop-following,1
dat1-event-0593,mock-reco-v1,20260902,dat1,SHOP_FOLLOW,,,shop-01,Thu Jul 30 2026 14:28:00 GMT+0700 (Indochina Time),3,shop-following,1
dat1-event-0594,mock-reco-v1,20260902,dat1,SHOP_FOLLOW,,,shop-02,Fri Jul 31 2026 11:13:00 GMT+0700 (Indochina Time),3,shop-following,1
dat1-event-0595,mock-reco-v1,20260902,dat1,SHOP_FOLLOW,,,shop-03,Sat Aug 01 2026 08:14:00 GMT+0700 (Indochina Time),3,shop-following,1
dat1-event-0596,mock-reco-v1,20260902,dat1,SHOP_FOLLOW,,,shop-10,Sun Aug 02 2026 20:30:00 GMT+0700 (Indochina Time),3,shop-following,1
dat1-event-0597,mock-reco-v1,20260902,dat1,SHOP_FOLLOW,,,shop-01,Mon Aug 03 2026 23:29:00 GMT+0700 (Indochina Time),3,shop-following,1
dat1-event-0598,mock-reco-v1,20260902,dat1,SHOP_FOLLOW,,,shop-02,Tue Aug 04 2026 14:32:00 GMT+0700 (Indochina Time),3,shop-following,1
dat1-event-0599,mock-reco-v1,20260902,dat1,SHOP_FOLLOW,,,shop-03,Wed Aug 05 2026 17:31:00 GMT+0700 (Indochina Time),3,shop-following,1
dat1-event-0600,mock-reco-v1,20260902,dat1,SHOP_FOLLOW,,,shop-10,Thu Aug 06 2026 08:34:00 GMT+0700 (Indochina Time),3,shop-following,1
dat1-event-0601,mock-reco-v1,20260902,dat1,ORDER_CANCELLED,product-033,cat-kitchen,shop-07,Fri Aug 07 2026 19:50:00 GMT+0700 (Indochina Time),0,storefront,0
dat1-event-0602,mock-reco-v1,20260902,dat1,ORDER_CANCELLED,product-103,cat-pets,shop-03,Sat Aug 08 2026 22:49:00 GMT+0700 (Indochina Time),0,storefront,0
dat1-event-0603,mock-reco-v1,20260902,dat1,ORDER_CANCELLED,product-012,cat-computers,shop-08,Sun Aug 09 2026 13:52:00 GMT+0700 (Indochina Time),0,storefront,0
dat1-event-0604,mock-reco-v1,20260902,dat1,ORDER_CANCELLED,product-029,cat-home,shop-11,Mon Aug 10 2026 16:51:00 GMT+0700 (Indochina Time),0,storefront,0
dat1-event-0605,mock-reco-v1,20260902,dat1,ORDER_CANCELLED,product-077,cat-sports,shop-03,Tue Aug 11 2026 07:54:00 GMT+0700 (Indochina Time),0,storefront,0
dat1-event-0606,mock-reco-v1,20260902,dat1,ORDER_CANCELLED,product-080,cat-sports,shop-06,Wed Aug 12 2026 10:53:00 GMT+0700 (Indochina Time),0,storefront,0
dat1-event-0607,mock-reco-v1,20260902,dat1,ORDER_CANCELLED,product-014,cat-computers,shop-07,Fri Aug 14 2026 01:56:00 GMT+0700 (Indochina Time),0,storefront,0
dat1-event-0608,mock-reco-v1,20260902,dat1,ORDER_CANCELLED,product-032,cat-kitchen,shop-02,Sat Aug 15 2026 04:55:00 GMT+0700 (Indochina Time),0,storefront,0
dat1-event-0609,mock-reco-v1,20260902,dat1,ORDER_CANCELLED,product-084,cat-mother-baby,shop-02,Sat Aug 15 2026 19:42:00 GMT+0700 (Indochina Time),0,storefront,0
dat1-event-0610,mock-reco-v1,20260902,dat1,ORDER_CANCELLED,product-112,cat-grocery,shop-01,Sun Aug 16 2026 22:41:00 GMT+0700 (Indochina Time),0,storefront,0
dat2-event-0611,mock-reco-v1,20260902,dat2,PRODUCT_VIEW,product-058,cat-fashion-men,shop-02,Thu Jul 02 2026 21:16:00 GMT+0700 (Indochina Time),1,storefront,1
dat2-event-0612,mock-reco-v1,20260902,dat2,PRODUCT_VIEW,product-082,cat-mother-baby,shop-04,Sat Jul 04 2026 00:15:00 GMT+0700 (Indochina Time),1,storefront,1
dat2-event-0613,mock-reco-v1,20260902,dat2,PRODUCT_VIEW,product-118,cat-grocery,shop-07,Sun Jul 05 2026 03:14:00 GMT+0700 (Indochina Time),1,storefront,1
dat2-event-0614,mock-reco-v1,20260902,dat2,PRODUCT_VIEW,product-042,cat-fashion-women,shop-05,Mon Jul 06 2026 06:13:00 GMT+0700 (Indochina Time),1,storefront,1
dat2-event-0615,mock-reco-v1,20260902,dat2,PRODUCT_VIEW,product-066,cat-beauty,shop-07,Mon Jul 06 2026 09:12:00 GMT+0700 (Indochina Time),1,storefront,1
dat2-event-0616,mock-reco-v1,20260902,dat2,PRODUCT_VIEW,product-017,cat-computers,shop-10,Tue Jul 07 2026 12:11:00 GMT+0700 (Indochina Time),1,storefront,1
dat2-event-0617,mock-reco-v1,20260902,dat2,PRODUCT_VIEW,product-120,cat-grocery,shop-05,Wed Jul 08 2026 15:10:00 GMT+0700 (Indochina Time),1,storefront,1
dat2-event-0618,mock-reco-v1,20260902,dat2,PRODUCT_VIEW,product-043,cat-fashion-women,shop-10,Thu Jul 09 2026 18:09:00 GMT+0700 (Indochina Time),1,storefront,1
dat2-event-0619,mock-reco-v1,20260902,dat2,PRODUCT_VIEW,product-067,cat-beauty,shop-12,Fri Jul 10 2026 21:24:00 GMT+0700 (Indochina Time),1,storefront,1
dat2-event-0620,mock-reco-v1,20260902,dat2,PRODUCT_VIEW,product-084,cat-mother-baby,shop-02,Sun Jul 12 2026 00:23:00 GMT+0700 (Indochina Time),1,storefront,1
dat2-event-0621,mock-reco-v1,20260902,dat2,PRODUCT_VIEW,product-106,cat-pets,shop-06,Sun Jul 12 2026 14:29:00 GMT+0700 (Indochina Time),1,storefront,1
dat2-event-0622,mock-reco-v1,20260902,dat2,PRODUCT_VIEW,product-044,cat-fashion-women,shop-03,Mon Jul 13 2026 11:30:00 GMT+0700 (Indochina Time),1,storefront,1
dat2-event-0623,mock-reco-v1,20260902,dat2,PRODUCT_VIEW,product-068,cat-beauty,shop-05,Tue Jul 14 2026 08:31:00 GMT+0700 (Indochina Time),1,storefront,1
dat2-event-0624,mock-reco-v1,20260902,dat2,PRODUCT_VIEW,product-085,cat-mother-baby,shop-08,Thu Jul 16 2026 05:32:00 GMT+0700 (Indochina Time),1,storefront,1
dat2-event-0625,mock-reco-v1,20260902,dat2,PRODUCT_VIEW,product-007,cat-electronics,shop-07,Fri Jul 17 2026 02:25:00 GMT+0700 (Indochina Time),1,storefront,1
dat2-event-0626,mock-reco-v1,20260902,dat2,PRODUCT_VIEW,product-032,cat-kitchen,shop-02,Fri Jul 17 2026 23:26:00 GMT+0700 (Indochina Time),1,storefront,1
dat2-event-0627,mock-reco-v1,20260902,dat2,PRODUCT_VIEW,product-069,cat-beauty,shop-10,Sat Jul 18 2026 20:27:00 GMT+0700 (Indochina Time),1,storefront,1
dat2-event-0628,mock-reco-v1,20260902,dat2,PRODUCT_VIEW,product-086,cat-mother-baby,shop-01,Sun Jul 19 2026 17:28:00 GMT+0700 (Indochina Time),1,storefront,1
dat2-event-0629,mock-reco-v1,20260902,dat2,PRODUCT_VIEW,product-009,cat-electronics,shop-05,Mon Jul 20 2026 14:37:00 GMT+0700 (Indochina Time),1,storefront,1
dat2-event-0630,mock-reco-v1,20260902,dat2,PRODUCT_VIEW,product-046,cat-fashion-women,shop-01,Tue Jul 21 2026 11:38:00 GMT+0700 (Indochina Time),1,storefront,1
dat2-event-0631,mock-reco-v1,20260902,dat2,PRODUCT_VIEW,product-001,cat-electronics,shop-01,Wed Jul 22 2026 11:58:00 GMT+0700 (Indochina Time),1,storefront,1
dat2-event-0632,mock-reco-v1,20260902,dat2,PRODUCT_VIEW,product-087,cat-mother-baby,shop-06,Thu Jul 23 2026 14:57:00 GMT+0700 (Indochina Time),1,storefront,1
dat2-event-0633,mock-reco-v1,20260902,dat2,PRODUCT_VIEW,product-012,cat-computers,shop-08,Sat Jul 25 2026 06:00:00 GMT+0700 (Indochina Time),1,storefront,1
dat2-event-0634,mock-reco-v1,20260902,dat2,PRODUCT_VIEW,product-047,cat-fashion-women,shop-06,Sat Jul 25 2026 08:59:00 GMT+0700 (Indochina Time),1,storefront,1
dat2-event-0635,mock-reco-v1,20260902,dat2,PRODUCT_VIEW,product-071,cat-sports,shop-08,Mon Jul 27 2026 00:02:00 GMT+0700 (Indochina Time),1,storefront,1
dat2-event-0636,mock-reco-v1,20260902,dat2,PRODUCT_VIEW,product-060,cat-fashion-men,shop-12,Tue Jul 28 2026 03:01:00 GMT+0700 (Indochina Time),1,storefront,1
dat2-event-0637,mock-reco-v1,20260902,dat2,PRODUCT_VIEW,product-014,cat-computers,shop-07,Tue Jul 28 2026 18:04:00 GMT+0700 (Indochina Time),1,storefront,1
dat2-event-0638,mock-reco-v1,20260902,dat2,PRODUCT_VIEW,product-048,cat-fashion-women,shop-11,Wed Jul 29 2026 21:03:00 GMT+0700 (Indochina Time),1,storefront,1
dat2-event-0639,mock-reco-v1,20260902,dat2,PRODUCT_VIEW,product-072,cat-sports,shop-01,Thu Jul 30 2026 12:06:00 GMT+0700 (Indochina Time),1,storefront,1
dat2-event-0640,mock-reco-v1,20260902,dat2,PRODUCT_VIEW,product-089,cat-mother-baby,shop-04,Fri Jul 31 2026 15:05:00 GMT+0700 (Indochina Time),1,storefront,1
dat2-event-0641,mock-reco-v1,20260902,dat2,PRODUCT_VIEW,product-018,cat-computers,shop-03,Sat Aug 01 2026 09:59:00 GMT+0700 (Indochina Time),1,storefront,1
dat2-event-0642,mock-reco-v1,20260902,dat2,PRODUCT_VIEW,product-049,cat-fashion-women,shop-05,Sun Aug 02 2026 07:00:00 GMT+0700 (Indochina Time),1,storefront,1
dat2-event-0643,mock-reco-v1,20260902,dat2,PRODUCT_VIEW,product-073,cat-sports,shop-07,Mon Aug 03 2026 15:57:00 GMT+0700 (Indochina Time),1,storefront,1
dat2-event-0644,mock-reco-v1,20260902,dat2,PRODUCT_VIEW,product-090,cat-mother-baby,shop-09,Tue Aug 04 2026 12:58:00 GMT+0700 (Indochina Time),1,storefront,1
dat2-event-0645,mock-reco-v1,20260902,dat2,PRODUCT_VIEW,product-019,cat-computers,shop-08,Wed Aug 05 2026 21:55:00 GMT+0700 (Indochina Time),1,storefront,1
dat2-event-0646,mock-reco-v1,20260902,dat2,PRODUCT_VIEW,product-107,cat-pets,shop-11,Thu Aug 06 2026 18:56:00 GMT+0700 (Indochina Time),1,storefront,1
dat2-event-0647,mock-reco-v1,20260902,dat2,PRODUCT_VIEW,product-074,cat-sports,shop-12,Sat Aug 08 2026 03:53:00 GMT+0700 (Indochina Time),1,storefront,1
dat2-event-0648,mock-reco-v1,20260902,dat2,PRODUCT_VIEW,product-092,cat-books,shop-07,Sun Aug 09 2026 00:54:00 GMT+0700 (Indochina Time),1,storefront,1
dat2-event-0649,mock-reco-v1,20260902,dat2,PRODUCT_VIEW,product-024,cat-home,shop-09,Sun Aug 09 2026 09:51:00 GMT+0700 (Indochina Time),1,storefront,1
dat2-event-0650,mock-reco-v1,20260902,dat2,PRODUCT_VIEW,product-052,cat-fashion-men,shop-08,Tue Aug 11 2026 06:52:00 GMT+0700 (Indochina Time),1,storefront,1
dat2-event-0651,mock-reco-v1,20260902,dat2,PRODUCT_VIEW,product-034,cat-kitchen,shop-12,Wed Aug 12 2026 05:20:00 GMT+0700 (Indochina Time),1,storefront,1
dat2-event-0652,mock-reco-v1,20260902,dat2,PRODUCT_VIEW,product-094,cat-books,shop-05,Wed Aug 12 2026 08:19:00 GMT+0700 (Indochina Time),1,storefront,1
dat2-event-0653,mock-reco-v1,20260902,dat2,PRODUCT_VIEW,product-026,cat-home,shop-08,Thu Aug 13 2026 11:18:00 GMT+0700 (Indochina Time),1,storefront,1
dat2-event-0654,mock-reco-v1,20260902,dat2,PRODUCT_VIEW,product-057,cat-fashion-men,shop-09,Fri Aug 14 2026 14:17:00 GMT+0700 (Indochina Time),1,storefront,1
dat2-event-0655,mock-reco-v1,20260902,dat2,PRODUCT_VIEW,product-076,cat-sports,shop-10,Sat Aug 15 2026 17:24:00 GMT+0700 (Indochina Time),1,storefront,1
dat2-event-0656,mock-reco-v1,20260902,dat2,PRODUCT_VIEW,product-002,cat-electronics,shop-06,Sun Aug 16 2026 20:23:00 GMT+0700 (Indochina Time),1,storefront,1
dat2-event-0657,mock-reco-v1,20260902,dat2,PRODUCT_VIEW,product-031,cat-kitchen,shop-09,Mon Aug 17 2026 23:22:00 GMT+0700 (Indochina Time),1,storefront,1
dat2-event-0658,mock-reco-v1,20260902,dat2,PRODUCT_VIEW,product-059,cat-fashion-men,shop-07,Wed Aug 19 2026 02:21:00 GMT+0700 (Indochina Time),1,storefront,1
dat2-event-0659,mock-reco-v1,20260902,dat2,PRODUCT_VIEW,product-077,cat-sports,shop-03,Thu Aug 20 2026 05:12:00 GMT+0700 (Indochina Time),1,storefront,1
dat2-event-0660,mock-reco-v1,20260902,dat2,PRODUCT_VIEW,product-099,cat-books,shop-07,Thu Aug 20 2026 08:11:00 GMT+0700 (Indochina Time),1,storefront,1
dat2-event-0661,mock-reco-v1,20260902,dat2,PRODUCT_VIEW,product-091,cat-books,shop-02,Sat Aug 22 2026 02:49:00 GMT+0700 (Indochina Time),1,storefront,1
dat2-event-0662,mock-reco-v1,20260902,dat2,PRODUCT_VIEW,product-061,cat-beauty,shop-06,Sat Aug 22 2026 23:50:00 GMT+0700 (Indochina Time),1,storefront,1
dat2-event-0663,mock-reco-v1,20260902,dat2,PRODUCT_VIEW,product-078,cat-sports,shop-08,Sun Aug 23 2026 20:51:00 GMT+0700 (Indochina Time),1,storefront,1
dat2-event-0664,mock-reco-v1,20260902,dat2,PRODUCT_VIEW,product-101,cat-pets,shop-05,Mon Aug 24 2026 17:52:00 GMT+0700 (Indochina Time),1,storefront,1
dat2-event-0665,mock-reco-v1,20260902,dat2,PRODUCT_VIEW,product-035,cat-kitchen,shop-05,Tue Aug 25 2026 14:53:00 GMT+0700 (Indochina Time),1,storefront,1
dat2-event-0666,mock-reco-v1,20260902,dat2,PRODUCT_VIEW,product-020,cat-computers,shop-01,Wed Aug 26 2026 11:54:00 GMT+0700 (Indochina Time),1,storefront,1
dat2-event-0667,mock-reco-v1,20260902,dat2,PRODUCT_VIEW,product-079,cat-sports,shop-01,Thu Aug 27 2026 08:55:00 GMT+0700 (Indochina Time),1,storefront,1
dat2-event-0668,mock-reco-v1,20260902,dat2,PRODUCT_VIEW,product-104,cat-pets,shop-08,Sat Aug 29 2026 05:56:00 GMT+0700 (Indochina Time),1,storefront,1
dat2-event-0669,mock-reco-v1,20260902,dat2,PRODUCT_VIEW,product-038,cat-kitchen,shop-09,Sun Aug 30 2026 02:41:00 GMT+0700 (Indochina Time),1,storefront,1
dat2-event-0670,mock-reco-v1,20260902,dat2,PRODUCT_VIEW,product-063,cat-beauty,shop-04,Mon Jun 01 2026 23:42:00 GMT+0700 (Indochina Time),1,storefront,1
dat2-event-0671,mock-reco-v1,20260902,dat2,PRODUCT_VIEW,product-108,cat-pets,shop-04,Wed Jun 03 2026 00:18:00 GMT+0700 (Indochina Time),1,storefront,1
dat2-event-0672,mock-reco-v1,20260902,dat2,PRODUCT_VIEW,product-111,cat-grocery,shop-08,Thu Jun 04 2026 03:17:00 GMT+0700 (Indochina Time),1,storefront,1
dat2-event-0673,mock-reco-v1,20260902,dat2,PRODUCT_VIEW,product-040,cat-kitchen,shop-07,Thu Jun 04 2026 18:20:00 GMT+0700 (Indochina Time),1,storefront,1
dat2-event-0674,mock-reco-v1,20260902,dat2,PRODUCT_VIEW,product-064,cat-beauty,shop-09,Fri Jun 05 2026 21:19:00 GMT+0700 (Indochina Time),1,storefront,1
dat2-event-0675,mock-reco-v1,20260902,dat2,PRODUCT_VIEW,product-081,cat-mother-baby,shop-11,Sat Jun 06 2026 12:14:00 GMT+0700 (Indochina Time),1,storefront,1
dat2-event-0676,mock-reco-v1,20260902,dat2,PRODUCT_VIEW,product-036,cat-kitchen,shop-10,Sun Jun 07 2026 15:13:00 GMT+0700 (Indochina Time),1,storefront,1
dat2-event-0677,mock-reco-v1,20260902,dat2,PRODUCT_VIEW,product-041,cat-fashion-women,shop-12,Tue Jun 09 2026 06:16:00 GMT+0700 (Indochina Time),1,storefront,1
dat2-event-0678,mock-reco-v1,20260902,dat2,PRODUCT_VIEW,product-065,cat-beauty,shop-02,Tue Jun 09 2026 09:15:00 GMT+0700 (Indochina Time),1,storefront,1
dat2-event-0679,mock-reco-v1,20260902,dat2,PRODUCT_VIEW,product-082,cat-mother-baby,shop-04,Thu Jun 11 2026 00:26:00 GMT+0700 (Indochina Time),1,storefront,1
dat2-event-0680,mock-reco-v1,20260902,dat2,PRODUCT_VIEW,product-118,cat-grocery,shop-07,Fri Jun 12 2026 03:25:00 GMT+0700 (Indochina Time),1,storefront,1
dat2-event-0681,mock-reco-v1,20260902,dat2,PRODUCT_VIEW,product-003,cat-electronics,shop-11,Fri Jun 12 2026 21:47:00 GMT+0700 (Indochina Time),1,storefront,1
dat2-event-0682,mock-reco-v1,20260902,dat2,PRODUCT_VIEW,product-066,cat-beauty,shop-07,Sat Jun 13 2026 18:48:00 GMT+0700 (Indochina Time),1,storefront,1
dat2-event-0683,mock-reco-v1,20260902,dat2,PRODUCT_VIEW,product-083,cat-mother-baby,shop-09,Mon Jun 15 2026 03:45:00 GMT+0700 (Indochina Time),1,storefront,1
dat2-event-0684,mock-reco-v1,20260902,dat2,PRODUCT_VIEW,product-120,cat-grocery,shop-05,Tue Jun 16 2026 00:46:00 GMT+0700 (Indochina Time),1,storefront,1
dat2-event-0685,mock-reco-v1,20260902,dat2,PRODUCT_VIEW,product-043,cat-fashion-women,shop-10,Tue Jun 16 2026 09:51:00 GMT+0700 (Indochina Time),1,storefront,1
dat2-event-0686,mock-reco-v1,20260902,dat2,PRODUCT_VIEW,product-093,cat-books,shop-12,Thu Jun 18 2026 06:52:00 GMT+0700 (Indochina Time),1,storefront,1
dat2-event-0687,mock-reco-v1,20260902,dat2,PRODUCT_VIEW,product-084,cat-mother-baby,shop-02,Thu Jun 18 2026 15:49:00 GMT+0700 (Indochina Time),1,storefront,1
dat2-event-0688,mock-reco-v1,20260902,dat2,PRODUCT_VIEW,product-005,cat-electronics,shop-09,Fri Jun 19 2026 12:50:00 GMT+0700 (Indochina Time),1,storefront,1
dat2-event-0689,mock-reco-v1,20260902,dat2,PRODUCT_VIEW,product-044,cat-fashion-women,shop-03,Sat Jun 20 2026 21:55:00 GMT+0700 (Indochina Time),1,storefront,1
dat2-event-0690,mock-reco-v1,20260902,dat2,PRODUCT_VIEW,product-068,cat-beauty,shop-05,Sun Jun 21 2026 18:56:00 GMT+0700 (Indochina Time),1,storefront,1
dat2-event-0691,mock-reco-v1,20260902,dat2,PRODUCT_VIEW,product-021,cat-home,shop-06,Tue Jun 23 2026 03:32:00 GMT+0700 (Indochina Time),1,storefront,1
dat2-event-0692,mock-reco-v1,20260902,dat2,PRODUCT_VIEW,product-007,cat-electronics,shop-07,Wed Jun 24 2026 06:31:00 GMT+0700 (Indochina Time),1,storefront,1
dat2-event-0693,mock-reco-v1,20260902,dat2,PRODUCT_VIEW,product-045,cat-fashion-women,shop-08,Wed Jun 24 2026 09:30:00 GMT+0700 (Indochina Time),1,storefront,1
dat2-event-0694,mock-reco-v1,20260902,dat2,PRODUCT_VIEW,product-069,cat-beauty,shop-10,Thu Jun 25 2026 12:29:00 GMT+0700 (Indochina Time),1,storefront,1
dat2-event-0695,mock-reco-v1,20260902,dat2,PRODUCT_VIEW,product-086,cat-mother-baby,shop-01,Fri Jun 26 2026 15:28:00 GMT+0700 (Indochina Time),1,storefront,1
dat2-event-0696,mock-reco-v1,20260902,dat2,PRODUCT_VIEW,product-109,cat-pets,shop-10,Sat Jun 27 2026 18:27:00 GMT+0700 (Indochina Time),1,storefront,1
dat2-event-0697,mock-reco-v1,20260902,dat2,PRODUCT_VIEW,product-046,cat-fashion-women,shop-01,Sun Jun 28 2026 21:26:00 GMT+0700 (Indochina Time),1,storefront,1
dat2-event-0698,mock-reco-v1,20260902,dat2,PRODUCT_VIEW,product-070,cat-beauty,shop-03,Tue Jun 30 2026 00:25:00 GMT+0700 (Indochina Time),1,storefront,1
dat2-event-0699,mock-reco-v1,20260902,dat2,PRODUCT_VIEW,product-087,cat-mother-baby,shop-06,Wed Jul 01 2026 03:24:00 GMT+0700 (Indochina Time),1,storefront,1
dat2-event-0700,mock-reco-v1,20260902,dat2,PRODUCT_VIEW,product-012,cat-computers,shop-08,Thu Jul 02 2026 06:23:00 GMT+0700 (Indochina Time),1,storefront,1
dat2-event-0701,mock-reco-v1,20260902,dat2,PRODUCT_VIEW,product-037,cat-kitchen,shop-04,Fri Jul 03 2026 01:01:00 GMT+0700 (Indochina Time),1,storefront,1
dat2-event-0702,mock-reco-v1,20260902,dat2,PRODUCT_VIEW,product-071,cat-sports,shop-08,Fri Jul 03 2026 22:02:00 GMT+0700 (Indochina Time),1,storefront,1
dat2-event-0703,mock-reco-v1,20260902,dat2,PRODUCT_VIEW,product-088,cat-mother-baby,shop-11,Sat Jul 04 2026 19:03:00 GMT+0700 (Indochina Time),1,storefront,1
dat2-event-0704,mock-reco-v1,20260902,dat2,PRODUCT_VIEW,product-014,cat-computers,shop-07,Sun Jul 05 2026 16:04:00 GMT+0700 (Indochina Time),1,storefront,1
dat2-event-0705,mock-reco-v1,20260902,dat2,PRODUCT_VIEW,product-048,cat-fashion-women,shop-11,Mon Jul 06 2026 12:57:00 GMT+0700 (Indochina Time),1,storefront,1
dat2-event-0706,mock-reco-v1,20260902,dat2,PRODUCT_VIEW,product-004,cat-electronics,shop-04,Tue Jul 07 2026 09:58:00 GMT+0700 (Indochina Time),1,storefront,1
dat2-event-0707,mock-reco-v1,20260902,dat2,PRODUCT_VIEW,product-089,cat-mother-baby,shop-04,Thu Jul 09 2026 06:59:00 GMT+0700 (Indochina Time),1,storefront,1
dat2-event-0708,mock-reco-v1,20260902,dat2,PRODUCT_VIEW,product-016,cat-computers,shop-05,Fri Jul 10 2026 04:00:00 GMT+0700 (Indochina Time),1,storefront,1
dat2-event-0709,mock-reco-v1,20260902,dat2,PRODUCT_VIEW,product-049,cat-fashion-women,shop-05,Sat Jul 11 2026 00:53:00 GMT+0700 (Indochina Time),1,storefront,1
dat2-event-0710,mock-reco-v1,20260902,dat2,PRODUCT_VIEW,product-073,cat-sports,shop-07,Sat Jul 11 2026 21:54:00 GMT+0700 (Indochina Time),1,storefront,1
dat2-event-0711,mock-reco-v1,20260902,dat2,PRODUCT_VIEW,product-095,cat-books,shop-10,Mon Jul 13 2026 05:27:00 GMT+0700 (Indochina Time),1,storefront,1
dat2-event-0712,mock-reco-v1,20260902,dat2,PRODUCT_VIEW,product-019,cat-computers,shop-08,Tue Jul 14 2026 02:28:00 GMT+0700 (Indochina Time),1,storefront,1
dat2-event-0713,mock-reco-v1,20260902,dat2,PRODUCT_VIEW,product-050,cat-fashion-women,shop-10,Tue Jul 14 2026 11:25:00 GMT+0700 (Indochina Time),1,storefront,1
dat2-event-0714,mock-reco-v1,20260902,dat2,PRODUCT_VIEW,product-074,cat-sports,shop-12,Wed Jul 15 2026 08:26:00 GMT+0700 (Indochina Time),1,storefront,1
dat2-event-0715,mock-reco-v1,20260902,dat2,PRODUCT_VIEW,product-092,cat-books,shop-07,Thu Jul 16 2026 17:23:00 GMT+0700 (Indochina Time),1,storefront,1
dat2-event-0716,mock-reco-v1,20260902,dat2,PRODUCT_VIEW,product-022,cat-home,shop-11,Fri Jul 17 2026 14:24:00 GMT+0700 (Indochina Time),1,storefront,1
dat2-event-0717,mock-reco-v1,20260902,dat2,PRODUCT_VIEW,product-052,cat-fashion-men,shop-08,Sat Jul 18 2026 23:21:00 GMT+0700 (Indochina Time),1,storefront,1
dat2-event-0718,mock-reco-v1,20260902,dat2,PRODUCT_VIEW,product-075,cat-sports,shop-05,Sun Jul 19 2026 20:22:00 GMT+0700 (Indochina Time),1,storefront,1
dat2-event-0719,mock-reco-v1,20260902,dat2,PRODUCT_VIEW,product-094,cat-books,shop-05,Tue Jul 21 2026 05:19:00 GMT+0700 (Indochina Time),1,storefront,1
dat2-event-0720,mock-reco-v1,20260902,dat2,PRODUCT_VIEW,product-026,cat-home,shop-08,Wed Jul 22 2026 02:20:00 GMT+0700 (Indochina Time),1,storefront,1
dat2-event-0721,mock-reco-v1,20260902,dat2,PRODUCT_VIEW,product-110,cat-pets,shop-03,Wed Jul 22 2026 07:26:00 GMT+0700 (Indochina Time),1,storefront,1
dat2-event-0722,mock-reco-v1,20260902,dat2,PRODUCT_VIEW,product-076,cat-sports,shop-10,Thu Jul 23 2026 10:25:00 GMT+0700 (Indochina Time),1,storefront,1
dat2-event-0723,mock-reco-v1,20260902,dat2,PRODUCT_VIEW,product-097,cat-books,shop-09,Sat Jul 25 2026 01:28:00 GMT+0700 (Indochina Time),1,storefront,1
dat2-event-0724,mock-reco-v1,20260902,dat2,PRODUCT_VIEW,product-031,cat-kitchen,shop-09,Sun Jul 26 2026 04:27:00 GMT+0700 (Indochina Time),1,storefront,1
dat2-event-0725,mock-reco-v1,20260902,dat2,PRODUCT_VIEW,product-059,cat-fashion-men,shop-07,Sun Jul 26 2026 19:30:00 GMT+0700 (Indochina Time),1,storefront,1
dat2-event-0726,mock-reco-v1,20260902,dat2,PRODUCT_VIEW,product-039,cat-kitchen,shop-02,Mon Jul 27 2026 22:29:00 GMT+0700 (Indochina Time),1,storefront,1
dat2-event-0727,mock-reco-v1,20260902,dat2,PRODUCT_VIEW,product-099,cat-books,shop-07,Tue Jul 28 2026 13:32:00 GMT+0700 (Indochina Time),1,storefront,1
dat2-event-0728,mock-reco-v1,20260902,dat2,PRODUCT_VIEW,product-033,cat-kitchen,shop-07,Wed Jul 29 2026 16:31:00 GMT+0700 (Indochina Time),1,storefront,1
dat2-event-0729,mock-reco-v1,20260902,dat2,PRODUCT_VIEW,product-061,cat-beauty,shop-06,Thu Jul 30 2026 07:34:00 GMT+0700 (Indochina Time),1,storefront,1
dat2-event-0730,mock-reco-v1,20260902,dat2,PRODUCT_VIEW,product-078,cat-sports,shop-08,Fri Jul 31 2026 10:33:00 GMT+0700 (Indochina Time),1,storefront,1
dat2-event-0731,mock-reco-v1,20260902,dat2,PRODUCT_VIEW,product-006,cat-electronics,shop-02,Sat Aug 01 2026 12:05:00 GMT+0700 (Indochina Time),1,storefront,1
dat2-event-0732,mock-reco-v1,20260902,dat2,PRODUCT_VIEW,product-035,cat-kitchen,shop-05,Sun Aug 02 2026 09:06:00 GMT+0700 (Indochina Time),1,storefront,1
dat2-event-0733,mock-reco-v1,20260902,dat2,PRODUCT_VIEW,product-062,cat-beauty,shop-11,Tue Aug 04 2026 06:07:00 GMT+0700 (Indochina Time),1,storefront,1
dat2-event-0734,mock-reco-v1,20260902,dat2,PRODUCT_VIEW,product-079,cat-sports,shop-01,Wed Aug 05 2026 03:08:00 GMT+0700 (Indochina Time),1,storefront,1
dat2-event-0735,mock-reco-v1,20260902,dat2,PRODUCT_VIEW,product-104,cat-pets,shop-08,Thu Aug 06 2026 00:01:00 GMT+0700 (Indochina Time),1,storefront,1
dat2-event-0736,mock-reco-v1,20260902,dat2,PRODUCT_VIEW,product-096,cat-books,shop-03,Thu Aug 06 2026 21:02:00 GMT+0700 (Indochina Time),1,storefront,1
dat2-event-0737,mock-reco-v1,20260902,dat2,PRODUCT_VIEW,product-063,cat-beauty,shop-04,Fri Aug 07 2026 18:03:00 GMT+0700 (Indochina Time),1,storefront,1
dat2-event-0738,mock-reco-v1,20260902,dat2,PRODUCT_VIEW,product-080,cat-sports,shop-06,Sat Aug 08 2026 15:04:00 GMT+0700 (Indochina Time),1,storefront,1
dat2-event-0739,mock-reco-v1,20260902,dat2,PRODUCT_VIEW,product-111,cat-grocery,shop-08,Sun Aug 09 2026 12:13:00 GMT+0700 (Indochina Time),1,storefront,1
dat2-event-0740,mock-reco-v1,20260902,dat2,PRODUCT_VIEW,product-040,cat-kitchen,shop-07,Mon Aug 10 2026 09:14:00 GMT+0700 (Indochina Time),1,storefront,1
dat2-event-0741,mock-reco-v1,20260902,dat2,PRODUCT_VIEW,product-023,cat-home,shop-04,Tue Aug 11 2026 14:36:00 GMT+0700 (Indochina Time),1,storefront,1
dat2-event-0742,mock-reco-v1,20260902,dat2,PRODUCT_VIEW,product-081,cat-mother-baby,shop-11,Wed Aug 12 2026 17:35:00 GMT+0700 (Indochina Time),1,storefront,1
dat2-event-0743,mock-reco-v1,20260902,dat2,PRODUCT_VIEW,product-116,cat-grocery,shop-09,Thu Aug 13 2026 20:34:00 GMT+0700 (Indochina Time),1,storefront,1
dat2-event-0744,mock-reco-v1,20260902,dat2,PRODUCT_VIEW,product-041,cat-fashion-women,shop-12,Fri Aug 14 2026 23:33:00 GMT+0700 (Indochina Time),1,storefront,1
dat2-event-0745,mock-reco-v1,20260902,dat2,PRODUCT_VIEW,product-065,cat-beauty,shop-02,Sun Aug 16 2026 02:32:00 GMT+0700 (Indochina Time),1,storefront,1
dat2-event-0746,mock-reco-v1,20260902,dat2,PRODUCT_VIEW,product-112,cat-grocery,shop-01,Mon Aug 17 2026 05:31:00 GMT+0700 (Indochina Time),1,storefront,1
dat2-event-0747,mock-reco-v1,20260902,dat2,PRODUCT_VIEW,product-118,cat-grocery,shop-07,Mon Aug 17 2026 08:30:00 GMT+0700 (Indochina Time),1,storefront,1
dat2-event-0748,mock-reco-v1,20260902,dat2,PRODUCT_VIEW,product-042,cat-fashion-women,shop-05,Tue Aug 18 2026 11:29:00 GMT+0700 (Indochina Time),1,storefront,1
dat2-event-0749,mock-reco-v1,20260902,dat2,PRODUCT_VIEW,product-066,cat-beauty,shop-07,Wed Aug 19 2026 14:44:00 GMT+0700 (Indochina Time),1,storefront,1
dat2-event-0750,mock-reco-v1,20260902,dat2,PRODUCT_VIEW,product-083,cat-mother-baby,shop-09,Thu Aug 20 2026 17:43:00 GMT+0700 (Indochina Time),1,storefront,1
dat2-event-0751,mock-reco-v1,20260902,dat2,PRODUCT_VIEW,product-051,cat-fashion-men,shop-03,Fri Aug 21 2026 12:59:00 GMT+0700 (Indochina Time),1,storefront,1
dat2-event-0752,mock-reco-v1,20260902,dat2,PRODUCT_VIEW,product-043,cat-fashion-women,shop-10,Sat Aug 22 2026 10:00:00 GMT+0700 (Indochina Time),1,storefront,1
dat2-event-0753,mock-reco-v1,20260902,dat2,PRODUCT_VIEW,product-067,cat-beauty,shop-12,Sun Aug 23 2026 18:57:00 GMT+0700 (Indochina Time),1,storefront,1
dat2-event-0754,mock-reco-v1,20260902,dat2,PRODUCT_VIEW,product-084,cat-mother-baby,shop-02,Mon Aug 24 2026 15:58:00 GMT+0700 (Indochina Time),1,storefront,1
dat2-event-0755,mock-reco-v1,20260902,dat2,PRODUCT_VIEW,product-005,cat-electronics,shop-09,Wed Aug 26 2026 01:03:00 GMT+0700 (Indochina Time),1,storefront,1
dat2-event-0756,mock-reco-v1,20260902,dat2,PRODUCT_VIEW,product-008,cat-electronics,shop-12,Wed Aug 26 2026 22:04:00 GMT+0700 (Indochina Time),1,storefront,1
dat2-event-0757,mock-reco-v1,20260902,dat2,PRODUCT_VIEW,product-068,cat-beauty,shop-05,Thu Aug 27 2026 07:01:00 GMT+0700 (Indochina Time),1,storefront,1
dat2-event-0758,mock-reco-v1,20260902,dat2,PRODUCT_VIEW,product-085,cat-mother-baby,shop-08,Sat Aug 29 2026 04:02:00 GMT+0700 (Indochina Time),1,storefront,1
dat2-event-0759,mock-reco-v1,20260902,dat2,PRODUCT_VIEW,product-007,cat-electronics,shop-07,Sat Aug 29 2026 13:07:00 GMT+0700 (Indochina Time),1,storefront,1
dat2-event-0760,mock-reco-v1,20260902,dat2,PRODUCT_VIEW,product-045,cat-fashion-women,shop-08,Mon Jun 01 2026 10:08:00 GMT+0700 (Indochina Time),1,storefront,1
dat2-event-0761,mock-reco-v1,20260902,dat2,PRODUCT_VIEW,product-098,cat-books,shop-02,Tue Jun 02 2026 15:30:00 GMT+0700 (Indochina Time),1,storefront,1
dat2-event-0762,mock-reco-v1,20260902,dat2,PRODUCT_VIEW,product-086,cat-mother-baby,shop-01,Wed Jun 03 2026 18:29:00 GMT+0700 (Indochina Time),1,storefront,1
dat2-event-0763,mock-reco-v1,20260902,dat2,PRODUCT_VIEW,product-009,cat-electronics,shop-05,Thu Jun 04 2026 09:32:00 GMT+0700 (Indochina Time),1,storefront,1
dat2-event-0764,mock-reco-v1,20260902,dat2,PRODUCT_VIEW,product-046,cat-fashion-women,shop-01,Fri Jun 05 2026 12:31:00 GMT+0700 (Indochina Time),1,storefront,1
dat2-event-0765,mock-reco-v1,20260902,dat2,PRODUCT_VIEW,product-070,cat-beauty,shop-03,Sun Jun 07 2026 03:26:00 GMT+0700 (Indochina Time),1,storefront,1
dat2-event-0766,mock-reco-v1,20260902,dat2,PRODUCT_VIEW,product-025,cat-home,shop-03,Mon Jun 08 2026 06:25:00 GMT+0700 (Indochina Time),1,storefront,1
dat2-event-0767,mock-reco-v1,20260902,dat2,PRODUCT_VIEW,product-012,cat-computers,shop-08,Mon Jun 08 2026 21:28:00 GMT+0700 (Indochina Time),1,storefront,1
dat2-event-0768,mock-reco-v1,20260902,dat2,PRODUCT_VIEW,product-047,cat-fashion-women,shop-06,Wed Jun 10 2026 00:27:00 GMT+0700 (Indochina Time),1,storefront,1
dat2-event-0769,mock-reco-v1,20260902,dat2,PRODUCT_VIEW,product-071,cat-sports,shop-08,Wed Jun 10 2026 15:38:00 GMT+0700 (Indochina Time),1,storefront,1
dat2-event-0770,mock-reco-v1,20260902,dat2,PRODUCT_VIEW,product-088,cat-mother-baby,shop-11,Thu Jun 11 2026 18:37:00 GMT+0700 (Indochina Time),1,storefront,1
dat2-event-0771,mock-reco-v1,20260902,dat2,PRODUCT_VIEW,product-113,cat-grocery,shop-06,Fri Jun 12 2026 18:01:00 GMT+0700 (Indochina Time),1,storefront,1
dat2-event-0772,mock-reco-v1,20260902,dat2,PRODUCT_VIEW,product-048,cat-fashion-women,shop-11,Sat Jun 13 2026 15:02:00 GMT+0700 (Indochina Time),1,storefront,1
dat2-event-0773,mock-reco-v1,20260902,dat2,PRODUCT_VIEW,product-072,cat-sports,shop-01,Sun Jun 14 2026 12:03:00 GMT+0700 (Indochina Time),1,storefront,1
dat2-event-0774,mock-reco-v1,20260902,dat2,PRODUCT_VIEW,product-089,cat-mother-baby,shop-04,Mon Jun 15 2026 09:04:00 GMT+0700 (Indochina Time),1,storefront,1
dat2-event-0775,mock-reco-v1,20260902,dat2,PRODUCT_VIEW,product-016,cat-computers,shop-05,Wed Jun 17 2026 06:05:00 GMT+0700 (Indochina Time),1,storefront,1
dat2-event-0776,mock-reco-v1,20260902,dat2,PRODUCT_VIEW,product-053,cat-fashion-men,shop-01,Thu Jun 18 2026 03:06:00 GMT+0700 (Indochina Time),1,storefront,1
dat2-event-0777,mock-reco-v1,20260902,dat2,PRODUCT_VIEW,product-073,cat-sports,shop-07,Fri Jun 19 2026 00:07:00 GMT+0700 (Indochina Time),1,storefront,1
dat2-event-0778,mock-reco-v1,20260902,dat2,PRODUCT_VIEW,product-090,cat-mother-baby,shop-09,Fri Jun 19 2026 21:08:00 GMT+0700 (Indochina Time),1,storefront,1
dat2-event-0779,mock-reco-v1,20260902,dat2,PRODUCT_VIEW,product-019,cat-computers,shop-08,Sat Jun 20 2026 17:53:00 GMT+0700 (Indochina Time),1,storefront,1
dat2-event-0780,mock-reco-v1,20260902,dat2,PRODUCT_VIEW,product-050,cat-fashion-women,shop-10,Sun Jun 21 2026 14:54:00 GMT+0700 (Indochina Time),1,storefront,1
dat2-event-0781,mock-reco-v1,20260902,dat2,PRODUCT_VIEW,product-010,cat-electronics,shop-10,Tue Jun 23 2026 02:56:00 GMT+0700 (Indochina Time),1,storefront,1
dat2-event-0782,mock-reco-v1,20260902,dat2,PRODUCT_VIEW,product-092,cat-books,shop-07,Wed Jun 24 2026 05:55:00 GMT+0700 (Indochina Time),1,storefront,1
dat2-event-0783,mock-reco-v1,20260902,dat2,PRODUCT_VIEW,product-024,cat-home,shop-09,Wed Jun 24 2026 08:54:00 GMT+0700 (Indochina Time),1,storefront,1
dat2-event-0784,mock-reco-v1,20260902,dat2,PRODUCT_VIEW,product-052,cat-fashion-men,shop-08,Thu Jun 25 2026 11:53:00 GMT+0700 (Indochina Time),1,storefront,1
dat2-event-0785,mock-reco-v1,20260902,dat2,PRODUCT_VIEW,product-075,cat-sports,shop-05,Fri Jun 26 2026 15:00:00 GMT+0700 (Indochina Time),1,storefront,1
dat2-event-0786,mock-reco-v1,20260902,dat2,PRODUCT_VIEW,product-100,cat-books,shop-12,Sat Jun 27 2026 17:59:00 GMT+0700 (Indochina Time),1,storefront,1
dat2-event-0787,mock-reco-v1,20260902,dat2,PRODUCT_VIEW,product-026,cat-home,shop-08,Sun Jun 28 2026 20:58:00 GMT+0700 (Indochina Time),1,storefront,1
dat2-event-0788,mock-reco-v1,20260902,dat2,PRODUCT_VIEW,product-057,cat-fashion-men,shop-09,Mon Jun 29 2026 23:57:00 GMT+0700 (Indochina Time),1,storefront,1
dat2-event-0789,mock-reco-v1,20260902,dat2,PRODUCT_VIEW,product-076,cat-sports,shop-10,Wed Jul 01 2026 02:48:00 GMT+0700 (Indochina Time),1,storefront,1
dat2-event-0790,mock-reco-v1,20260902,dat2,PRODUCT_VIEW,product-097,cat-books,shop-09,Thu Jul 02 2026 05:47:00 GMT+0700 (Indochina Time),1,storefront,1
dat2-event-0791,mock-reco-v1,20260902,dat2,PRODUCT_VIEW,product-027,cat-home,shop-01,Thu Jul 02 2026 09:03:00 GMT+0700 (Indochina Time),1,storefront,1
dat2-event-0792,mock-reco-v1,20260902,dat2,PRODUCT_VIEW,product-059,cat-fashion-men,shop-07,Sat Jul 04 2026 06:04:00 GMT+0700 (Indochina Time),1,storefront,1
dat2-event-0793,mock-reco-v1,20260902,dat2,PRODUCT_VIEW,product-077,cat-sports,shop-03,Sat Jul 04 2026 15:01:00 GMT+0700 (Indochina Time),1,storefront,1
dat2-event-0794,mock-reco-v1,20260902,dat2,PRODUCT_VIEW,product-099,cat-books,shop-07,Sun Jul 05 2026 12:02:00 GMT+0700 (Indochina Time),1,storefront,1
dat2-event-0795,mock-reco-v1,20260902,dat2,PRODUCT_VIEW,product-033,cat-kitchen,shop-07,Mon Jul 06 2026 20:59:00 GMT+0700 (Indochina Time),1,storefront,1
dat2-event-0796,mock-reco-v1,20260902,dat2,PRODUCT_VIEW,product-114,cat-grocery,shop-11,Tue Jul 07 2026 18:00:00 GMT+0700 (Indochina Time),1,storefront,1
dat2-event-0797,mock-reco-v1,20260902,dat2,PRODUCT_VIEW,product-078,cat-sports,shop-08,Thu Jul 09 2026 02:57:00 GMT+0700 (Indochina Time),1,storefront,1
dat2-event-0798,mock-reco-v1,20260902,dat2,PRODUCT_VIEW,product-101,cat-pets,shop-05,Thu Jul 09 2026 23:58:00 GMT+0700 (Indochina Time),1,storefront,1
dat2-event-0799,mock-reco-v1,20260902,dat2,PRODUCT_VIEW,product-035,cat-kitchen,shop-05,Fri Jul 10 2026 09:11:00 GMT+0700 (Indochina Time),1,storefront,1
dat2-event-0800,mock-reco-v1,20260902,dat2,PRODUCT_VIEW,product-062,cat-beauty,shop-11,Sun Jul 12 2026 06:12:00 GMT+0700 (Indochina Time),1,storefront,1
dat2-event-0801,mock-reco-v1,20260902,dat2,PRODUCT_VIEW,product-054,cat-fashion-men,shop-06,Sun Jul 12 2026 13:42:00 GMT+0700 (Indochina Time),1,storefront,1
dat2-event-0802,mock-reco-v1,20260902,dat2,PRODUCT_VIEW,product-104,cat-pets,shop-08,Mon Jul 13 2026 16:41:00 GMT+0700 (Indochina Time),1,storefront,1
dat2-event-0803,mock-reco-v1,20260902,dat2,PRODUCT_VIEW,product-038,cat-kitchen,shop-09,Tue Jul 14 2026 07:44:00 GMT+0700 (Indochina Time),1,storefront,1
dat2-event-0804,mock-reco-v1,20260902,dat2,PRODUCT_VIEW,product-063,cat-beauty,shop-04,Wed Jul 15 2026 10:43:00 GMT+0700 (Indochina Time),1,storefront,1
dat2-event-0805,mock-reco-v1,20260902,dat2,PRODUCT_VIEW,product-080,cat-sports,shop-06,Fri Jul 17 2026 01:46:00 GMT+0700 (Indochina Time),1,storefront,1
dat2-event-0806,mock-reco-v1,20260902,dat2,PRODUCT_VIEW,product-011,cat-computers,shop-03,Sat Jul 18 2026 04:45:00 GMT+0700 (Indochina Time),1,storefront,1
dat2-event-0807,mock-reco-v1,20260902,dat2,PRODUCT_VIEW,product-040,cat-kitchen,shop-07,Sat Jul 18 2026 19:48:00 GMT+0700 (Indochina Time),1,storefront,1
dat2-event-0808,mock-reco-v1,20260902,dat2,PRODUCT_VIEW,product-064,cat-beauty,shop-09,Sun Jul 19 2026 22:47:00 GMT+0700 (Indochina Time),1,storefront,1
dat2-event-0809,mock-reco-v1,20260902,dat2,PRODUCT_VIEW,product-081,cat-mother-baby,shop-11,Mon Jul 20 2026 13:34:00 GMT+0700 (Indochina Time),1,storefront,1
dat2-event-0810,mock-reco-v1,20260902,dat2,PRODUCT_VIEW,product-116,cat-grocery,shop-09,Tue Jul 21 2026 16:33:00 GMT+0700 (Indochina Time),1,storefront,1
dat2-event-0811,mock-reco-v1,20260902,dat2,PRODUCT_VIEW,product-102,cat-pets,shop-10,Wed Jul 22 2026 18:58:00 GMT+0700 (Indochina Time),1,storefront,1
dat2-event-0812,mock-reco-v1,20260902,dat2,PRODUCT_VIEW,product-065,cat-beauty,shop-02,Thu Jul 23 2026 21:57:00 GMT+0700 (Indochina Time),1,storefront,1
dat2-event-0813,mock-reco-v1,20260902,dat2,PRODUCT_VIEW,product-082,cat-mother-baby,shop-04,Fri Jul 24 2026 13:00:00 GMT+0700 (Indochina Time),1,storefront,1
dat2-event-0814,mock-reco-v1,20260902,dat2,PRODUCT_VIEW,product-118,cat-grocery,shop-07,Sat Jul 25 2026 15:59:00 GMT+0700 (Indochina Time),1,storefront,1
dat2-event-0815,mock-reco-v1,20260902,dat2,PRODUCT_VIEW,product-042,cat-fashion-women,shop-05,Mon Jul 27 2026 06:54:00 GMT+0700 (Indochina Time),1,storefront,1
dat2-event-0816,mock-reco-v1,20260902,dat2,PRODUCT_VIEW,product-028,cat-home,shop-06,Mon Jul 27 2026 09:53:00 GMT+0700 (Indochina Time),1,storefront,1
dat2-event-0817,mock-reco-v1,20260902,dat2,PRODUCT_VIEW,product-083,cat-mother-baby,shop-09,Wed Jul 29 2026 00:56:00 GMT+0700 (Indochina Time),1,storefront,1
dat2-event-0818,mock-reco-v1,20260902,dat2,PRODUCT_VIEW,product-120,cat-grocery,shop-05,Thu Jul 30 2026 03:55:00 GMT+0700 (Indochina Time),1,storefront,1
dat2-event-0819,mock-reco-v1,20260902,dat2,PRODUCT_VIEW,product-043,cat-fashion-women,shop-10,Thu Jul 30 2026 19:06:00 GMT+0700 (Indochina Time),1,storefront,1
dat2-event-0820,mock-reco-v1,20260902,dat2,PRODUCT_VIEW,product-067,cat-beauty,shop-12,Fri Jul 31 2026 22:05:00 GMT+0700 (Indochina Time),1,storefront,1
dat2-event-0821,mock-reco-v1,20260902,dat2,PRODUCT_VIEW,product-115,cat-grocery,shop-04,Sat Aug 01 2026 16:27:00 GMT+0700 (Indochina Time),1,storefront,1
dat2-event-0822,mock-reco-v1,20260902,dat2,PRODUCT_VIEW,product-005,cat-electronics,shop-09,Sun Aug 02 2026 13:28:00 GMT+0700 (Indochina Time),1,storefront,1
dat2-event-0823,mock-reco-v1,20260902,dat2,PRODUCT_VIEW,product-044,cat-fashion-women,shop-03,Mon Aug 03 2026 22:25:00 GMT+0700 (Indochina Time),1,storefront,1
dat2-event-0824,mock-reco-v1,20260902,dat2,PRODUCT_VIEW,product-068,cat-beauty,shop-05,Tue Aug 04 2026 19:26:00 GMT+0700 (Indochina Time),1,storefront,1
dat2-event-0825,mock-reco-v1,20260902,dat2,PRODUCT_VIEW,product-085,cat-mother-baby,shop-08,Thu Aug 06 2026 04:31:00 GMT+0700 (Indochina Time),1,storefront,1
dat2-event-0826,mock-reco-v1,20260902,dat2,PRODUCT_VIEW,product-055,cat-fashion-men,shop-11,Fri Aug 07 2026 01:32:00 GMT+0700 (Indochina Time),1,storefront,1
dat2-event-0827,mock-reco-v1,20260902,dat2,PRODUCT_VIEW,product-045,cat-fashion-women,shop-08,Fri Aug 07 2026 10:29:00 GMT+0700 (Indochina Time),1,storefront,1
dat2-event-0828,mock-reco-v1,20260902,dat2,PRODUCT_VIEW,product-069,cat-beauty,shop-10,Sat Aug 08 2026 07:30:00 GMT+0700 (Indochina Time),1,storefront,1
dat2-event-0829,mock-reco-v1,20260902,dat2,PRODUCT_VIEW,product-086,cat-mother-baby,shop-01,Sun Aug 09 2026 16:35:00 GMT+0700 (Indochina Time),1,storefront,1
dat2-event-0830,mock-reco-v1,20260902,dat2,PRODUCT_VIEW,product-009,cat-electronics,shop-05,Mon Aug 10 2026 13:36:00 GMT+0700 (Indochina Time),1,storefront,1
dat2-event-0831,mock-reco-v1,20260902,dat2,PRODUCT_VIEW,product-013,cat-computers,shop-02,Wed Aug 12 2026 00:00:00 GMT+0700 (Indochina Time),1,storefront,1
dat2-event-0832,mock-reco-v1,20260902,dat2,PRODUCT_VIEW,product-070,cat-beauty,shop-03,Thu Aug 13 2026 02:59:00 GMT+0700 (Indochina Time),1,storefront,1
dat2-event-0833,mock-reco-v1,20260902,dat2,PRODUCT_VIEW,product-087,cat-mother-baby,shop-06,Fri Aug 14 2026 05:58:00 GMT+0700 (Indochina Time),1,storefront,1
dat2-event-0834,mock-reco-v1,20260902,dat2,PRODUCT_VIEW,product-012,cat-computers,shop-08,Fri Aug 14 2026 08:57:00 GMT+0700 (Indochina Time),1,storefront,1
dat2-event-0835,mock-reco-v1,20260902,dat2,PRODUCT_VIEW,product-047,cat-fashion-women,shop-06,Sat Aug 15 2026 12:04:00 GMT+0700 (Indochina Time),1,storefront,1
dat2-event-0836,mock-reco-v1,20260902,dat2,PRODUCT_VIEW,product-103,cat-pets,shop-03,Sun Aug 16 2026 15:03:00 GMT+0700 (Indochina Time),1,storefront,1
dat2-event-0837,mock-reco-v1,20260902,dat2,PRODUCT_VIEW,product-088,cat-mother-baby,shop-11,Mon Aug 17 2026 18:02:00 GMT+0700 (Indochina Time),1,storefront,1
dat2-event-0838,mock-reco-v1,20260902,dat2,PRODUCT_VIEW,product-014,cat-computers,shop-07,Tue Aug 18 2026 21:01:00 GMT+0700 (Indochina Time),1,storefront,1
dat2-event-0839,mock-reco-v1,20260902,dat2,PRODUCT_VIEW,product-048,cat-fashion-women,shop-11,Wed Aug 19 2026 23:52:00 GMT+0700 (Indochina Time),1,storefront,1
dat2-event-0840,mock-reco-v1,20260902,dat2,PRODUCT_VIEW,product-072,cat-sports,shop-01,Fri Aug 21 2026 02:51:00 GMT+0700 (Indochina Time),1,storefront,1
dat2-event-0841,mock-reco-v1,20260902,dat2,PRODUCT_VIEW,product-029,cat-home,shop-11,Fri Aug 21 2026 21:29:00 GMT+0700 (Indochina Time),1,storefront,1
dat2-event-0842,mock-reco-v1,20260902,dat2,PRODUCT_VIEW,product-016,cat-computers,shop-05,Sat Aug 22 2026 18:30:00 GMT+0700 (Indochina Time),1,storefront,1
dat2-event-0843,mock-reco-v1,20260902,dat2,PRODUCT_VIEW,product-049,cat-fashion-women,shop-05,Sun Aug 23 2026 15:31:00 GMT+0700 (Indochina Time),1,storefront,1
dat2-event-0844,mock-reco-v1,20260902,dat2,PRODUCT_VIEW,product-073,cat-sports,shop-07,Mon Aug 24 2026 12:32:00 GMT+0700 (Indochina Time),1,storefront,1
dat2-event-0845,mock-reco-v1,20260902,dat2,PRODUCT_VIEW,product-090,cat-mother-baby,shop-09,Tue Aug 25 2026 09:33:00 GMT+0700 (Indochina Time),1,storefront,1
dat2-event-0846,mock-reco-v1,20260902,dat2,PRODUCT_VIEW,product-117,cat-grocery,shop-02,Thu Aug 27 2026 06:34:00 GMT+0700 (Indochina Time),1,storefront,1
dat2-event-0847,mock-reco-v1,20260902,dat2,PRODUCT_VIEW,product-050,cat-fashion-women,shop-10,Fri Aug 28 2026 03:35:00 GMT+0700 (Indochina Time),1,storefront,1
dat2-event-0848,mock-reco-v1,20260902,dat2,PRODUCT_VIEW,product-074,cat-sports,shop-12,Sat Aug 29 2026 00:36:00 GMT+0700 (Indochina Time),1,storefront,1
dat2-event-0849,mock-reco-v1,20260902,dat2,PRODUCT_VIEW,product-092,cat-books,shop-07,Sat Aug 29 2026 21:21:00 GMT+0700 (Indochina Time),1,storefront,1
dat2-event-0850,mock-reco-v1,20260902,dat2,PRODUCT_VIEW,product-024,cat-home,shop-09,Mon Jun 01 2026 18:22:00 GMT+0700 (Indochina Time),1,storefront,1
dat2-event-0851,mock-reco-v1,20260902,dat2,PRODUCT_VIEW,product-056,cat-fashion-men,shop-04,Tue Jun 02 2026 10:54:00 GMT+0700 (Indochina Time),1,storefront,1
dat2-event-0852,mock-reco-v1,20260902,dat2,PRODUCT_VIEW,product-075,cat-sports,shop-05,Wed Jun 03 2026 13:53:00 GMT+0700 (Indochina Time),1,storefront,1
dat2-event-0853,mock-reco-v1,20260902,dat2,PRODUCT_VIEW,product-094,cat-books,shop-05,Fri Jun 05 2026 04:56:00 GMT+0700 (Indochina Time),1,storefront,1
dat2-event-0854,mock-reco-v1,20260902,dat2,PRODUCT_VIEW,product-026,cat-home,shop-08,Fri Jun 05 2026 07:55:00 GMT+0700 (Indochina Time),1,storefront,1
dat2-event-0855,mock-reco-v1,20260902,dat2,PRODUCT_VIEW,product-057,cat-fashion-men,shop-09,Sat Jun 06 2026 22:58:00 GMT+0700 (Indochina Time),1,storefront,1
dat2-event-0856,mock-reco-v1,20260902,dat2,PRODUCT_VIEW,product-015,cat-computers,shop-12,Mon Jun 08 2026 01:57:00 GMT+0700 (Indochina Time),1,storefront,1
dat2-event-0857,mock-reco-v1,20260902,dat2,PRODUCT_VIEW,product-097,cat-books,shop-09,Mon Jun 08 2026 17:00:00 GMT+0700 (Indochina Time),1,storefront,1
dat2-event-0858,mock-reco-v1,20260902,dat2,PRODUCT_VIEW,product-031,cat-kitchen,shop-09,Tue Jun 09 2026 19:59:00 GMT+0700 (Indochina Time),1,storefront,1
dat2-event-0859,mock-reco-v1,20260902,dat2,PRODUCT_VIEW,product-059,cat-fashion-men,shop-07,Wed Jun 10 2026 11:02:00 GMT+0700 (Indochina Time),1,storefront,1
dat2-event-0860,mock-reco-v1,20260902,dat2,PRODUCT_VIEW,product-077,cat-sports,shop-03,Thu Jun 11 2026 14:01:00 GMT+0700 (Indochina Time),1,storefront,1
dat2-event-0861,mock-reco-v1,20260902,dat2,PRODUCT_VIEW,product-105,cat-pets,shop-01,Fri Jun 12 2026 08:55:00 GMT+0700 (Indochina Time),1,storefront,1
dat2-event-0862,mock-reco-v1,20260902,dat2,PRODUCT_VIEW,product-033,cat-kitchen,shop-07,Sun Jun 14 2026 05:56:00 GMT+0700 (Indochina Time),1,storefront,1
dat2-event-0863,mock-reco-v1,20260902,dat2,PRODUCT_VIEW,product-061,cat-beauty,shop-06,Sun Jun 14 2026 14:53:00 GMT+0700 (Indochina Time),1,storefront,1
dat2-event-0864,mock-reco-v1,20260902,dat2,PRODUCT_VIEW,product-078,cat-sports,shop-08,Mon Jun 15 2026 11:54:00 GMT+0700 (Indochina Time),1,storefront,1
dat2-event-0865,mock-reco-v1,20260902,dat2,PRODUCT_VIEW,product-101,cat-pets,shop-05,Tue Jun 16 2026 20:51:00 GMT+0700 (Indochina Time),1,storefront,1
dat2-event-0866,mock-reco-v1,20260902,dat2,PRODUCT_VIEW,product-030,cat-home,shop-04,Wed Jun 17 2026 17:52:00 GMT+0700 (Indochina Time),1,storefront,1
dat2-event-0867,mock-reco-v1,20260902,dat2,PRODUCT_VIEW,product-062,cat-beauty,shop-11,Fri Jun 19 2026 02:49:00 GMT+0700 (Indochina Time),1,storefront,1
dat2-event-0868,mock-reco-v1,20260902,dat2,PRODUCT_VIEW,product-079,cat-sports,shop-01,Fri Jun 19 2026 23:50:00 GMT+0700 (Indochina Time),1,storefront,1
dat2-event-0869,mock-reco-v1,20260902,dat2,PRODUCT_VIEW,product-104,cat-pets,shop-08,Sat Jun 20 2026 08:47:00 GMT+0700 (Indochina Time),1,storefront,1
dat2-event-0870,mock-reco-v1,20260902,dat2,PRODUCT_VIEW,product-038,cat-kitchen,shop-09,Mon Jun 22 2026 05:48:00 GMT+0700 (Indochina Time),1,storefront,1
dat2-event-0871,mock-reco-v1,20260902,dat2,PRODUCT_VIEW,product-119,cat-grocery,shop-12,Mon Jun 22 2026 18:04:00 GMT+0700 (Indochina Time),1,storefront,1
dat2-event-0872,mock-reco-v1,20260902,dat2,PRODUCT_VIEW,product-080,cat-sports,shop-06,Tue Jun 23 2026 21:03:00 GMT+0700 (Indochina Time),1,storefront,1
dat2-event-0873,mock-reco-v1,20260902,dat2,PRODUCT_VIEW,product-111,cat-grocery,shop-08,Thu Jun 25 2026 00:02:00 GMT+0700 (Indochina Time),1,storefront,1
dat2-event-0874,mock-reco-v1,20260902,dat2,PRODUCT_VIEW,product-040,cat-kitchen,shop-07,Fri Jun 26 2026 03:01:00 GMT+0700 (Indochina Time),1,storefront,1
dat2-event-0875,mock-reco-v1,20260902,dat2,PRODUCT_VIEW,product-064,cat-beauty,shop-09,Sat Jun 27 2026 06:00:00 GMT+0700 (Indochina Time),1,storefront,1
dat2-event-0876,mock-reco-v1,20260902,dat2,PRODUCT_VIEW,product-058,cat-fashion-men,shop-02,Sat Jun 27 2026 08:59:00 GMT+0700 (Indochina Time),1,storefront,1
dat2-event-0877,mock-reco-v1,20260902,dat2,PRODUCT_VIEW,product-116,cat-grocery,shop-09,Sun Jun 28 2026 11:58:00 GMT+0700 (Indochina Time),1,storefront,1
dat2-event-0878,mock-reco-v1,20260902,dat2,PRODUCT_VIEW,product-041,cat-fashion-women,shop-12,Mon Jun 29 2026 14:57:00 GMT+0700 (Indochina Time),1,storefront,1
dat2-event-0879,mock-reco-v1,20260902,dat2,PRODUCT_VIEW,product-065,cat-beauty,shop-02,Tue Jun 30 2026 18:12:00 GMT+0700 (Indochina Time),1,storefront,1
dat2-event-0880,mock-reco-v1,20260902,dat2,PRODUCT_VIEW,product-082,cat-mother-baby,shop-04,Wed Jul 01 2026 21:11:00 GMT+0700 (Indochina Time),1,storefront,1
dat2-event-0881,mock-reco-v1,20260902,dat2,PRODUCT_VIEW,product-017,cat-computers,shop-10,Thu Jul 02 2026 13:25:00 GMT+0700 (Indochina Time),1,storefront,1
dat2-event-0882,mock-reco-v1,20260902,dat2,PRODUCT_VIEW,product-042,cat-fashion-women,shop-05,Fri Jul 03 2026 10:26:00 GMT+0700 (Indochina Time),1,storefront,1
dat2-event-0883,mock-reco-v1,20260902,dat2,PRODUCT_VIEW,product-066,cat-beauty,shop-07,Sat Jul 04 2026 07:27:00 GMT+0700 (Indochina Time),1,storefront,1
dat2-event-0884,mock-reco-v1,20260902,dat2,PRODUCT_VIEW,product-083,cat-mother-baby,shop-09,Mon Jul 06 2026 04:28:00 GMT+0700 (Indochina Time),1,storefront,1
dat2-event-0885,mock-reco-v1,20260902,dat2,PRODUCT_VIEW,product-120,cat-grocery,shop-05,Tue Jul 07 2026 01:21:00 GMT+0700 (Indochina Time),1,storefront,1
dat2-event-0886,mock-reco-v1,20260902,dat2,PRODUCT_VIEW,product-106,cat-pets,shop-06,Tue Jul 07 2026 22:22:00 GMT+0700 (Indochina Time),1,storefront,1
dat2-event-0887,mock-reco-v1,20260902,dat2,PRODUCT_VIEW,product-067,cat-beauty,shop-12,Wed Jul 08 2026 19:23:00 GMT+0700 (Indochina Time),1,storefront,1
dat2-event-0888,mock-reco-v1,20260902,dat2,PRODUCT_VIEW,product-084,cat-mother-baby,shop-02,Thu Jul 09 2026 16:24:00 GMT+0700 (Indochina Time),1,storefront,1
dat2-event-0889,mock-reco-v1,20260902,dat2,PRODUCT_VIEW,product-005,cat-electronics,shop-09,Fri Jul 10 2026 13:33:00 GMT+0700 (Indochina Time),1,storefront,1
dat2-event-0890,mock-reco-v1,20260902,dat2,PRODUCT_VIEW,product-044,cat-fashion-women,shop-03,Sat Jul 11 2026 10:34:00 GMT+0700 (Indochina Time),1,storefront,1
dat2-event-0891,mock-reco-v1,20260902,dat2,PRODUCT_VIEW,product-032,cat-kitchen,shop-02,Sun Jul 12 2026 23:06:00 GMT+0700 (Indochina Time),1,storefront,1
dat2-event-0892,mock-reco-v1,20260902,dat2,PRODUCT_VIEW,product-085,cat-mother-baby,shop-08,Tue Jul 14 2026 02:05:00 GMT+0700 (Indochina Time),1,storefront,1
dat2-event-0893,mock-reco-v1,20260902,dat2,PRODUCT_VIEW,product-007,cat-electronics,shop-07,Tue Jul 14 2026 17:08:00 GMT+0700 (Indochina Time),1,storefront,1
dat2-event-0894,mock-reco-v1,20260902,dat2,PRODUCT_VIEW,product-045,cat-fashion-women,shop-08,Wed Jul 15 2026 20:07:00 GMT+0700 (Indochina Time),1,storefront,1
dat2-event-0895,mock-reco-v1,20260902,dat2,PRODUCT_VIEW,product-069,cat-beauty,shop-10,Thu Jul 16 2026 11:02:00 GMT+0700 (Indochina Time),1,storefront,1
dat2-event-0896,mock-reco-v1,20260902,dat2,PRODUCT_VIEW,product-001,cat-electronics,shop-01,Fri Jul 17 2026 14:01:00 GMT+0700 (Indochina Time),1,storefront,1
dat2-event-0897,mock-reco-v1,20260902,dat2,PRODUCT_VIEW,product-009,cat-electronics,shop-05,Sun Jul 19 2026 05:04:00 GMT+0700 (Indochina Time),1,storefront,1
dat2-event-0898,mock-reco-v1,20260902,dat2,PRODUCT_VIEW,product-046,cat-fashion-women,shop-01,Sun Jul 19 2026 08:03:00 GMT+0700 (Indochina Time),1,storefront,1
dat2-event-0899,mock-reco-v1,20260902,dat2,PRODUCT_VIEW,product-070,cat-beauty,shop-03,Mon Jul 20 2026 22:58:00 GMT+0700 (Indochina Time),1,storefront,1
dat2-event-0900,mock-reco-v1,20260902,dat2,PRODUCT_VIEW,product-087,cat-mother-baby,shop-06,Wed Jul 22 2026 01:57:00 GMT+0700 (Indochina Time),1,storefront,1
dat2-event-0901,mock-reco-v1,20260902,dat2,PRODUCT_VIEW,product-060,cat-fashion-men,shop-12,Wed Jul 22 2026 20:35:00 GMT+0700 (Indochina Time),1,storefront,1
dat2-event-0902,mock-reco-v1,20260902,dat2,PRODUCT_VIEW,product-047,cat-fashion-women,shop-06,Thu Jul 23 2026 17:36:00 GMT+0700 (Indochina Time),1,storefront,1
dat2-event-0903,mock-reco-v1,20260902,dat2,PRODUCT_VIEW,product-071,cat-sports,shop-08,Sat Jul 25 2026 02:33:00 GMT+0700 (Indochina Time),1,storefront,1
dat2-event-0904,mock-reco-v1,20260902,dat2,PRODUCT_VIEW,product-088,cat-mother-baby,shop-11,Sat Jul 25 2026 23:34:00 GMT+0700 (Indochina Time),1,storefront,1
dat2-event-0905,mock-reco-v1,20260902,dat2,PRODUCT_VIEW,product-014,cat-computers,shop-07,Sun Jul 26 2026 08:39:00 GMT+0700 (Indochina Time),1,storefront,1
dat2-event-0906,mock-reco-v1,20260902,dat2,PRODUCT_VIEW,product-018,cat-computers,shop-03,Tue Jul 28 2026 05:40:00 GMT+0700 (Indochina Time),1,storefront,1
dat2-event-0907,mock-reco-v1,20260902,dat2,PRODUCT_VIEW,product-072,cat-sports,shop-01,Tue Jul 28 2026 14:37:00 GMT+0700 (Indochina Time),1,storefront,1
dat2-event-0908,mock-reco-v1,20260902,dat2,PRODUCT_VIEW,product-089,cat-mother-baby,shop-04,Wed Jul 29 2026 11:38:00 GMT+0700 (Indochina Time),1,storefront,1
dat2-event-0909,mock-reco-v1,20260902,dat2,PRODUCT_VIEW,product-016,cat-computers,shop-05,Thu Jul 30 2026 20:27:00 GMT+0700 (Indochina Time),1,storefront,1
dat2-event-0910,mock-reco-v1,20260902,dat2,PRODUCT_VIEW,product-049,cat-fashion-women,shop-05,Fri Jul 31 2026 17:28:00 GMT+0700 (Indochina Time),1,storefront,1
dat2-event-0911,mock-reco-v1,20260902,dat2,PRODUCT_VIEW,product-107,cat-pets,shop-11,Sun Aug 02 2026 06:53:00 GMT+0700 (Indochina Time),1,storefront,1
dat2-event-0912,mock-reco-v1,20260902,dat2,PRODUCT_VIEW,product-090,cat-mother-baby,shop-09,Mon Aug 03 2026 03:54:00 GMT+0700 (Indochina Time),1,storefront,1
dat2-event-0913,mock-reco-v1,20260902,dat2,PRODUCT_VIEW,product-019,cat-computers,shop-08,Tue Aug 04 2026 00:55:00 GMT+0700 (Indochina Time),1,storefront,1
dat2-event-0914,mock-reco-v1,20260902,dat2,PRODUCT_VIEW,product-050,cat-fashion-women,shop-10,Tue Aug 04 2026 21:56:00 GMT+0700 (Indochina Time),1,storefront,1
dat2-event-0915,mock-reco-v1,20260902,dat2,PRODUCT_VIEW,product-074,cat-sports,shop-12,Wed Aug 05 2026 18:49:00 GMT+0700 (Indochina Time),1,storefront,1
dat2-event-0916,mock-reco-v1,20260902,dat2,PRODUCT_VIEW,product-034,cat-kitchen,shop-12,Thu Aug 06 2026 15:50:00 GMT+0700 (Indochina Time),1,storefront,1
dat2-event-0917,mock-reco-v1,20260902,dat2,PRODUCT_VIEW,product-024,cat-home,shop-09,Fri Aug 07 2026 12:51:00 GMT+0700 (Indochina Time),1,storefront,1
dat2-event-0918,mock-reco-v1,20260902,dat2,PRODUCT_VIEW,product-052,cat-fashion-men,shop-08,Sat Aug 08 2026 09:52:00 GMT+0700 (Indochina Time),1,storefront,1
dat2-event-0919,mock-reco-v1,20260902,dat2,PRODUCT_VIEW,product-075,cat-sports,shop-05,Mon Aug 10 2026 06:45:00 GMT+0700 (Indochina Time),1,storefront,1
dat2-event-0920,mock-reco-v1,20260902,dat2,PRODUCT_VIEW,product-094,cat-books,shop-05,Tue Aug 11 2026 03:46:00 GMT+0700 (Indochina Time),1,storefront,1
dat2-event-0921,mock-reco-v1,20260902,dat2,PRODUCT_VIEW,product-002,cat-electronics,shop-06,Tue Aug 11 2026 09:24:00 GMT+0700 (Indochina Time),1,storefront,1
dat2-event-0922,mock-reco-v1,20260902,dat2,PRODUCT_VIEW,product-057,cat-fashion-men,shop-09,Wed Aug 12 2026 12:23:00 GMT+0700 (Indochina Time),1,storefront,1
dat2-event-0923,mock-reco-v1,20260902,dat2,PRODUCT_VIEW,product-076,cat-sports,shop-10,Thu Aug 13 2026 15:22:00 GMT+0700 (Indochina Time),1,storefront,1
dat2-event-0924,mock-reco-v1,20260902,dat2,PRODUCT_VIEW,product-097,cat-books,shop-09,Fri Aug 14 2026 18:21:00 GMT+0700 (Indochina Time),1,storefront,1
dat2-event-0925,mock-reco-v1,20260902,dat2,PRODUCT_VIEW,product-031,cat-kitchen,shop-09,Sat Aug 15 2026 21:20:00 GMT+0700 (Indochina Time),1,storefront,1
dat2-event-0926,mock-reco-v1,20260902,dat2,PRODUCT_VIEW,product-091,cat-books,shop-02,Mon Aug 17 2026 00:19:00 GMT+0700 (Indochina Time),1,storefront,1
dat2-event-0927,mock-reco-v1,20260902,dat2,PRODUCT_VIEW,product-077,cat-sports,shop-03,Tue Aug 18 2026 03:18:00 GMT+0700 (Indochina Time),1,storefront,1
dat2-event-0928,mock-reco-v1,20260902,dat2,PRODUCT_VIEW,product-099,cat-books,shop-07,Wed Aug 19 2026 06:17:00 GMT+0700 (Indochina Time),1,storefront,1
dat2-event-0929,mock-reco-v1,20260902,dat2,PRODUCT_VIEW,product-033,cat-kitchen,shop-07,Wed Aug 19 2026 09:16:00 GMT+0700 (Indochina Time),1,storefront,1
dat2-event-0930,mock-reco-v1,20260902,dat2,PRODUCT_VIEW,product-061,cat-beauty,shop-06,Thu Aug 20 2026 12:15:00 GMT+0700 (Indochina Time),1,storefront,1
dat2-event-0931,mock-reco-v1,20260902,dat2,PRODUCT_VIEW,product-020,cat-computers,shop-01,Sat Aug 22 2026 01:51:00 GMT+0700 (Indochina Time),1,storefront,1
dat2-event-0932,mock-reco-v1,20260902,dat2,PRODUCT_VIEW,product-101,cat-pets,shop-05,Sat Aug 22 2026 22:52:00 GMT+0700 (Indochina Time),1,storefront,1
dat2-event-0933,mock-reco-v1,20260902,dat2,PRODUCT_VIEW,product-035,cat-kitchen,shop-05,Sun Aug 23 2026 07:49:00 GMT+0700 (Indochina Time),1,storefront,1
dat2-event-0934,mock-reco-v1,20260902,dat2,PRODUCT_VIEW,product-062,cat-beauty,shop-11,Tue Aug 25 2026 04:50:00 GMT+0700 (Indochina Time),1,storefront,1
dat2-event-0935,mock-reco-v1,20260902,dat2,PRODUCT_VIEW,product-079,cat-sports,shop-01,Tue Aug 25 2026 13:47:00 GMT+0700 (Indochina Time),1,storefront,1
dat2-event-0936,mock-reco-v1,20260902,dat2,PRODUCT_VIEW,product-108,cat-pets,shop-04,Wed Aug 26 2026 10:48:00 GMT+0700 (Indochina Time),1,storefront,1
dat2-event-0937,mock-reco-v1,20260902,dat2,PRODUCT_VIEW,product-038,cat-kitchen,shop-09,Thu Aug 27 2026 19:45:00 GMT+0700 (Indochina Time),1,storefront,1
dat2-event-0938,mock-reco-v1,20260902,dat2,PRODUCT_VIEW,product-063,cat-beauty,shop-04,Fri Aug 28 2026 16:46:00 GMT+0700 (Indochina Time),1,storefront,1
dat2-event-0939,mock-reco-v1,20260902,dat2,PRODUCT_VIEW,product-080,cat-sports,shop-06,Sun Aug 30 2026 01:59:00 GMT+0700 (Indochina Time),1,storefront,1
dat2-event-0940,mock-reco-v1,20260902,dat2,PRODUCT_VIEW,product-111,cat-grocery,shop-08,Mon Jun 01 2026 23:00:00 GMT+0700 (Indochina Time),1,storefront,1
dat2-event-0941,mock-reco-v1,20260902,dat2,PRODUCT_VIEW,product-036,cat-kitchen,shop-10,Wed Jun 03 2026 04:22:00 GMT+0700 (Indochina Time),1,storefront,1
dat2-event-0942,mock-reco-v1,20260902,dat2,PRODUCT_VIEW,product-064,cat-beauty,shop-09,Wed Jun 03 2026 07:21:00 GMT+0700 (Indochina Time),1,storefront,1
dat2-event-0943,mock-reco-v1,20260902,dat2,PRODUCT_VIEW,product-081,cat-mother-baby,shop-11,Thu Jun 04 2026 22:24:00 GMT+0700 (Indochina Time),1,storefront,1
dat2-event-0944,mock-reco-v1,20260902,dat2,PRODUCT_VIEW,product-116,cat-grocery,shop-09,Sat Jun 06 2026 01:23:00 GMT+0700 (Indochina Time),1,storefront,1
dat2-event-0945,mock-reco-v1,20260902,dat2,PRODUCT_VIEW,product-041,cat-fashion-women,shop-12,Sat Jun 06 2026 16:26:00 GMT+0700 (Indochina Time),1,storefront,1
dat2-event-0946,mock-reco-v1,20260902,dat2,PRODUCT_VIEW,product-003,cat-electronics,shop-11,Sun Jun 07 2026 19:25:00 GMT+0700 (Indochina Time),1,storefront,1
dat2-event-0947,mock-reco-v1,20260902,dat2,PRODUCT_VIEW,product-082,cat-mother-baby,shop-04,Mon Jun 08 2026 10:28:00 GMT+0700 (Indochina Time),1,storefront,1
dat2-event-0948,mock-reco-v1,20260902,dat2,PRODUCT_VIEW,product-118,cat-grocery,shop-07,Tue Jun 09 2026 13:27:00 GMT+0700 (Indochina Time),1,storefront,1
dat2-event-0949,mock-reco-v1,20260902,dat2,PRODUCT_VIEW,product-042,cat-fashion-women,shop-05,Thu Jun 11 2026 04:14:00 GMT+0700 (Indochina Time),1,storefront,1
dat2-event-0950,mock-reco-v1,20260902,dat2,PRODUCT_VIEW,product-066,cat-beauty,shop-07,Thu Jun 11 2026 07:13:00 GMT+0700 (Indochina Time),1,storefront,1
dat2-event-0951,mock-reco-v1,20260902,dat2,PRODUCT_VIEW,product-093,cat-books,shop-12,Fri Jun 12 2026 18:41:00 GMT+0700 (Indochina Time),1,storefront,1
dat2-event-0952,mock-reco-v1,20260902,dat2,PRODUCT_VIEW,product-120,cat-grocery,shop-05,Sat Jun 13 2026 15:42:00 GMT+0700 (Indochina Time),1,storefront,1
dat2-event-0953,mock-reco-v1,20260902,dat2,PRODUCT_VIEW,product-043,cat-fashion-women,shop-10,Sun Jun 14 2026 12:43:00 GMT+0700 (Indochina Time),1,storefront,1
dat2-event-0954,mock-reco-v1,20260902,dat2,PRODUCT_VIEW,product-067,cat-beauty,shop-12,Mon Jun 15 2026 09:44:00 GMT+0700 (Indochina Time),1,storefront,1
dat2-event-0955,mock-reco-v1,20260902,dat2,PRODUCT_VIEW,product-084,cat-mother-baby,shop-02,Wed Jun 17 2026 06:45:00 GMT+0700 (Indochina Time),1,storefront,1
dat2-event-0956,mock-reco-v1,20260902,dat2,PRODUCT_VIEW,product-021,cat-home,shop-06,Thu Jun 18 2026 03:46:00 GMT+0700 (Indochina Time),1,storefront,1
dat2-event-0957,mock-reco-v1,20260902,dat2,PRODUCT_VIEW,product-044,cat-fashion-women,shop-03,Fri Jun 19 2026 00:47:00 GMT+0700 (Indochina Time),1,storefront,1
dat2-event-0958,mock-reco-v1,20260902,dat2,PRODUCT_VIEW,product-068,cat-beauty,shop-05,Fri Jun 19 2026 21:48:00 GMT+0700 (Indochina Time),1,storefront,1
dat2-event-0959,mock-reco-v1,20260902,dat2,PRODUCT_VIEW,product-085,cat-mother-baby,shop-08,Sat Jun 20 2026 18:49:00 GMT+0700 (Indochina Time),1,storefront,1
dat2-event-0960,mock-reco-v1,20260902,dat2,PRODUCT_VIEW,product-007,cat-electronics,shop-07,Sun Jun 21 2026 15:50:00 GMT+0700 (Indochina Time),1,storefront,1
dat2-event-0961,mock-reco-v1,20260902,dat2,PRODUCT_VIEW,product-109,cat-pets,shop-10,Mon Jun 22 2026 21:12:00 GMT+0700 (Indochina Time),1,storefront,1
dat2-event-0962,mock-reco-v1,20260902,dat2,PRODUCT_VIEW,product-069,cat-beauty,shop-10,Wed Jun 24 2026 00:11:00 GMT+0700 (Indochina Time),1,storefront,1
dat2-event-0963,mock-reco-v1,20260902,dat2,PRODUCT_VIEW,product-086,cat-mother-baby,shop-01,Thu Jun 25 2026 03:10:00 GMT+0700 (Indochina Time),1,storefront,1
dat2-event-0964,mock-reco-v1,20260902,dat2,PRODUCT_VIEW,product-009,cat-electronics,shop-05,Fri Jun 26 2026 06:09:00 GMT+0700 (Indochina Time),1,storefront,1
dat2-event-0965,mock-reco-v1,20260902,dat2,PRODUCT_VIEW,product-046,cat-fashion-women,shop-01,Fri Jun 26 2026 09:16:00 GMT+0700 (Indochina Time),1,storefront,1
dat2-event-0966,mock-reco-v1,20260902,dat2,PRODUCT_VIEW,product-037,cat-kitchen,shop-04,Sat Jun 27 2026 12:15:00 GMT+0700 (Indochina Time),1,storefront,1
dat2-event-0967,mock-reco-v1,20260902,dat2,PRODUCT_VIEW,product-087,cat-mother-baby,shop-06,Sun Jun 28 2026 15:14:00 GMT+0700 (Indochina Time),1,storefront,1
dat2-event-0968,mock-reco-v1,20260902,dat2,PRODUCT_VIEW,product-012,cat-computers,shop-08,Mon Jun 29 2026 18:13:00 GMT+0700 (Indochina Time),1,storefront,1
dat2-event-0969,mock-reco-v1,20260902,dat2,PRODUCT_VIEW,product-047,cat-fashion-women,shop-06,Tue Jun 30 2026 21:20:00 GMT+0700 (Indochina Time),1,storefront,1
dat2-event-0970,mock-reco-v1,20260902,dat2,PRODUCT_VIEW,product-071,cat-sports,shop-08,Thu Jul 02 2026 00:19:00 GMT+0700 (Indochina Time),1,storefront,1
dat2-event-0971,mock-reco-v1,20260902,dat2,PRODUCT_VIEW,product-004,cat-electronics,shop-04,Thu Jul 02 2026 07:47:00 GMT+0700 (Indochina Time),1,storefront,1
dat2-event-0972,mock-reco-v1,20260902,dat2,PRODUCT_VIEW,product-014,cat-computers,shop-07,Sat Jul 04 2026 04:48:00 GMT+0700 (Indochina Time),1,storefront,1
dat2-event-0973,mock-reco-v1,20260902,dat2,PRODUCT_VIEW,product-048,cat-fashion-women,shop-11,Sat Jul 04 2026 13:45:00 GMT+0700 (Indochina Time),1,storefront,1
dat2-event-0974,mock-reco-v1,20260902,dat2,PRODUCT_VIEW,product-072,cat-sports,shop-01,Sun Jul 05 2026 10:46:00 GMT+0700 (Indochina Time),1,storefront,1
dat2-event-0975,mock-reco-v1,20260902,dat2,PRODUCT_VIEW,product-089,cat-mother-baby,shop-04,Mon Jul 06 2026 19:51:00 GMT+0700 (Indochina Time),1,storefront,1
dat2-event-0976,mock-reco-v1,20260902,dat2,PRODUCT_VIEW,product-095,cat-books,shop-10,Tue Jul 07 2026 16:52:00 GMT+0700 (Indochina Time),1,storefront,1
dat2-event-0977,mock-reco-v1,20260902,dat2,PRODUCT_VIEW,product-049,cat-fashion-women,shop-05,Thu Jul 09 2026 01:49:00 GMT+0700 (Indochina Time),1,storefront,1
dat2-event-0978,mock-reco-v1,20260902,dat2,PRODUCT_VIEW,product-073,cat-sports,shop-07,Thu Jul 09 2026 22:50:00 GMT+0700 (Indochina Time),1,storefront,1
dat2-event-0979,mock-reco-v1,20260902,dat2,PRODUCT_VIEW,product-090,cat-mother-baby,shop-09,Fri Jul 10 2026 07:39:00 GMT+0700 (Indochina Time),1,storefront,1
dat2-event-0980,mock-reco-v1,20260902,dat2,PRODUCT_VIEW,product-019,cat-computers,shop-08,Sun Jul 12 2026 04:40:00 GMT+0700 (Indochina Time),1,storefront,1
dat2-event-0981,mock-reco-v1,20260902,dat2,PRODUCT_VIEW,product-022,cat-home,shop-11,Sun Jul 12 2026 16:42:00 GMT+0700 (Indochina Time),1,storefront,1
dat2-event-0982,mock-reco-v1,20260902,dat2,PRODUCT_VIEW,product-074,cat-sports,shop-12,Mon Jul 13 2026 19:41:00 GMT+0700 (Indochina Time),1,storefront,1
dat2-event-0983,mock-reco-v1,20260902,dat2,PRODUCT_VIEW,product-092,cat-books,shop-07,Tue Jul 14 2026 10:44:00 GMT+0700 (Indochina Time),1,storefront,1
dat2-event-0984,mock-reco-v1,20260902,dat2,PRODUCT_VIEW,product-024,cat-home,shop-09,Wed Jul 15 2026 13:43:00 GMT+0700 (Indochina Time),1,storefront,1
dat2-event-0985,mock-reco-v1,20260902,dat2,PRODUCT_VIEW,product-052,cat-fashion-men,shop-08,Fri Jul 17 2026 04:38:00 GMT+0700 (Indochina Time),1,storefront,1
dat2-event-0986,mock-reco-v1,20260902,dat2,PRODUCT_VIEW,product-110,cat-pets,shop-03,Fri Jul 17 2026 07:37:00 GMT+0700 (Indochina Time),1,storefront,1
dat2-event-0987,mock-reco-v1,20260902,dat2,PRODUCT_VIEW,product-094,cat-books,shop-05,Sat Jul 18 2026 22:40:00 GMT+0700 (Indochina Time),1,storefront,1
dat2-event-0988,mock-reco-v1,20260902,dat2,PRODUCT_VIEW,product-026,cat-home,shop-08,Mon Jul 20 2026 01:39:00 GMT+0700 (Indochina Time),1,storefront,1
dat2-event-0989,mock-reco-v1,20260902,dat2,PRODUCT_VIEW,product-057,cat-fashion-men,shop-09,Mon Jul 20 2026 16:34:00 GMT+0700 (Indochina Time),1,storefront,1
dat2-event-0990,mock-reco-v1,20260902,dat2,PRODUCT_VIEW,product-076,cat-sports,shop-10,Tue Jul 21 2026 19:33:00 GMT+0700 (Indochina Time),1,storefront,1
dat2-event-0991,mock-reco-v1,20260902,dat2,PRODUCT_VIEW,product-039,cat-kitchen,shop-02,Thu Jul 23 2026 02:45:00 GMT+0700 (Indochina Time),1,storefront,1
dat2-event-0992,mock-reco-v1,20260902,dat2,PRODUCT_VIEW,product-031,cat-kitchen,shop-09,Thu Jul 23 2026 23:46:00 GMT+0700 (Indochina Time),1,storefront,1
dat2-event-0993,mock-reco-v1,20260902,dat2,PRODUCT_VIEW,product-059,cat-fashion-men,shop-07,Fri Jul 24 2026 20:47:00 GMT+0700 (Indochina Time),1,storefront,1
dat2-event-0994,mock-reco-v1,20260902,dat2,PRODUCT_VIEW,product-077,cat-sports,shop-03,Sat Jul 25 2026 17:48:00 GMT+0700 (Indochina Time),1,storefront,1
dat2-event-0995,mock-reco-v1,20260902,dat2,PRODUCT_VIEW,product-099,cat-books,shop-07,Sun Jul 26 2026 14:41:00 GMT+0700 (Indochina Time),1,storefront,1
dat2-event-0996,mock-reco-v1,20260902,dat2,PRODUCT_VIEW,product-006,cat-electronics,shop-02,Mon Jul 27 2026 11:42:00 GMT+0700 (Indochina Time),1,storefront,1
dat2-event-0997,mock-reco-v1,20260902,dat2,PRODUCT_VIEW,product-061,cat-beauty,shop-06,Tue Jul 28 2026 08:43:00 GMT+0700 (Indochina Time),1,storefront,1
dat2-event-0998,mock-reco-v1,20260902,dat2,PRODUCT_VIEW,product-078,cat-sports,shop-08,Thu Jul 30 2026 05:44:00 GMT+0700 (Indochina Time),1,storefront,1
dat2-event-0999,mock-reco-v1,20260902,dat2,PRODUCT_VIEW,product-101,cat-pets,shop-05,Fri Jul 31 2026 02:53:00 GMT+0700 (Indochina Time),1,storefront,1
dat2-event-1000,mock-reco-v1,20260902,dat2,PRODUCT_VIEW,product-035,cat-kitchen,shop-05,Fri Jul 31 2026 23:54:00 GMT+0700 (Indochina Time),1,storefront,1
dat2-event-1001,mock-reco-v1,20260902,dat2,PRODUCT_VIEW,product-096,cat-books,shop-03,Sun Aug 02 2026 05:16:00 GMT+0700 (Indochina Time),1,storefront,1
dat2-event-1002,mock-reco-v1,20260902,dat2,PRODUCT_VIEW,product-079,cat-sports,shop-01,Sun Aug 02 2026 08:15:00 GMT+0700 (Indochina Time),1,storefront,1
dat2-event-1003,mock-reco-v1,20260902,dat2,PRODUCT_VIEW,product-104,cat-pets,shop-08,Mon Aug 03 2026 11:14:00 GMT+0700 (Indochina Time),1,storefront,1
dat2-event-1004,mock-reco-v1,20260902,dat2,PRODUCT_VIEW,product-038,cat-kitchen,shop-09,Tue Aug 04 2026 14:13:00 GMT+0700 (Indochina Time),1,storefront,1
dat2-event-1005,mock-reco-v1,20260902,dat2,PRODUCT_VIEW,product-063,cat-beauty,shop-04,Wed Aug 05 2026 17:12:00 GMT+0700 (Indochina Time),1,storefront,1
dat2-event-1006,mock-reco-v1,20260902,dat2,PRODUCT_VIEW,product-023,cat-home,shop-04,Thu Aug 06 2026 20:11:00 GMT+0700 (Indochina Time),1,storefront,1
dat2-event-1007,mock-reco-v1,20260902,dat2,PRODUCT_VIEW,product-111,cat-grocery,shop-08,Fri Aug 07 2026 23:10:00 GMT+0700 (Indochina Time),1,storefront,1
dat2-event-1008,mock-reco-v1,20260902,dat2,PRODUCT_VIEW,product-040,cat-kitchen,shop-07,Sun Aug 09 2026 02:09:00 GMT+0700 (Indochina Time),1,storefront,1
dat2-event-1009,mock-reco-v1,20260902,dat2,PRODUCT_VIEW,product-064,cat-beauty,shop-09,Mon Aug 10 2026 05:24:00 GMT+0700 (Indochina Time),1,storefront,1
dat2-event-1010,mock-reco-v1,20260902,dat2,PRODUCT_VIEW,product-081,cat-mother-baby,shop-11,Mon Aug 10 2026 08:23:00 GMT+0700 (Indochina Time),1,storefront,1
dat2-event-1011,mock-reco-v1,20260902,dat2,PRODUCT_VIEW,product-112,cat-grocery,shop-01,Tue Aug 11 2026 09:12:00 GMT+0700 (Indochina Time),1,storefront,1
dat2-event-1012,mock-reco-v1,20260902,dat2,PRODUCT_VIEW,product-041,cat-fashion-women,shop-12,Wed Aug 12 2026 12:11:00 GMT+0700 (Indochina Time),1,storefront,1
dat2-event-1013,mock-reco-v1,20260902,dat2,PRODUCT_VIEW,product-065,cat-beauty,shop-02,Thu Aug 13 2026 15:10:00 GMT+0700 (Indochina Time),1,storefront,1
dat2-event-1014,mock-reco-v1,20260902,dat2,PRODUCT_VIEW,product-082,cat-mother-baby,shop-04,Fri Aug 14 2026 18:09:00 GMT+0700 (Indochina Time),1,storefront,1
dat2-event-1015,mock-reco-v1,20260902,dat2,PRODUCT_VIEW,product-118,cat-grocery,shop-07,Sat Aug 15 2026 21:16:00 GMT+0700 (Indochina Time),1,storefront,1
dat2-event-1016,mock-reco-v1,20260902,dat2,PRODUCT_VIEW,product-051,cat-fashion-men,shop-03,Mon Aug 17 2026 00:15:00 GMT+0700 (Indochina Time),1,storefront,1
dat2-event-1017,mock-reco-v1,20260902,dat2,PRODUCT_VIEW,product-066,cat-beauty,shop-07,Tue Aug 18 2026 03:14:00 GMT+0700 (Indochina Time),1,storefront,1
dat2-event-1018,mock-reco-v1,20260902,dat2,PRODUCT_VIEW,product-083,cat-mother-baby,shop-09,Wed Aug 19 2026 06:13:00 GMT+0700 (Indochina Time),1,storefront,1
dat2-event-1019,mock-reco-v1,20260902,dat2,PRODUCT_VIEW,product-120,cat-grocery,shop-05,Wed Aug 19 2026 09:20:00 GMT+0700 (Indochina Time),1,storefront,1
dat2-event-1020,mock-reco-v1,20260902,dat2,PRODUCT_VIEW,product-043,cat-fashion-women,shop-10,Thu Aug 20 2026 12:19:00 GMT+0700 (Indochina Time),1,storefront,1
dat2-event-1021,mock-reco-v1,20260902,dat2,PRODUCT_VIEW,product-008,cat-electronics,shop-12,Sat Aug 22 2026 06:41:00 GMT+0700 (Indochina Time),1,storefront,1
dat2-event-1022,mock-reco-v1,20260902,dat2,PRODUCT_VIEW,product-084,cat-mother-baby,shop-02,Sun Aug 23 2026 03:42:00 GMT+0700 (Indochina Time),1,storefront,1
dat2-event-1023,mock-reco-v1,20260902,dat2,PRODUCT_VIEW,product-005,cat-electronics,shop-09,Mon Aug 24 2026 00:43:00 GMT+0700 (Indochina Time),1,storefront,1
dat2-event-1024,mock-reco-v1,20260902,dat2,PRODUCT_VIEW,product-044,cat-fashion-women,shop-03,Mon Aug 24 2026 21:44:00 GMT+0700 (Indochina Time),1,storefront,1
dat2-event-1025,mock-reco-v1,20260902,dat2,PRODUCT_VIEW,product-068,cat-beauty,shop-05,Tue Aug 25 2026 18:45:00 GMT+0700 (Indochina Time),1,storefront,1
dat2-event-1026,mock-reco-v1,20260902,dat2,PRODUCT_VIEW,product-098,cat-books,shop-02,Wed Aug 26 2026 15:46:00 GMT+0700 (Indochina Time),1,storefront,1
dat2-event-1027,mock-reco-v1,20260902,dat2,PRODUCT_VIEW,product-007,cat-electronics,shop-07,Thu Aug 27 2026 12:47:00 GMT+0700 (Indochina Time),1,storefront,1
dat2-event-1028,mock-reco-v1,20260902,dat2,PRODUCT_VIEW,product-045,cat-fashion-women,shop-08,Fri Aug 28 2026 09:48:00 GMT+0700 (Indochina Time),1,storefront,1
dat2-event-1029,mock-reco-v1,20260902,dat2,PRODUCT_VIEW,product-069,cat-beauty,shop-10,Sun Aug 30 2026 06:49:00 GMT+0700 (Indochina Time),1,storefront,1
dat2-event-1030,mock-reco-v1,20260902,dat2,PRODUCT_VIEW,product-086,cat-mother-baby,shop-01,Tue Jun 02 2026 03:50:00 GMT+0700 (Indochina Time),1,storefront,1
dat2-event-1031,mock-reco-v1,20260902,dat2,FAVORITE,product-025,cat-home,shop-03,Tue Jun 02 2026 09:25:00 GMT+0700 (Indochina Time),3,storefront,1
dat2-event-1032,mock-reco-v1,20260902,dat2,FAVORITE,product-046,cat-fashion-women,shop-01,Thu Jun 04 2026 06:26:00 GMT+0700 (Indochina Time),3,storefront,1
dat2-event-1033,mock-reco-v1,20260902,dat2,FAVORITE,product-070,cat-beauty,shop-03,Fri Jun 05 2026 03:27:00 GMT+0700 (Indochina Time),3,storefront,1
dat2-event-1034,mock-reco-v1,20260902,dat2,FAVORITE,product-087,cat-mother-baby,shop-06,Sat Jun 06 2026 00:28:00 GMT+0700 (Indochina Time),3,storefront,1
dat2-event-1035,mock-reco-v1,20260902,dat2,FAVORITE,product-012,cat-computers,shop-08,Sat Jun 06 2026 21:21:00 GMT+0700 (Indochina Time),3,storefront,1
dat2-event-1036,mock-reco-v1,20260902,dat2,FAVORITE,product-113,cat-grocery,shop-06,Sun Jun 07 2026 18:22:00 GMT+0700 (Indochina Time),3,storefront,1
dat2-event-1037,mock-reco-v1,20260902,dat2,FAVORITE,product-071,cat-sports,shop-08,Mon Jun 08 2026 15:23:00 GMT+0700 (Indochina Time),3,storefront,1
dat2-event-1038,mock-reco-v1,20260902,dat2,FAVORITE,product-088,cat-mother-baby,shop-11,Tue Jun 09 2026 12:24:00 GMT+0700 (Indochina Time),3,storefront,1
dat2-event-1039,mock-reco-v1,20260902,dat2,FAVORITE,product-014,cat-computers,shop-07,Wed Jun 10 2026 09:33:00 GMT+0700 (Indochina Time),3,storefront,1
dat2-event-1040,mock-reco-v1,20260902,dat2,FAVORITE,product-048,cat-fashion-women,shop-11,Fri Jun 12 2026 06:34:00 GMT+0700 (Indochina Time),3,storefront,1
dat2-event-1041,mock-reco-v1,20260902,dat2,FAVORITE,product-053,cat-fashion-men,shop-01,Fri Jun 12 2026 16:14:00 GMT+0700 (Indochina Time),3,storefront,1
dat2-event-1042,mock-reco-v1,20260902,dat2,FAVORITE,product-089,cat-mother-baby,shop-04,Sat Jun 13 2026 19:13:00 GMT+0700 (Indochina Time),3,storefront,1
dat2-event-1043,mock-reco-v1,20260902,dat2,FAVORITE,product-016,cat-computers,shop-05,Sun Jun 14 2026 10:16:00 GMT+0700 (Indochina Time),3,storefront,1
dat2-event-1044,mock-reco-v1,20260902,dat2,FAVORITE,product-049,cat-fashion-women,shop-05,Mon Jun 15 2026 13:15:00 GMT+0700 (Indochina Time),3,storefront,1
dat2-event-1045,mock-reco-v1,20260902,dat2,FAVORITE,product-073,cat-sports,shop-07,Wed Jun 17 2026 04:18:00 GMT+0700 (Indochina Time),3,storefront,1
dat2-event-1046,mock-reco-v1,20260902,dat2,FAVORITE,product-010,cat-electronics,shop-10,Wed Jun 17 2026 07:17:00 GMT+0700 (Indochina Time),3,storefront,1
dat2-event-1047,mock-reco-v1,20260902,dat2,FAVORITE,product-019,cat-computers,shop-08,Thu Jun 18 2026 22:20:00 GMT+0700 (Indochina Time),3,storefront,1
dat2-event-1048,mock-reco-v1,20260902,dat2,FAVORITE,product-050,cat-fashion-women,shop-10,Sat Jun 20 2026 01:19:00 GMT+0700 (Indochina Time),3,storefront,1
dat2-event-1049,mock-reco-v1,20260902,dat2,FAVORITE,product-074,cat-sports,shop-12,Sat Jun 20 2026 16:22:00 GMT+0700 (Indochina Time),3,storefront,1
dat2-event-1050,mock-reco-v1,20260902,dat2,FAVORITE,product-092,cat-books,shop-07,Sun Jun 21 2026 19:21:00 GMT+0700 (Indochina Time),3,storefront,1
dat2-event-1051,mock-reco-v1,20260902,dat2,FAVORITE,product-100,cat-books,shop-12,Mon Jun 22 2026 18:45:00 GMT+0700 (Indochina Time),3,storefront,1
dat2-event-1052,mock-reco-v1,20260902,dat2,FAVORITE,product-052,cat-fashion-men,shop-08,Tue Jun 23 2026 15:46:00 GMT+0700 (Indochina Time),3,storefront,1
dat2-event-1053,mock-reco-v1,20260902,dat2,FAVORITE,product-075,cat-sports,shop-05,Wed Jun 24 2026 12:47:00 GMT+0700 (Indochina Time),3,storefront,1
dat2-event-1054,mock-reco-v1,20260902,dat2,FAVORITE,product-094,cat-books,shop-05,Thu Jun 25 2026 09:48:00 GMT+0700 (Indochina Time),3,storefront,1
dat2-event-1055,mock-reco-v1,20260902,dat2,FAVORITE,product-026,cat-home,shop-08,Sat Jun 27 2026 06:41:00 GMT+0700 (Indochina Time),3,storefront,1
dat2-event-1056,mock-reco-v1,20260902,dat2,FAVORITE,product-027,cat-home,shop-01,Sun Jun 28 2026 03:42:00 GMT+0700 (Indochina Time),3,storefront,1
dat2-event-1057,mock-reco-v1,20260902,dat2,FAVORITE,product-076,cat-sports,shop-10,Mon Jun 29 2026 00:43:00 GMT+0700 (Indochina Time),3,storefront,1
dat2-event-1058,mock-reco-v1,20260902,dat2,FAVORITE,product-097,cat-books,shop-09,Mon Jun 29 2026 21:44:00 GMT+0700 (Indochina Time),3,storefront,1
dat2-event-1059,mock-reco-v1,20260902,dat2,FAVORITE,product-031,cat-kitchen,shop-09,Tue Jun 30 2026 18:53:00 GMT+0700 (Indochina Time),3,storefront,1
dat2-event-1060,mock-reco-v1,20260902,dat2,FAVORITE,product-059,cat-fashion-men,shop-07,Wed Jul 01 2026 15:54:00 GMT+0700 (Indochina Time),3,storefront,1
dat2-event-1061,mock-reco-v1,20260902,dat2,FAVORITE,product-114,cat-grocery,shop-11,Thu Jul 02 2026 21:16:00 GMT+0700 (Indochina Time),3,storefront,1
dat2-event-1062,mock-reco-v1,20260902,dat2,FAVORITE,product-099,cat-books,shop-07,Sat Jul 04 2026 00:15:00 GMT+0700 (Indochina Time),3,storefront,1
dat2-event-1063,mock-reco-v1,20260902,dat2,FAVORITE,product-033,cat-kitchen,shop-07,Sun Jul 05 2026 03:14:00 GMT+0700 (Indochina Time),3,storefront,1
dat2-event-1064,mock-reco-v1,20260902,dat2,FAVORITE,product-061,cat-beauty,shop-06,Mon Jul 06 2026 06:13:00 GMT+0700 (Indochina Time),3,storefront,1
dat2-event-1065,mock-reco-v1,20260902,dat2,FAVORITE,product-078,cat-sports,shop-08,Mon Jul 06 2026 09:12:00 GMT+0700 (Indochina Time),3,storefront,1
dat2-event-1066,mock-reco-v1,20260902,dat2,FAVORITE,product-054,cat-fashion-men,shop-06,Tue Jul 07 2026 12:11:00 GMT+0700 (Indochina Time),3,storefront,1
dat2-event-1067,mock-reco-v1,20260902,dat2,FAVORITE,product-035,cat-kitchen,shop-05,Wed Jul 08 2026 15:10:00 GMT+0700 (Indochina Time),3,storefront,1
dat2-event-1068,mock-reco-v1,20260902,dat2,FAVORITE,product-062,cat-beauty,shop-11,Thu Jul 09 2026 18:09:00 GMT+0700 (Indochina Time),3,storefront,1
dat2-event-1069,mock-reco-v1,20260902,dat2,FAVORITE,product-079,cat-sports,shop-01,Fri Jul 10 2026 21:24:00 GMT+0700 (Indochina Time),3,storefront,1
dat2-event-1070,mock-reco-v1,20260902,dat2,FAVORITE,product-104,cat-pets,shop-08,Sun Jul 12 2026 00:23:00 GMT+0700 (Indochina Time),3,storefront,1
dat2-event-1071,mock-reco-v1,20260902,dat2,FAVORITE,product-011,cat-computers,shop-03,Sun Jul 12 2026 19:39:00 GMT+0700 (Indochina Time),3,storefront,1
dat2-event-1072,mock-reco-v1,20260902,dat2,FAVORITE,product-063,cat-beauty,shop-04,Mon Jul 13 2026 16:40:00 GMT+0700 (Indochina Time),3,storefront,1
dat2-event-1073,mock-reco-v1,20260902,dat2,FAVORITE,product-080,cat-sports,shop-06,Wed Jul 15 2026 01:37:00 GMT+0700 (Indochina Time),3,storefront,1
dat2-event-1074,mock-reco-v1,20260902,dat2,FAVORITE,product-111,cat-grocery,shop-08,Wed Jul 15 2026 22:38:00 GMT+0700 (Indochina Time),3,storefront,1
dat2-event-1075,mock-reco-v1,20260902,dat2,FAVORITE,product-040,cat-kitchen,shop-07,Thu Jul 16 2026 07:43:00 GMT+0700 (Indochina Time),3,storefront,1
dat2-event-1076,mock-reco-v1,20260902,dat2,FAVORITE,product-102,cat-pets,shop-10,Sat Jul 18 2026 04:44:00 GMT+0700 (Indochina Time),3,storefront,1
dat2-event-1077,mock-reco-v1,20260902,dat2,FAVORITE,product-081,cat-mother-baby,shop-11,Sat Jul 18 2026 13:41:00 GMT+0700 (Indochina Time),3,storefront,1
dat2-event-1078,mock-reco-v1,20260902,dat2,FAVORITE,product-116,cat-grocery,shop-09,Sun Jul 19 2026 10:42:00 GMT+0700 (Indochina Time),3,storefront,1
dat2-event-1079,mock-reco-v1,20260902,dat2,FAVORITE,product-041,cat-fashion-women,shop-12,Mon Jul 20 2026 19:47:00 GMT+0700 (Indochina Time),3,storefront,1
dat2-event-1080,mock-reco-v1,20260902,dat2,FAVORITE,product-065,cat-beauty,shop-02,Tue Jul 21 2026 16:48:00 GMT+0700 (Indochina Time),3,storefront,1
dat2-event-1081,mock-reco-v1,20260902,dat2,FAVORITE,product-028,cat-home,shop-06,Wed Jul 22 2026 22:10:00 GMT+0700 (Indochina Time),3,storefront,1
dat2-event-1082,mock-reco-v1,20260902,dat2,FAVORITE,product-118,cat-grocery,shop-07,Fri Jul 24 2026 01:09:00 GMT+0700 (Indochina Time),3,storefront,1
dat2-event-1083,mock-reco-v1,20260902,dat2,FAVORITE,product-042,cat-fashion-women,shop-05,Fri Jul 24 2026 16:12:00 GMT+0700 (Indochina Time),3,storefront,1
dat2-event-1084,mock-reco-v1,20260902,dat2,FAVORITE,product-066,cat-beauty,shop-07,Sat Jul 25 2026 19:11:00 GMT+0700 (Indochina Time),3,storefront,1
dat2-event-1085,mock-reco-v1,20260902,dat2,FAVORITE,product-083,cat-mother-baby,shop-09,Sun Jul 26 2026 10:06:00 GMT+0700 (Indochina Time),3,storefront,1
dat2-event-1086,mock-reco-v1,20260902,dat2,FAVORITE,product-115,cat-grocery,shop-04,Mon Jul 27 2026 13:05:00 GMT+0700 (Indochina Time),3,storefront,1
dat2-event-1087,mock-reco-v1,20260902,dat2,FAVORITE,product-043,cat-fashion-women,shop-10,Wed Jul 29 2026 04:08:00 GMT+0700 (Indochina Time),3,storefront,1
dat2-event-1088,mock-reco-v1,20260902,dat2,FAVORITE,product-067,cat-beauty,shop-12,Wed Jul 29 2026 07:07:00 GMT+0700 (Indochina Time),3,storefront,1
dat2-event-1089,mock-reco-v1,20260902,dat2,FAVORITE,product-084,cat-mother-baby,shop-02,Thu Jul 30 2026 22:18:00 GMT+0700 (Indochina Time),3,storefront,1
dat2-event-1090,mock-reco-v1,20260902,dat2,FAVORITE,product-005,cat-electronics,shop-09,Sat Aug 01 2026 01:17:00 GMT+0700 (Indochina Time),3,storefront,1
dat2-event-1091,mock-reco-v1,20260902,dat2,FAVORITE,product-055,cat-fashion-men,shop-11,Sun Aug 02 2026 02:49:00 GMT+0700 (Indochina Time),3,storefront,1
dat2-event-1092,mock-reco-v1,20260902,dat2,FAVORITE,product-068,cat-beauty,shop-05,Sun Aug 02 2026 23:50:00 GMT+0700 (Indochina Time),3,storefront,1
dat2-event-1093,mock-reco-v1,20260902,dat2,FAVORITE,product-085,cat-mother-baby,shop-08,Mon Aug 03 2026 20:51:00 GMT+0700 (Indochina Time),3,storefront,1
dat2-event-1094,mock-reco-v1,20260902,dat2,FAVORITE,product-007,cat-electronics,shop-07,Tue Aug 04 2026 17:52:00 GMT+0700 (Indochina Time),3,storefront,1
dat2-event-1095,mock-reco-v1,20260902,dat2,FAVORITE,product-045,cat-fashion-women,shop-08,Wed Aug 05 2026 14:53:00 GMT+0700 (Indochina Time),3,storefront,1
dat2-event-1096,mock-reco-v1,20260902,dat2,FAVORITE,product-013,cat-computers,shop-02,Thu Aug 06 2026 11:54:00 GMT+0700 (Indochina Time),3,storefront,1
dat2-event-1097,mock-reco-v1,20260902,dat2,FAVORITE,product-086,cat-mother-baby,shop-01,Fri Aug 07 2026 08:55:00 GMT+0700 (Indochina Time),3,storefront,1
dat2-event-1098,mock-reco-v1,20260902,dat2,FAVORITE,product-009,cat-electronics,shop-05,Sun Aug 09 2026 05:56:00 GMT+0700 (Indochina Time),3,storefront,1
dat2-event-1099,mock-reco-v1,20260902,dat2,FAVORITE,product-046,cat-fashion-women,shop-01,Mon Aug 10 2026 02:41:00 GMT+0700 (Indochina Time),3,storefront,1
dat2-event-1100,mock-reco-v1,20260902,dat2,FAVORITE,product-070,cat-beauty,shop-03,Mon Aug 10 2026 23:42:00 GMT+0700 (Indochina Time),3,storefront,1
dat2-event-1101,mock-reco-v1,20260902,dat2,FAVORITE,product-103,cat-pets,shop-03,Wed Aug 12 2026 05:20:00 GMT+0700 (Indochina Time),3,storefront,1
dat2-event-1102,mock-reco-v1,20260902,dat2,FAVORITE,product-012,cat-computers,shop-08,Wed Aug 12 2026 08:19:00 GMT+0700 (Indochina Time),3,storefront,1
dat2-event-1103,mock-reco-v1,20260902,dat2,FAVORITE,product-047,cat-fashion-women,shop-06,Thu Aug 13 2026 11:18:00 GMT+0700 (Indochina Time),3,storefront,1
dat2-event-1104,mock-reco-v1,20260902,dat2,FAVORITE,product-071,cat-sports,shop-08,Fri Aug 14 2026 14:17:00 GMT+0700 (Indochina Time),3,storefront,1
dat2-event-1105,mock-reco-v1,20260902,dat2,FAVORITE,product-088,cat-mother-baby,shop-11,Sat Aug 15 2026 17:24:00 GMT+0700 (Indochina Time),3,storefront,1
dat2-event-1106,mock-reco-v1,20260902,dat2,FAVORITE,product-029,cat-home,shop-11,Sun Aug 16 2026 20:23:00 GMT+0700 (Indochina Time),3,storefront,1
dat2-event-1107,mock-reco-v1,20260902,dat2,FAVORITE,product-048,cat-fashion-women,shop-11,Mon Aug 17 2026 23:22:00 GMT+0700 (Indochina Time),3,storefront,1
dat2-event-1108,mock-reco-v1,20260902,dat2,FAVORITE,product-072,cat-sports,shop-01,Wed Aug 19 2026 02:21:00 GMT+0700 (Indochina Time),3,storefront,1
dat2-event-1109,mock-reco-v1,20260902,dat2,FAVORITE,product-089,cat-mother-baby,shop-04,Thu Aug 20 2026 05:12:00 GMT+0700 (Indochina Time),3,storefront,1
dat2-event-1110,mock-reco-v1,20260902,dat2,FAVORITE,product-016,cat-computers,shop-05,Thu Aug 20 2026 08:11:00 GMT+0700 (Indochina Time),3,storefront,1
dat2-event-1111,mock-reco-v1,20260902,dat2,FAVORITE,product-117,cat-grocery,shop-02,Fri Aug 21 2026 17:51:00 GMT+0700 (Indochina Time),3,storefront,1
dat2-event-1112,mock-reco-v1,20260902,dat2,FAVORITE,product-073,cat-sports,shop-07,Sat Aug 22 2026 14:52:00 GMT+0700 (Indochina Time),3,storefront,1
dat2-event-1113,mock-reco-v1,20260902,dat2,FAVORITE,product-090,cat-mother-baby,shop-09,Sun Aug 23 2026 23:49:00 GMT+0700 (Indochina Time),3,storefront,1
dat2-event-1114,mock-reco-v1,20260902,dat2,FAVORITE,product-019,cat-computers,shop-08,Mon Aug 24 2026 20:50:00 GMT+0700 (Indochina Time),3,storefront,1
dat2-event-1115,mock-reco-v1,20260902,dat2,FAVORITE,product-050,cat-fashion-women,shop-10,Wed Aug 26 2026 05:47:00 GMT+0700 (Indochina Time),3,storefront,1
dat2-event-1116,mock-reco-v1,20260902,dat2,FAVORITE,product-056,cat-fashion-men,shop-04,Thu Aug 27 2026 02:48:00 GMT+0700 (Indochina Time),3,storefront,1
dat2-event-1117,mock-reco-v1,20260902,dat2,FAVORITE,product-092,cat-books,shop-07,Thu Aug 27 2026 11:45:00 GMT+0700 (Indochina Time),3,storefront,1
dat2-event-1118,mock-reco-v1,20260902,dat2,FAVORITE,product-024,cat-home,shop-09,Fri Aug 28 2026 08:46:00 GMT+0700 (Indochina Time),3,storefront,1
dat2-event-1119,mock-reco-v1,20260902,dat2,FAVORITE,product-052,cat-fashion-men,shop-08,Sat Aug 29 2026 17:59:00 GMT+0700 (Indochina Time),3,storefront,1
dat2-event-1120,mock-reco-v1,20260902,dat2,FAVORITE,product-075,cat-sports,shop-05,Mon Jun 01 2026 15:00:00 GMT+0700 (Indochina Time),3,storefront,1
dat2-event-1121,mock-reco-v1,20260902,dat2,ORDER_COMPLETED,product-015,cat-computers,shop-12,Tue Jun 02 2026 14:21:00 GMT+0700 (Indochina Time),5,order-history,1
dat2-event-1122,mock-reco-v1,20260902,dat2,ORDER_COMPLETED,product-026,cat-home,shop-08,Wed Jun 03 2026 11:22:00 GMT+0700 (Indochina Time),5,order-history,1
dat2-event-1123,mock-reco-v1,20260902,dat2,ORDER_COMPLETED,product-057,cat-fashion-men,shop-09,Thu Jun 04 2026 08:23:00 GMT+0700 (Indochina Time),5,order-history,1
dat2-event-1124,mock-reco-v1,20260902,dat2,ORDER_COMPLETED,product-076,cat-sports,shop-10,Sat Jun 06 2026 05:24:00 GMT+0700 (Indochina Time),5,order-history,1
dat2-event-1125,mock-reco-v1,20260902,dat2,ORDER_COMPLETED,product-097,cat-books,shop-09,Sun Jun 07 2026 02:17:00 GMT+0700 (Indochina Time),5,order-history,1
dat2-event-1126,mock-reco-v1,20260902,dat2,ORDER_COMPLETED,product-105,cat-pets,shop-01,Sun Jun 07 2026 23:18:00 GMT+0700 (Indochina Time),5,order-history,1
dat2-event-1127,mock-reco-v1,20260902,dat2,ORDER_COMPLETED,product-059,cat-fashion-men,shop-07,Mon Jun 08 2026 20:19:00 GMT+0700 (Indochina Time),5,order-history,1
dat2-event-1128,mock-reco-v1,20260902,dat2,ORDER_COMPLETED,product-077,cat-sports,shop-03,Tue Jun 09 2026 17:20:00 GMT+0700 (Indochina Time),5,order-history,1
dat2-event-1129,mock-reco-v1,20260902,dat2,ORDER_COMPLETED,product-099,cat-books,shop-07,Wed Jun 10 2026 09:57:00 GMT+0700 (Indochina Time),5,order-history,1
dat2-event-1130,mock-reco-v1,20260902,dat2,ORDER_COMPLETED,product-033,cat-kitchen,shop-07,Fri Jun 12 2026 06:58:00 GMT+0700 (Indochina Time),5,order-history,1
dat2-event-1131,mock-reco-v1,20260902,dat2,ORDER_COMPLETED,product-030,cat-home,shop-04,Sat Jun 13 2026 04:22:00 GMT+0700 (Indochina Time),5,order-history,1
dat2-event-1132,mock-reco-v1,20260902,dat2,ORDER_COMPLETED,product-078,cat-sports,shop-08,Sat Jun 13 2026 07:21:00 GMT+0700 (Indochina Time),5,order-history,1
dat2-event-1133,mock-reco-v1,20260902,dat2,ORDER_COMPLETED,product-101,cat-pets,shop-05,Sun Jun 14 2026 22:24:00 GMT+0700 (Indochina Time),5,order-history,1
dat2-event-1134,mock-reco-v1,20260902,dat2,ORDER_COMPLETED,product-035,cat-kitchen,shop-05,Tue Jun 16 2026 01:23:00 GMT+0700 (Indochina Time),5,order-history,1
dat2-event-1135,mock-reco-v1,20260902,dat2,ORDER_COMPLETED,product-062,cat-beauty,shop-11,Tue Jun 16 2026 16:26:00 GMT+0700 (Indochina Time),5,order-history,1
dat2-event-1136,mock-reco-v1,20260902,dat2,ORDER_COMPLETED,product-119,cat-grocery,shop-12,Wed Jun 17 2026 19:25:00 GMT+0700 (Indochina Time),5,order-history,1
dat2-event-1137,mock-reco-v1,20260902,dat2,ORDER_COMPLETED,product-104,cat-pets,shop-08,Thu Jun 18 2026 10:28:00 GMT+0700 (Indochina Time),5,order-history,1
dat2-event-1138,mock-reco-v1,20260902,dat2,ORDER_COMPLETED,product-038,cat-kitchen,shop-09,Fri Jun 19 2026 13:27:00 GMT+0700 (Indochina Time),5,order-history,1
dat2-event-1139,mock-reco-v1,20260902,dat2,ORDER_COMPLETED,product-063,cat-beauty,shop-04,Sun Jun 21 2026 04:14:00 GMT+0700 (Indochina Time),5,order-history,1
dat2-event-1140,mock-reco-v1,20260902,dat2,ORDER_COMPLETED,product-080,cat-sports,shop-06,Sun Jun 21 2026 07:13:00 GMT+0700 (Indochina Time),5,order-history,1
dat2-event-1141,mock-reco-v1,20260902,dat2,ORDER_COMPLETED,product-058,cat-fashion-men,shop-02,Mon Jun 22 2026 09:01:00 GMT+0700 (Indochina Time),5,order-history,1
dat2-event-1142,mock-reco-v1,20260902,dat2,ORDER_COMPLETED,product-040,cat-kitchen,shop-07,Wed Jun 24 2026 06:02:00 GMT+0700 (Indochina Time),5,order-history,1
dat2-event-1143,mock-reco-v1,20260902,dat2,ORDER_COMPLETED,product-064,cat-beauty,shop-09,Thu Jun 25 2026 03:03:00 GMT+0700 (Indochina Time),5,order-history,1
dat2-event-1144,mock-reco-v1,20260902,dat2,ORDER_COMPLETED,product-081,cat-mother-baby,shop-11,Fri Jun 26 2026 00:04:00 GMT+0700 (Indochina Time),5,order-history,1
dat2-event-1145,mock-reco-v1,20260902,dat2,ORDER_COMPLETED,product-116,cat-grocery,shop-09,Fri Jun 26 2026 20:57:00 GMT+0700 (Indochina Time),5,order-history,1
dat2-event-1146,mock-reco-v1,20260902,dat2,ORDER_COMPLETED,product-017,cat-computers,shop-10,Sat Jun 27 2026 17:58:00 GMT+0700 (Indochina Time),5,order-history,1
dat2-event-1147,mock-reco-v1,20260902,dat2,ORDER_COMPLETED,product-065,cat-beauty,shop-02,Sun Jun 28 2026 14:59:00 GMT+0700 (Indochina Time),5,order-history,1
dat2-event-1148,mock-reco-v1,20260902,dat2,ORDER_COMPLETED,product-082,cat-mother-baby,shop-04,Mon Jun 29 2026 12:00:00 GMT+0700 (Indochina Time),5,order-history,1
dat2-event-1149,mock-reco-v1,20260902,dat2,ORDER_COMPLETED,product-118,cat-grocery,shop-07,Tue Jun 30 2026 08:53:00 GMT+0700 (Indochina Time),5,order-history,1
dat2-event-1150,mock-reco-v1,20260902,dat2,ORDER_COMPLETED,product-042,cat-fashion-women,shop-05,Thu Jul 02 2026 05:54:00 GMT+0700 (Indochina Time),5,order-history,1
dat2-event-1151,mock-reco-v1,20260902,dat2,ORDER_COMPLETED,product-106,cat-pets,shop-06,Thu Jul 02 2026 11:32:00 GMT+0700 (Indochina Time),5,order-history,1
dat2-event-1152,mock-reco-v1,20260902,dat2,ORDER_COMPLETED,product-083,cat-mother-baby,shop-09,Fri Jul 03 2026 14:31:00 GMT+0700 (Indochina Time),5,order-history,1
dat2-event-1153,mock-reco-v1,20260902,dat2,ORDER_COMPLETED,product-120,cat-grocery,shop-05,Sat Jul 04 2026 17:30:00 GMT+0700 (Indochina Time),5,order-history,1
dat2-event-1154,mock-reco-v1,20260902,dat2,ORDER_COMPLETED,product-043,cat-fashion-women,shop-10,Sun Jul 05 2026 20:29:00 GMT+0700 (Indochina Time),5,order-history,1
dat2-event-1155,mock-reco-v1,20260902,dat2,ORDER_COMPLETED,product-067,cat-beauty,shop-12,Mon Jul 06 2026 23:28:00 GMT+0700 (Indochina Time),5,order-history,1
dat2-event-1156,mock-reco-v1,20260902,dat2,ORDER_COMPLETED,product-032,cat-kitchen,shop-02,Wed Jul 08 2026 02:27:00 GMT+0700 (Indochina Time),5,order-history,1
dat2-event-1157,mock-reco-v1,20260902,dat2,ORDER_COMPLETED,product-005,cat-electronics,shop-09,Thu Jul 09 2026 05:26:00 GMT+0700 (Indochina Time),5,order-history,1
dat2-event-1158,mock-reco-v1,20260902,dat2,ORDER_COMPLETED,product-044,cat-fashion-women,shop-03,Thu Jul 09 2026 08:25:00 GMT+0700 (Indochina Time),5,order-history,1
dat2-event-1159,mock-reco-v1,20260902,dat2,ORDER_COMPLETED,product-068,cat-beauty,shop-05,Fri Jul 10 2026 11:24:00 GMT+0700 (Indochina Time),5,order-history,1
dat2-event-1160,mock-reco-v1,20260902,dat2,ORDER_COMPLETED,product-085,cat-mother-baby,shop-08,Sat Jul 11 2026 14:23:00 GMT+0700 (Indochina Time),5,order-history,1
dat2-event-1161,mock-reco-v1,20260902,dat2,ORDER_COMPLETED,product-001,cat-electronics,shop-01,Sun Jul 12 2026 09:55:00 GMT+0700 (Indochina Time),5,order-history,1
dat2-event-1162,mock-reco-v1,20260902,dat2,ORDER_COMPLETED,product-045,cat-fashion-women,shop-08,Tue Jul 14 2026 06:56:00 GMT+0700 (Indochina Time),5,order-history,1
dat2-event-1163,mock-reco-v1,20260902,dat2,ORDER_COMPLETED,product-069,cat-beauty,shop-10,Tue Jul 14 2026 15:53:00 GMT+0700 (Indochina Time),5,order-history,1
dat2-event-1164,mock-reco-v1,20260902,dat2,ORDER_COMPLETED,product-086,cat-mother-baby,shop-01,Wed Jul 15 2026 12:54:00 GMT+0700 (Indochina Time),5,order-history,1
dat2-event-1165,mock-reco-v1,20260902,dat2,ORDER_COMPLETED,product-009,cat-electronics,shop-05,Thu Jul 16 2026 21:59:00 GMT+0700 (Indochina Time),5,order-history,1
dat2-event-1166,mock-reco-v1,20260902,dat2,SHOP_FOLLOW,,,shop-09,Fri Jul 17 2026 18:19:00 GMT+0700 (Indochina Time),3,shop-following,1
dat2-event-1167,mock-reco-v1,20260902,dat2,SHOP_FOLLOW,,,shop-05,Sat Jul 18 2026 15:20:00 GMT+0700 (Indochina Time),3,shop-following,1
dat2-event-1168,mock-reco-v1,20260902,dat2,SHOP_FOLLOW,,,shop-07,Mon Jul 20 2026 00:17:00 GMT+0700 (Indochina Time),3,shop-following,1
dat2-event-1169,mock-reco-v1,20260902,dat2,SHOP_FOLLOW,,,shop-08,Mon Jul 20 2026 21:18:00 GMT+0700 (Indochina Time),3,shop-following,1
dat2-event-1170,mock-reco-v1,20260902,dat2,SHOP_FOLLOW,,,shop-09,Wed Jul 22 2026 06:23:00 GMT+0700 (Indochina Time),3,shop-following,1
dat2-event-1171,mock-reco-v1,20260902,dat2,SHOP_FOLLOW,,,shop-05,Thu Jul 23 2026 03:24:00 GMT+0700 (Indochina Time),3,shop-following,1
dat2-event-1172,mock-reco-v1,20260902,dat2,SHOP_FOLLOW,,,shop-07,Thu Jul 23 2026 12:21:00 GMT+0700 (Indochina Time),3,shop-following,1
dat2-event-1173,mock-reco-v1,20260902,dat2,SHOP_FOLLOW,,,shop-08,Fri Jul 24 2026 09:22:00 GMT+0700 (Indochina Time),3,shop-following,1
dat2-event-1174,mock-reco-v1,20260902,dat2,SHOP_FOLLOW,,,shop-09,Sat Jul 25 2026 18:27:00 GMT+0700 (Indochina Time),3,shop-following,1
dat2-event-1175,mock-reco-v1,20260902,dat2,SHOP_FOLLOW,,,shop-05,Sun Jul 26 2026 15:28:00 GMT+0700 (Indochina Time),3,shop-following,1
dat2-event-1176,mock-reco-v1,20260902,dat2,SHOP_FOLLOW,,,shop-07,Tue Jul 28 2026 01:20:00 GMT+0700 (Indochina Time),3,shop-following,1
dat2-event-1177,mock-reco-v1,20260902,dat2,SHOP_FOLLOW,,,shop-08,Wed Jul 29 2026 04:19:00 GMT+0700 (Indochina Time),3,shop-following,1
dat2-event-1178,mock-reco-v1,20260902,dat2,SHOP_FOLLOW,,,shop-09,Wed Jul 29 2026 07:18:00 GMT+0700 (Indochina Time),3,shop-following,1
dat2-event-1179,mock-reco-v1,20260902,dat2,SHOP_FOLLOW,,,shop-05,Thu Jul 30 2026 10:17:00 GMT+0700 (Indochina Time),3,shop-following,1
dat2-event-1180,mock-reco-v1,20260902,dat2,SHOP_FOLLOW,,,shop-07,Fri Jul 31 2026 13:24:00 GMT+0700 (Indochina Time),3,shop-following,1
dat2-event-1181,mock-reco-v1,20260902,dat2,SHOP_FOLLOW,,,shop-08,Sat Aug 01 2026 16:23:00 GMT+0700 (Indochina Time),3,shop-following,1
dat2-event-1182,mock-reco-v1,20260902,dat2,SHOP_FOLLOW,,,shop-09,Sun Aug 02 2026 19:22:00 GMT+0700 (Indochina Time),3,shop-following,1
dat2-event-1183,mock-reco-v1,20260902,dat2,SHOP_FOLLOW,,,shop-05,Mon Aug 03 2026 22:21:00 GMT+0700 (Indochina Time),3,shop-following,1
dat2-event-1184,mock-reco-v1,20260902,dat2,SHOP_FOLLOW,,,shop-07,Wed Aug 05 2026 01:12:00 GMT+0700 (Indochina Time),3,shop-following,1
dat2-event-1185,mock-reco-v1,20260902,dat2,SHOP_FOLLOW,,,shop-08,Thu Aug 06 2026 04:11:00 GMT+0700 (Indochina Time),3,shop-following,1
dat2-event-1186,mock-reco-v1,20260902,dat2,SHOP_FOLLOW,,,shop-09,Thu Aug 06 2026 15:39:00 GMT+0700 (Indochina Time),3,shop-following,1
dat2-event-1187,mock-reco-v1,20260902,dat2,SHOP_FOLLOW,,,shop-05,Fri Aug 07 2026 12:40:00 GMT+0700 (Indochina Time),3,shop-following,1
dat2-event-1188,mock-reco-v1,20260902,dat2,SHOP_FOLLOW,,,shop-07,Sat Aug 08 2026 21:37:00 GMT+0700 (Indochina Time),3,shop-following,1
dat2-event-1189,mock-reco-v1,20260902,dat2,SHOP_FOLLOW,,,shop-08,Sun Aug 09 2026 18:38:00 GMT+0700 (Indochina Time),3,shop-following,1
dat2-event-1190,mock-reco-v1,20260902,dat2,SHOP_FOLLOW,,,shop-09,Tue Aug 11 2026 03:43:00 GMT+0700 (Indochina Time),3,shop-following,1
dat2-event-1191,mock-reco-v1,20260902,dat2,SHOP_FOLLOW,,,shop-05,Wed Aug 12 2026 00:44:00 GMT+0700 (Indochina Time),3,shop-following,1
dat2-event-1192,mock-reco-v1,20260902,dat2,SHOP_FOLLOW,,,shop-07,Wed Aug 12 2026 09:41:00 GMT+0700 (Indochina Time),3,shop-following,1
dat2-event-1193,mock-reco-v1,20260902,dat2,SHOP_FOLLOW,,,shop-08,Fri Aug 14 2026 06:42:00 GMT+0700 (Indochina Time),3,shop-following,1
dat2-event-1194,mock-reco-v1,20260902,dat2,SHOP_FOLLOW,,,shop-09,Fri Aug 14 2026 15:47:00 GMT+0700 (Indochina Time),3,shop-following,1
dat2-event-1195,mock-reco-v1,20260902,dat2,SHOP_FOLLOW,,,shop-05,Sat Aug 15 2026 12:48:00 GMT+0700 (Indochina Time),3,shop-following,1
dat2-event-1196,mock-reco-v1,20260902,dat2,SHOP_FOLLOW,,,shop-07,Sun Aug 16 2026 18:10:00 GMT+0700 (Indochina Time),3,shop-following,1
dat2-event-1197,mock-reco-v1,20260902,dat2,SHOP_FOLLOW,,,shop-08,Mon Aug 17 2026 21:09:00 GMT+0700 (Indochina Time),3,shop-following,1
dat2-event-1198,mock-reco-v1,20260902,dat2,SHOP_FOLLOW,,,shop-09,Tue Aug 18 2026 12:12:00 GMT+0700 (Indochina Time),3,shop-following,1
dat2-event-1199,mock-reco-v1,20260902,dat2,SHOP_FOLLOW,,,shop-05,Wed Aug 19 2026 15:11:00 GMT+0700 (Indochina Time),3,shop-following,1
dat2-event-1200,mock-reco-v1,20260902,dat2,SHOP_FOLLOW,,,shop-07,Fri Aug 21 2026 06:06:00 GMT+0700 (Indochina Time),3,shop-following,1
dat2-event-1201,mock-reco-v1,20260902,dat2,SHOP_FOLLOW,,,shop-08,Fri Aug 21 2026 09:05:00 GMT+0700 (Indochina Time),3,shop-following,1
dat2-event-1202,mock-reco-v1,20260902,dat2,SHOP_FOLLOW,,,shop-09,Sun Aug 23 2026 00:08:00 GMT+0700 (Indochina Time),3,shop-following,1
dat2-event-1203,mock-reco-v1,20260902,dat2,SHOP_FOLLOW,,,shop-05,Mon Aug 24 2026 03:07:00 GMT+0700 (Indochina Time),3,shop-following,1
dat2-event-1204,mock-reco-v1,20260902,dat2,SHOP_FOLLOW,,,shop-07,Mon Aug 24 2026 18:18:00 GMT+0700 (Indochina Time),3,shop-following,1
dat2-event-1205,mock-reco-v1,20260902,dat2,SHOP_FOLLOW,,,shop-08,Tue Aug 25 2026 21:17:00 GMT+0700 (Indochina Time),3,shop-following,1
dat2-event-1206,mock-reco-v1,20260902,dat2,SHOP_FOLLOW,,,shop-09,Wed Aug 26 2026 14:45:00 GMT+0700 (Indochina Time),3,shop-following,1
dat2-event-1207,mock-reco-v1,20260902,dat2,SHOP_FOLLOW,,,shop-05,Thu Aug 27 2026 11:46:00 GMT+0700 (Indochina Time),3,shop-following,1
dat2-event-1208,mock-reco-v1,20260902,dat2,SHOP_FOLLOW,,,shop-07,Fri Aug 28 2026 08:47:00 GMT+0700 (Indochina Time),3,shop-following,1
dat2-event-1209,mock-reco-v1,20260902,dat2,SHOP_FOLLOW,,,shop-08,Sun Aug 30 2026 05:48:00 GMT+0700 (Indochina Time),3,shop-following,1
dat2-event-1210,mock-reco-v1,20260902,dat2,SHOP_FOLLOW,,,shop-09,Tue Jun 02 2026 02:41:00 GMT+0700 (Indochina Time),3,shop-following,1
dat2-event-1211,mock-reco-v1,20260902,dat2,ORDER_CANCELLED,product-003,cat-electronics,shop-11,Wed Jun 03 2026 03:35:00 GMT+0700 (Indochina Time),0,storefront,0
dat2-event-1212,mock-reco-v1,20260902,dat2,ORDER_CANCELLED,product-116,cat-grocery,shop-09,Thu Jun 04 2026 00:36:00 GMT+0700 (Indochina Time),0,storefront,0
dat2-event-1213,mock-reco-v1,20260902,dat2,ORDER_CANCELLED,product-041,cat-fashion-women,shop-12,Thu Jun 04 2026 09:33:00 GMT+0700 (Indochina Time),0,storefront,0
dat2-event-1214,mock-reco-v1,20260902,dat2,ORDER_CANCELLED,product-065,cat-beauty,shop-02,Sat Jun 06 2026 06:34:00 GMT+0700 (Indochina Time),0,storefront,0
dat2-event-1215,mock-reco-v1,20260902,dat2,ORDER_CANCELLED,product-082,cat-mother-baby,shop-04,Sat Jun 06 2026 15:31:00 GMT+0700 (Indochina Time),0,storefront,0
dat2-event-1216,mock-reco-v1,20260902,dat2,ORDER_CANCELLED,product-093,cat-books,shop-12,Sun Jun 07 2026 12:32:00 GMT+0700 (Indochina Time),0,storefront,0
dat2-event-1217,mock-reco-v1,20260902,dat2,ORDER_CANCELLED,product-042,cat-fashion-women,shop-05,Mon Jun 08 2026 21:29:00 GMT+0700 (Indochina Time),0,storefront,0
dat2-event-1218,mock-reco-v1,20260902,dat2,ORDER_CANCELLED,product-066,cat-beauty,shop-07,Tue Jun 09 2026 18:30:00 GMT+0700 (Indochina Time),0,storefront,0
dat2-event-1219,mock-reco-v1,20260902,dat2,ORDER_CANCELLED,product-083,cat-mother-baby,shop-09,Thu Jun 11 2026 03:27:00 GMT+0700 (Indochina Time),0,storefront,0
dat2-event-1220,mock-reco-v1,20260902,dat2,ORDER_CANCELLED,product-120,cat-grocery,shop-05,Fri Jun 12 2026 00:28:00 GMT+0700 (Indochina Time),0,storefront,0
